id,сфера,утверждение,тип,сложность_из_100,пояснение_после_ответа
801,Авиация,Перед каждой посадкой пассажирские авиалайнеры сливают в воздухе остатки топлива.,фейк,52,"Слив топлива — редкая аварийная процедура, когда самолёту нужно сесть вскоре после взлёта. Многие узкофюзеляжные лайнеры вообще не имеют системы слива."
802,Мозг и восприятие,"Вестибулярный аппарат, отвечающий за чувство равновесия, расположен в мозжечке, в задней части мозга.",фейк,72,"Вестибулярный аппарат расположен во внутреннем ухе рядом с улиткой. Мозжечок лишь обрабатывает его сигналы, помогая координировать движения."
803,Кибербезопасность,"Использовать один пароль для всех сайтов безопасно, если он достаточно сложный.",фейк,28,"При утечке с одного сайта злоумышленники проверяют пароль на других сервисах. Для каждого сайта нужен свой пароль, удобнее всего — через менеджер паролей."
804,Спорт и игры,Первые футбольные мячи часто делали из надутых свиных мочевых пузырей.,факт,86,"Пузырь обтягивали кожей для прочности, но форма мяча была неровной. Резиновые камеры появились в середине XIX века."
805,Материалы,"Нейлон, одно из первых синтетических волокон, впервые массово применили для женских чулок.",факт,62,"Нейлоновые чулки поступили в продажу в США в 1940 году, и за несколько дней их раскупили миллионами пар. Во время войны нейлон пошёл на парашюты."
806,Искусственный интеллект,"Идея машины, которая учится, как ребёнок, встречается уже в статье Алана Тьюринга 1950 года.",факт,82,"В той же статье, где описан знаменитый тест, Тьюринг предложил вместо программирования взрослого разума создать «машину-ребёнка» и обучать её."
807,Вулканы,"Эльбрус — действующий вулкан, который последний раз извергался в прошлом веке.",фейк,62,Эльбрус — спящий вулкан: последнее извержение произошло около двух тысяч лет назад. Сейчас на его склонах лишь выходят горячие газы и источники.
808,Материалы,"Фарфор впервые изобрели европейские мастера в XVIII веке, а затем секрет узнали в Китае.",фейк,50,"Фарфор появился в Китае больше тысячи лет назад. В Европе секрет удалось воспроизвести лишь в 1708–1709 годах в Саксонии, где затем открылась Мейсенская мануфактура."
809,Повседневная жизнь,"Микроволновая печь уничтожает витамины в еде сильнее, чем варка или жарка.",фейк,64,"Больше всего витаминов теряется при долгом нагреве и варке в большом количестве воды. Микроволновка готовит быстро и почти без воды, поэтому сохраняет их не хуже, а часто и лучше."
810,Экология,"Лошадь Пржевальского полностью исчезла в дикой природе, и её вернули туда из зоопарков.",факт,74,"Последних диких лошадей видели в Монголии в конце 1960-х годов. В 1990-х их потомков из зоопарков начали выпускать в Монголии, а позже и в других странах."
811,Океанология,"Самое мощное океанское течение Земли — Антарктическое циркумполярное, опоясывающее Антарктиду.",факт,74,"Ничто не мешает ему обходить весь земной шар, и оно переносит в сотню с лишним раз больше воды, чем все реки мира. Оно отделяет Антарктиду от тёплых вод и сохраняет её холод."
812,Музыка,Песню «Катюша» написали во время Великой Отечественной войны для солдат на фронте.,фейк,58,Песню Матвея Блантера на стихи Михаила Исаковского впервые исполнили в 1938 году. Популярной на фронте она стала позже.
813,Экология,Электромобиль за всю свою жизнь не приводит ни к каким выбросам углекислого газа.,фейк,60,"Выбросы возникают при добыче сырья, производстве аккумулятора и выработке электричества. По большинству оценок, за весь срок службы они всё же ниже, чем у машины с двигателем внутреннего сгорания."
814,Средневековье,"Датский король Кнут Великий одновременно правил Англией, Данией и Норвегией.",факт,84,В начале XI века Кнут создал «Северную империю» вокруг Северного моря. После его смерти в 1035 году держава быстро распалась.
815,Астрономия,"Звёзды одного созвездия находятся рядом друг с другом в космосе, как соседи по улице.",фейк,62,Созвездие — лишь рисунок на небе. Звёзды одного созвездия могут быть удалены от Земли на совершенно разные расстояния и не иметь друг к другу никакого отношения.
816,Геология,Песок на морских пляжах состоит в основном из измельчённых ракушек.,фейк,46,"На большинстве пляжей песок — это зёрна кварца и других минералов, вымытые из горных пород. Ракушечный и коралловый песок характерен в основном для тропических побережий."
817,Кибербезопасность,"Письма, в которых просят срочно перейти по ссылке и ввести пароль, часто оказываются фишингом.",факт,16,"Мошенники давят на срочность и страх, чтобы человек не успел задуматься. Надёжнее самостоятельно открыть сайт или приложение сервиса."
818,Морская жизнь,Рыбы не спят вовсе и сохраняют одинаковую активность круглые сутки.,фейк,50,"Рыбы отдыхают: снижают активность, хуже реагируют на раздражители, а некоторые даже укладываются на дно. У рыб нет век, поэтому спят они с открытыми глазами."
819,Кино,"Каннский кинофестиваль — старейший кинофестиваль в мире, он проводится с 1920-х годов.",фейк,60,"Старейший — Венецианский кинофестиваль, впервые прошедший в 1932 году. Первый полноценный фестиваль в Каннах состоялся лишь в 1946 году."
820,Растения,Поливать растения на солнце опасно: капли на листьях работают как линзы и вызывают ожоги.,фейк,70,"Опыты показали, что капли на гладких листьях не сжигают их: фокус оказывается за пределами листа, а вода быстро испаряется. Опасность возможна лишь для листьев с волосками, удерживающими капли."
821,Мозг и восприятие,"При сильном насморке еда кажется пресной, потому что вкус во многом создаёт запах.",факт,22,"Язык различает лишь несколько основных вкусов, а тонкие оттенки аромата улавливает нос. Зажав нос, трудно отличить по вкусу разные соки."
822,География,"Самая большая по площади страна мира — Россия, а вторая — Канада.",факт,22,"Площадь России — около 17 миллионов квадратных километров, почти вдвое больше канадской. Россия занимает около восьмой части суши."
823,Вулканы,"Раскалённая лава светится, потому что в ней много радиоактивных веществ.",фейк,44,"Лава светится, как любое сильно нагретое тело: при температуре около 1000 °C вещество излучает видимый свет. Раскалённый металл в кузнице светится так же."
824,Птицы,"Рис, который бросают на свадьбах, опасен для птиц: он разбухает у них в желудке.",фейк,66,"Птицы едят сухие зёрна постоянно, а рис разбухает медленно и лишь при варке. Опасения не подтвердились."
825,Транспорт,Первая в мире железная дорога общего пользования открылась в России.,фейк,30,"Первой общественной железной дорогой на паровой тяге считают линию Стоктон — Дарлингтон в Англии, открытую в 1825 году. В России первая дорога — Царскосельская — заработала в 1837 году."
826,Кибербезопасность,"Британские спецслужбы изобрели шифрование с открытым ключом раньше, чем его опубликовали американские учёные.",факт,86,"Сотрудники британского центра правительственной связи придумали метод в начале 1970-х, но работу засекретили до 1997 года. Открыто схему в 1976–1977 годах опубликовали Диффи, Хеллман и авторы RSA."
827,Архитектура,Московские сталинские высотки — «семь сестёр» — построили в 1970-х годах.,фейк,44,"Высотки возвели в 1947–1957 годах, а заложили их все в один день — в 1947 году, к 800-летию Москвы."
828,Музыка,"Песня Happy Birthday to You долгие годы была защищена авторским правом, и за её публичное исполнение платили.",факт,64,"Права на песню до 2015 года считались принадлежащими крупному музыкальному издательству. Суд признал их недействительными, и песня стала общественным достоянием."
829,Кино,Мультфильм «Бременские музыканты» 1969 года точно следует сюжету сказки братьев Гримм.,фейк,50,"От сказки остались лишь музыканты-животные и разбойники. Трубадур, Принцесса, Король и песни — придумка авторов мультфильма."
830,Древний мир,"Историю о Троянском коне подтвердили раскопки, обнаружившие остатки деревянного коня.",фейк,60,"Никаких следов деревянного коня не найдено. Сюжет известен из поэтов, а историки считают его мифом или образом осадной машины."
831,Искусство,Монументальную скульптуру Веры Мухиной «Рабочий и колхозница» целиком отлили из бронзы.,фейк,64,Скульптуру собрали из листов нержавеющей стали на стальном каркасе — это было новаторское решение. Её создала Вера Мухина для Всемирной выставки 1937 года в Париже.
832,Мозг и восприятие,"Человек с повреждением зрительной коры может правильно указывать на предмет, которого, по его словам, не видит.",факт,86,"Это явление называют слепозрением. Часть зрительной информации обрабатывается в обход повреждённой коры, но не доходит до сознания."
833,Средневековье,"Существование короля Артура подтверждают хроники, написанные в годы его правления.",фейк,62,"Современных Артуру источников нет: первые упоминания появились спустя века. Историки спорят, был ли у легенды реальный прототип."
834,Искусство,Памятник Петру I «Медный всадник» в Петербурге отлит из чистой меди.,фейк,66,"Памятник Петру I отлит из бронзы, а название пошло от поэмы Пушкина. Постамент — огромная гранитная глыба «Гром-камень»."
835,Новое время,"Молодой Пётр I лично работал плотником на верфях Голландии, осваивая кораблестроение.",факт,40,Во время Великого посольства 1697–1698 годов Пётр под именем Петра Михайлова учился строить корабли в Зандаме и Амстердаме. Он освоил ещё и немало других ремёсел.
836,Древний мир,"Женщины в Спарте могли владеть землёй и пользовались большей свободой, чем жительницы Афин.",факт,66,"Спартанские девушки занимались спортом, а женщины управляли хозяйством, пока мужчины служили в армии. В Афинах женщины почти не участвовали в общественной жизни."
837,Космонавтика,"Космонавт Сергей Крикалёв улетел на станцию «Мир» гражданином СССР, а вернулся уже после распада Союза.",факт,76,"Он стартовал в мае 1991 года и провёл на орбите около 10 месяцев, вернувшись в марте 1992-го. Его называют «последним гражданином СССР»."
838,Археология,"Первобытные люди постоянно жили в пещерах, потому что строить жилища не умели.",фейк,44,"Люди каменного века строили шалаши, землянки и даже дома из костей мамонтов. Пещеры использовали как укрытия и святилища, но жили далеко не только в них."
839,Письменность,В азбуке Морзе каждая буква кодируется одинаковым числом точек и тире.,фейк,72,"Частым буквам даны короткие коды: английская E — одна точка, T — одно тире. Редкие буквы кодируются длиннее, что ускоряет передачу."
840,Археология,Руины Кносского дворца на Крите связывают с мифом о Лабиринте и Минотавре.,факт,48,Дворец с запутанной планировкой из сотен помещений раскопал Артур Эванс в начале XX века. Он и назвал эту культуру минойской — по имени царя Миноса.
841,Анатомия,"Если человек перестанет тренироваться, его накачанные мышцы постепенно превратятся в жир.",фейк,36,"Мышечная и жировая ткани — разные ткани, и одна не превращается в другую. Без нагрузки мышцы уменьшаются, а при прежнем питании может прибавиться жир."
842,Мозг и восприятие,Люди с голубыми глазами видят в темноте намного лучше кареглазых.,фейк,52,Цвет радужки не влияет заметно на ночное зрение: в темноте работают палочки сетчатки. Голубоглазые могут лишь сильнее страдать от яркого света.
843,Климат и погода,"Кучевое облако, похожее на комок ваты, весит не больше нескольких килограммов.",фейк,88,"Небольшое кучевое облако объёмом около кубического километра содержит сотни тонн воды в виде капелек. Они не падают, потому что очень малы и их поддерживают восходящие потоки воздуха."
844,Транспорт,Рекорд скорости для паровозов — 202 км/ч — установил британский паровоз «Мэллард» в 1938 году.,факт,84,"Обтекаемый паровоз разогнался на небольшом спуске. Рекорд не побит до сих пор, а сам «Мэллард» хранится в Национальном железнодорожном музее в Йорке."
845,Растения,На растения приходится около 80% всей биомассы живых организмов Земли.,факт,80,"По оценке 2018 года, растения содержат около 450 миллиардов тонн углерода из примерно 550. Животных, включая людей, лишь около 0,4%."
846,Авиация,Первые реактивные самолёты поднялись в воздух уже после окончания Второй мировой войны.,фейк,64,"Немецкий реактивный He 178 полетел в 1939 году, а истребитель Me 262 применялся в бою в 1944 году. Британский «Метеор» тоже успел повоевать."
847,Еда и кулинария,"Гамбургер назван так потому, что изначально его готовили с ветчиной.",фейк,64,"Название происходит от немецкого города Гамбурга, откуда пошла мода на рубленые говяжьи котлеты. Ветчины в классическом гамбургере нет."
848,Компьютеры и программирование,"Процессор компьютера напрямую понимает команды, если они написаны обычными английскими словами.",фейк,36,Процессор выполняет только машинный код — последовательности чисел. Программы на языках высокого уровня переводят в машинный код компиляторы и интерпретаторы.
849,Математика,Знак бесконечности ∞ ввёл английский математик Джон Валлис в XVII веке.,факт,86,"Валлис использовал его в 1655 году. Почему он выбрал именно такую форму, точно неизвестно."
850,История медицины,"Трепанацию черепа делали ещё в каменном веке, и многие пациенты после неё выживали.",факт,62,"На древних черепах находят отверстия с заросшими краями — значит, кость успела зажить. Зачем проводили такие операции, точно неизвестно."
851,Вулканы,"Гейзер выбрасывает воду благодаря углекислому газу, как встряхнутая бутылка газировки.",фейк,72,"Вода в подземном канале гейзера нагревается выше 100 °C, но не кипит под давлением столба воды сверху. Когда часть воды вскипает, давление падает, и вода мгновенно превращается в пар, выбрасывая фонтан."
852,Еда и кулинария,Сахар получают в основном из сахарного тростника и сахарной свёклы.,факт,16,Большую часть мирового сахара дают тростник в тропиках и свёкла в умеренном климате. Химически сахар из них одинаков.
853,Физика,"Радуга состоит из семи отдельных цветных полос, между которыми других цветов нет.",фейк,62,"Спектр радуги непрерывен: цвета плавно переходят друг в друга. Семь цветов выделил Исаак Ньютон, отчасти по аналогии с семью нотами."
854,Климат и погода,В грозу безопаснее всего укрыться под высоким одиноким деревом посреди поля.,фейк,22,"Молния чаще всего бьёт в высокие одиночные предметы, и ток может перейти на человека рядом. Лучше укрыться в здании или машине, а в поле — присесть в низине."
855,Физика,"Самолёт, стоящий на ленте-транспортёре, которая движется ему навстречу, не сможет взлететь.",фейк,86,"Самолёт отталкивается двигателями от воздуха, а колёса свободно крутятся. Лента лишь заставит их вращаться быстрее, и самолёт разгонится относительно воздуха и взлетит."
856,Морская жизнь,Самцы некоторых глубоководных удильщиков прирастают к самке и становятся частью её тела.,факт,84,"Крошечный самец вцепляется в самку, их кровеносные системы срастаются, и он превращается в источник спермы. На одной самке бывает несколько самцов."
857,Спорт и игры,Вид борьбы самбо появился в Советском Союзе в 1920–1930-х годах.,факт,36,"Название — сокращение от «самооборона без оружия». Самбо создавали в 1920–1930-х годах, объединяя приёмы разных национальных видов борьбы и дзюдо."
858,Климат и погода,Ветер дует из области низкого атмосферного давления в область высокого давления.,фейк,60,"Воздух перетекает туда, где давление ниже, — из области высокого давления в область низкого. Вращение Земли отклоняет этот поток, закручивая его вокруг циклонов и антициклонов."
859,Насекомые,"Медоносные пчёлы на зиму впадают в спячку, как медведи, и просыпаются весной.",фейк,60,"Пчёлы зимуют плотным клубом и греют друг друга, дрожа мышцами крыльев. В центре клуба держится около 30 °C."
860,Генетика,"Однояйцевые близнецы нередко различаются по умению сворачивать язык трубочкой, хотя гены у них почти одинаковые.",факт,72,"Этот признак долго приводили в учебниках как пример простого наследования. Исследования близнецов показали, что он зависит не только от генов."
861,Грибы и микробы,Почти всю лимонную кислоту в промышленности получают с помощью плесневого гриба.,факт,70,"Гриб Aspergillus niger выращивают на сахарном сырье, и он выделяет лимонную кислоту. Из лимонов её давно почти не получают."
862,Сон,Некоторым людям благодаря редким вариантам генов хватает около шести часов сна без вреда для здоровья.,факт,82,Такие «естественно короткоспящие» люди встречаются в отдельных семьях. Большинству взрослых для здоровья нужно не меньше семи часов.
863,Древний мир,"Жители Древнего Рима говорили на итальянском языке, почти как современные итальянцы.",фейк,20,"Римляне говорили на латыни. Итальянский язык развился из народной латыни гораздо позже, уже в Средние века."
864,Геология,"Японские острова ежегодно испытывают больше тысячи землетрясений, которые ощущают люди.",факт,50,"Япония стоит на стыке нескольких литосферных плит. Поэтому здания там строят по строгим сейсмическим нормам, а школьники регулярно проходят учения."
865,Вулканы,"Извержения под ледниками Исландии вызывают внезапные мощные наводнения, у которых есть собственное название.",факт,84,"Их называют йокюльхлаупами: тепло вулкана растапливает лёд, и огромная масса воды прорывается из-под ледника. Такие потоки сносят мосты и дороги."
866,Млекопитающие,"Беременность у слонов длится почти два года — дольше, чем у других сухопутных животных.",факт,38,У африканского слона она продолжается около 22 месяцев. Слонёнок рождается весом около ста килограммов и почти сразу встаёт на ноги.
867,Психология,"Внушить человеку ложное воспоминание о событии, которого не было, у психологов не получается.",фейк,66,"В экспериментах Элизабет Лофтус многие участники «вспоминали» выдуманный эпизод из детства, например как потерялись в торговом центре. Память реконструирует события и поддаётся внушению."
868,Физика,"Пуля, выпущенная вертикально вверх, падает обратно с той же скоростью, с какой вылетела из ствола.",фейк,86,"Сопротивление воздуха тормозит пулю, и вниз она падает со скоростью в несколько раз меньше начальной. Тем не менее падающая пуля может ранить, поэтому стрельба в воздух опасна."
869,Анатомия,"Чихнуть с открытыми глазами нельзя, потому что глаза при этом могут вылететь из орбит.",фейк,40,"Веки при чихании закрываются рефлекторно, но некоторые люди умеют держать глаза открытыми. Давление при чихании не способно выдавить глаз."
870,XX век,В 1914 году парижские такси перевозили солдат на фронт для битвы на Марне.,факт,72,"Около 600 такси за ночь доставили несколько тысяч солдат. Военное значение перевозки было невелико, но она стала символом единства Франции."
871,Искусство,Густав Климт в картинах своего «золотого периода» использовал настоящее сусальное золото.,факт,48,"Сын гравёра-ювелира, Климт покрывал фоны и одежды героев листовым золотом. Самая известная картина этого периода — «Поцелуй»."
872,Авиация,"Кислород в выпадающих масках многих авиалайнеров вырабатывают химические генераторы, а не баллоны.",факт,84,"Когда пассажир тянет маску, запускается химическая реакция, дающая кислород примерно на 15 минут. За это время самолёт снижается до безопасной высоты."
873,Сон,"Пожилым людям нужно около десяти часов сна — гораздо больше, чем молодым взрослым.",фейк,48,"Потребность во сне у пожилых примерно такая же — около 7–8 часов, но сон становится более поверхностным и прерывистым."
874,Новое время,Первая всеобщая перепись населения Российской империи прошла лишь в 1897 году.,факт,78,"Она насчитала около 125 миллионов жителей. Лично заполнял свой переписной лист и император Николай II, указав род занятий: «Хозяин земли Русской»."
875,Музыка,Первую запись человеческого голоса сделал Томас Эдисон на фонографе в 1877 году.,фейк,88,"Ещё в 1860 году француз Эдуар-Леон Скотт де Мартенвиль записал голос, поющий «При свете луны», на своём фоноавтографе. Воспроизвести запись удалось лишь в 2008 году."
876,Медицина,"Диабет первого типа возникает у детей, которые ели слишком много сладкого.",фейк,52,"Диабет первого типа — аутоиммунная болезнь: иммунитет разрушает клетки поджелудочной железы, вырабатывающие инсулин. Со сладким он не связан."
877,Растения,"Цветок раффлезии, один из самых крупных в мире, пахнет гниющим мясом.",факт,45,"Цветок диаметром до метра приманивает мух-падальщиц, которые его опыляют. У раффлезии нет ни листьев, ни стебля — она паразитирует на лианах."
878,Экономика и деньги,Слово «копейка» связано с изображением всадника с копьём на старинной русской монете.,факт,48,"Монету с копейщиком начали чеканить в XVI веке при Елене Глинской. Сто копеек составляли рубль, и это соотношение сохранилось до наших дней."
879,Психология,Интроверты не любят людей и по возможности стараются избегать общения даже с друзьями.,фейк,34,"Интроверсия означает, что человека больше утомляют шумные компании и он восстанавливается в одиночестве. Интроверты могут быть дружелюбны и прекрасно общаться."
880,Океанология,"В Бермудском треугольнике корабли и самолёты пропадают намного чаще, чем в других оживлённых районах океана.",фейк,64,Страховщики и береговая охрана США не находят там необычно высокой аварийности с учётом интенсивности движения. Легенду раздули книги и газеты 1960–1970-х годов.
881,Искусственный интеллект,"Разработчики программы AlphaFold, предсказывающей форму белков, получили Нобелевскую премию по химии.",факт,62,Премию 2024 года разделили Демис Хассабис и Джон Джампер из Google DeepMind и Дэвид Бейкер. AlphaFold предсказала строение сотен миллионов белков.
882,XX век,"Гражданская война в России закончилась уже в 1918 году, через год после революции.",фейк,40,"В 1918 году война только разгоралась. Основные боевые действия продолжались до 1920 года, а на Дальнем Востоке — до 1922 года."
883,Интернет,Название Google происходит от слова googol — так называют число из единицы со ста нулями.,факт,50,"Основатели компании хотели подчеркнуть огромный объём информации, которую поисковик будет упорядочивать. Написание изменилось, по одной из версий, из-за опечатки."
884,Растения,"По мху на стволах можно надёжно определить север, ведь он растёт лишь с северной стороны.",фейк,46,"Мох растёт там, где влажно и тенисто, — это зависит от рельефа, окружающих деревьев и ветров. В густом лесу он часто покрывает ствол со всех сторон."
885,История медицины,Женщины впервые получили медицинские дипломы и право лечить в XX веке.,фейк,50,"Элизабет Блэкуэлл получила медицинский диплом в США в 1849 году, а Надежда Суслова — первая русская женщина-врач — защитила диссертацию в Цюрихе в 1867 году."
886,Транспорт,"Поезда московского метро ездят на резиновых шинах, как в парижском.",фейк,60,"В московском метро колёса стальные. На резиновых шинах ходят поезда на некоторых линиях Парижа, Монреаля и других городов."
887,Музыка,"В одной немецкой церкви произведение Джона Кейджа исполняют на органе так медленно, что концерт завершится лишь в 2640 году.",факт,86,"Пьеса называется «Как можно медленнее». Исполнение началось в Хальберштадте в 2001 году, и аккорды меняются раз в несколько лет."
888,Повседневная жизнь,"Кухонную фольгу по-английски до сих пор называют tin foil, потому что раньше её делали из олова.",факт,80,"Оловянную фольгу в быту сменила алюминиевая в первой половине XX века, но старое название осталось."
889,Грибы и микробы,"Вирусы — самые маленькие из известных живых клеток, намного меньше бактерий.",фейк,68,"Вирусы вообще не клетки: это генетический материал в белковой оболочке, который размножается только внутри чужих клеток. Поэтому вопрос, живые ли они, до сих пор обсуждают."
890,Компьютеры и программирование,"В 1950-х в МГУ построили ЭВМ «Сетунь», которая работала в троичной системе счисления, а не в двоичной.",факт,86,"Её создал Николай Брусенцов в 1958 году. Машина использовала три состояния: −1, 0 и +1, и было выпущено около пятидесяти экземпляров."
891,Изобретения,"Первые пластмассы появились во второй половине XX века, вместе с нефтехимией.",фейк,42,"Первые пластмассы появились ещё в XIX веке — например, паркезин в 1862 году. Бакелит, первую полностью синтетическую пластмассу, изобрели в 1907 году."
892,Средневековье,"Средневековые европейцы были намного ниже нас, и средний мужчина едва дотягивал до 150 сантиметров.",фейк,64,По скелетам из захоронений средний рост мужчин в Средние века оценивают примерно в 170 сантиметров. Он заметно не отличался от роста людей XIX века.
893,Интернет,Самый первый в истории браузер для просмотра веб-страниц создала компания Microsoft.,фейк,44,"Первый браузер, WorldWideWeb, написал Тим Бернерс-Ли в 1990 году. Популярность вебу принёс браузер Mosaic 1993 года, а Internet Explorer вышел в 1995-м."
894,Млекопитающие,"У жирафа, как и у человека, в шее всего семь позвонков.",факт,50,"Семь шейных позвонков почти у всех млекопитающих, просто у жирафа каждый из них вытянут до 25 сантиметров. Исключения — ленивцы и ламантины."
895,Химия,"Кислород — горючий газ, и в пламени костра горит именно он.",фейк,68,"Горят дрова и газы, выделяющиеся из них, а кислород лишь поддерживает горение как окислитель. Сам по себе он не горит, но делает горение гораздо интенсивнее."
896,Изобретения,"Телескоп изобрёл Галилео Галилей, который первым в мире сделал подзорную трубу.",фейк,64,"Первые подзорные трубы сделали нидерландские очковые мастера в 1608 году. Галилей услышал о них, построил свой, более мощный инструмент и первым направил его на небо для систематических наблюдений."
897,Млекопитающие,"Летучие мыши — единственные млекопитающие, способные к настоящему машущему полёту.",факт,36,"Их крыло — кожистая перепонка, натянутая между сильно удлинёнными пальцами. Белки-летяги и шерстокрылы лишь планируют."
898,Морская жизнь,"Киты и дельфины дышат воздухом и поднимаются к поверхности, чтобы сделать вдох.",факт,14,"Это млекопитающие, и лёгкие у них, как у нас. Дышат они через дыхало на макушке."
899,Физика,"Вспышку молнии мы видим раньше, чем слышим гром, потому что свет распространяется намного быстрее звука.",факт,16,"Звук проходит в воздухе около километра за три секунды. Посчитав секунды между вспышкой и громом, можно примерно оценить расстояние до грозы."
900,Инженерия,В пасмурную погоду солнечные батареи на крыше совсем не вырабатывают электричество.,фейк,44,"Рассеянный свет проникает сквозь облака, и панели продолжают работать, хотя выработка снижается в несколько раз."
901,Грибы и микробы,"Бактериям, как и животным, для жизни и размножения обязательно нужен кислород.",фейк,62,"Многие бактерии живут без кислорода, а для некоторых он даже губителен. Такие анаэробы обитают в кишечнике, болотном иле и глубоко в почве."
902,Авиация,При отказе двигателя вертолёт может безопасно приземлиться в режиме авторотации несущего винта.,факт,60,"Встречный поток воздуха раскручивает несущий винт, как лопасти ветряка, и лётчик управляет снижением. Перед самой землёй энергию вращения используют для мягкой посадки."
903,Сон,Во время ночного сна температура тела понемногу снижается и обычно достигает минимума под утро.,факт,60,Это часть суточного ритма: снижение температуры помогает заснуть. Поэтому в прохладной спальне обычно спится лучше.
904,Искусственный интеллект,"Роботы-манипуляторы на автомобильных конвейерах появились в XXI веке, а раньше всё собирали вручную.",фейк,64,Первый промышленный робот Unimate начал работать на заводе General Motors ещё в 1961 году. Он переставлял раскалённые отливки.
905,Изобретения,"Первые фотоаппараты делали снимки на стеклянные пластинки, а не на плёнку.",факт,40,"Светочувствительный слой наносили на стекло, и пластинки приходилось бережно хранить. Гибкая плёнка на рулоне распространилась лишь в конце XIX века благодаря Джорджу Истмену."
906,Медицина,Бывает аллергия на холод: у таких людей от ледяной воды на коже появляются волдыри.,факт,64,Это холодовая крапивница. В тяжёлых случаях купание в холодной воде может вызвать опасную реакцию всего организма.
907,Генетика,Геном человека впервые прочитали почти целиком в начале 2000-х годов.,факт,42,"Международный проект «Геном человека» представил черновую версию в 2001 году, а основную работу завершил в 2003-м. Последние трудные участки дочитали лишь в 2022 году."
908,Вулканы,Из космоса извержения вулканов не разглядеть — они слишком малы по сравнению с планетой.,фейк,24,Спутники и экипаж МКС регулярно фотографируют извержения: столбы пепла поднимаются на десятки километров и растягиваются на сотни. Их снимки помогают предупреждать самолёты.
909,Анатомия,"Зубная эмаль — самая твёрдая ткань человеческого тела, твёрже любой кости скелета.",факт,38,"Эмаль почти целиком состоит из кристаллов гидроксиапатита. Однако живых клеток в ней нет, и сама она восстановиться не может."
910,Экономика и деньги,Инфляцией экономисты называют устойчивый рост общего уровня цен в стране.,факт,20,При инфляции на одну и ту же сумму денег со временем можно купить меньше товаров. Центральные банки обычно стараются удерживать её на низком уровне.
911,Архитектура,Исаакиевский собор в Петербурге по проекту Монферрана строили около сорока лет.,факт,62,Строительство по проекту Огюста Монферрана шло с 1818 по 1858 год. Огромные гранитные колонны портиков вытесали из цельных глыб.
912,Млекопитающие,У кротов нет глаз: за миллионы лет жизни под землёй они их утратили.,фейк,44,"Глаза у кротов есть, хоть и крошечные, часто скрытые мехом. Они различают свет и темноту."
913,Материалы,"Жёлтый камень в центре нагрудного украшения Тутанхамона — природное стекло, возникшее в пустыне при падении небесного тела.",факт,86,"Это ливийское пустынное стекло, образовавшееся около 29 миллионов лет назад при ударе метеорита или воздушном взрыве. Египетские мастера вырезали из него скарабея."
914,Медицина,"Вместе с пересаженным органом пациенту иногда передаётся аллергия донора, например на арахис.",факт,86,"Описаны случаи, когда после пересадки печени или костного мозга у реципиента появлялась пищевая аллергия донора. Её переносят иммунные клетки, попавшие вместе с органом."
915,Геология,"Материки на протяжении всей истории Земли располагались так же, как сейчас.",фейк,22,Материки медленно движутся вместе с литосферными плитами. Около 300 миллионов лет назад они были собраны в единый суперконтинент Пангею.
916,Еда и кулинария,"Упавшую на пол еду безопасно есть, если поднять её не позже чем через пять секунд.",фейк,44,"Эксперименты показали, что бактерии переходят на еду сразу при касании, а количество зависит от поверхности и продукта. Правила пяти секунд не существует."
917,Авиация,"Большие реактивные пассажирские авиалайнеры заправляют не бензином, а авиационным керосином.",факт,20,"Керосин меньше испаряется и безопаснее бензина, а энергии в нём достаточно для долгих перелётов. Лёгкие поршневые самолёты летают на авиационном бензине."
918,Музыка,"Вольфганга Амадея Моцарта отравил из зависти его соперник, композитор Антонио Сальери.",фейк,64,"Версия пошла от слухов и прославилась благодаря Пушкину. Доказательств нет, а Сальери был уважаемым педагогом, учившим Бетховена и Шуберта."
919,Генетика,"ДНК однояйцевых близнецов совпадает буква в букву, без каких-либо различий.",фейк,72,"Близнецы возникают из одной клетки, но в ходе развития в их клетках накапливаются мутации. Исследования находят у пар близнецов небольшое число различий, возникших на ранних стадиях развития."
920,История медицины,Одни из древнейших известных протезов нашли в Египте — деревянный большой палец ноги на мумии.,факт,62,"Протез из дерева и кожи возрастом около трёх тысяч лет был подогнан и, судя по следам износа, действительно помогал ходить."
921,Языки,По официальному рейтингу ЮНЕСКО русский язык — самый сложный в мире.,фейк,66,"ЮНЕСКО не составляет рейтингов сложности языков. Сложность зависит от родного языка изучающего: носителю польского русский дастся легче, чем носителю японского."
922,Письменность,"Буквы J, U и W появились в латинском алфавите позже остальных, уже после Античности.",факт,72,"Римляне писали I и V и для гласных, и для согласных звуков. U и J отделились от V и I в Средние века и Новое время, а W выросла из удвоенной V."
923,Еда и кулинария,Морская соль заметно полезнее обычной поваренной благодаря содержащимся в ней минералам.,фейк,52,"Морская соль тоже почти целиком состоит из хлорида натрия. Примесей других минералов в ней слишком мало, чтобы заметно повлиять на здоровье."
924,Изобретения,"Шариковую ручку изобрели в США в 1960-х, и сразу после этого она вытеснила перьевые.",фейк,52,"Удобную шариковую ручку запатентовал венгерский журналист Ласло Биро в 1938 году, а позже наладил производство в Аргентине. Массовыми ручки стали в 1950-х."
925,Сон,"Новорождённые младенцы спят в среднем по 14–17 часов в сутки, короткими отрезками.",факт,34,"Сон у младенцев разбит на короткие отрезки по 2–4 часа, и суточный ритм устанавливается лишь через несколько месяцев. Много сна нужно быстро растущему мозгу."
926,Новое время,Пётр I был невысоким человеком и заметно уступал ростом своим придворным.,фейк,28,"Рост Петра I был около двух метров — огромный по меркам своего времени. Современники отмечали, что он возвышался над толпой."
927,Языки,Латышский и литовский языки относятся к славянским и близки к русскому.,фейк,50,"Латышский и литовский относятся к балтийской группе. Со славянскими языками они родственны как ветви индоевропейской семьи, но понять их носителю русского трудно."
928,Литература,Незадолго до смерти Николай Гоголь сжёг рукопись второго тома «Мёртвых душ».,факт,34,"Это случилось в феврале 1852 года, за несколько дней до смерти писателя. Сохранились лишь черновики отдельных глав."
929,Медицина,"Руки советуют мыть с мылом не меньше 20 секунд, тщательно протирая и кончики пальцев.",факт,24,За это время мыло успевает разрушить жировую оболочку многих микробов и смыть загрязнения из складок кожи. Особенно важно мыть кончики пальцев и между пальцами.
930,Архитектура,Здание Большого театра в Москве ни разу не горело за свою историю.,фейк,58,"Театр сильно горел в 1853 году, после чего его восстановил архитектор Альберт Кавос. Горели и более ранние здания театра."
931,Сон,В медленной фазе сна сновидений не бывает вовсе — все сны приходятся на быструю фазу.,фейк,76,"Сны бывают и в медленной фазе, хотя они обычно короче и менее яркие. Быстрая фаза лишь чаще даёт запоминающиеся сюжетные сновидения."
932,Генетика,"Ген — это одна хромосома целиком, и у человека генов столько же, сколько хромосом.",фейк,40,"Хромосома — длинная молекула ДНК, на которой расположены сотни и тысячи генов. Ген — лишь небольшой участок этой молекулы."
933,География,"Чили протянулась с севера на юг более чем на 4000 километров, а в ширину в среднем меньше 200 километров.",факт,46,"Страна зажата между Андами и Тихим океаном. На её территории есть и одна из самых сухих пустынь мира, и ледники Патагонии."
934,Грибы и микробы,"Грибы размножаются семенами, которые созревают у них под шляпкой, как у растений.",фейк,30,У грибов нет семян: они размножаются спорами — микроскопическими клетками. У шляпочных грибов споры образуются в пластинках или трубочках под шляпкой.
935,Мозг и восприятие,Самые быстрые нервные импульсы в теле распространяются со скоростью света.,фейк,64,Даже в самых быстрых нервных волокнах импульс идёт до 100–120 метров в секунду. Это в миллионы раз медленнее света.
936,Грибы и микробы,Кефир и йогурт получают из молока с помощью полезных бактерий.,факт,18,"Молочнокислые бактерии сбраживают молочный сахар, и молоко густеет и кислит. В кефирных зёрнах вместе с бактериями живут и дрожжи."
937,Кино,Фильм «Сталкер» Андрея Тарковского пришлось почти целиком переснимать из-за брака плёнки.,факт,84,"Отснятый в 1977 году материал оказался испорчен при проявке. Фильм сняли заново, и он вышел в 1979 году."
938,Литература,Историю о медвежонке Винни-Пухе и его друзьях придумал Борис Заходер.,фейк,32,"Винни-Пуха придумал англичанин Алан Милн в 1920-х годах. Борис Заходер пересказал книгу по-русски, добавив собственные стихи-шумелки."
939,Архитектура,Главное здание МГУ на Воробьёвых горах почти 40 лет оставалось самым высоким зданием Европы.,факт,84,Высотка высотой около 240 метров со шпилем построена в 1953 году. Рекорд побила лишь в 1990 году башня выставочного центра во Франкфурте.
940,Космонавтика,Марсоход Curiosity в годовщину посадки сыграл сам себе мелодию «С днём рождения» вибрацией прибора.,факт,86,"В 2013 году инженеры заставили вибрировать прибор для анализа грунта так, чтобы он воспроизвёл мелодию. Это было сделано один раз ради символического жеста."
941,Повседневная жизнь,Стоматологи советуют чистить зубы дважды в день примерно по две минуты.,факт,18,За это время можно тщательно очистить все поверхности зубов. Пасту с фтором рекомендуют не смывать сразу большим количеством воды.
942,Литература,Роман Брэма Стокера «Дракула» стал первым литературным произведением о вампирах.,фейк,86,Задолго до «Дракулы» 1897 года вышли рассказ Джона Полидори «Вампир» 1819 года и повесть «Кармилла». Стокер опирался на уже сложившуюся традицию.
943,Экология,"Бобры строят плотины, поднимая уровень воды в ручьях и реках.",факт,16,"Плотина создаёт пруд, в котором бобры строят хатку с входом под водой. Бобровые пруды меняют ландшафт и служат домом многим другим животным."
944,Медицина,При сердечно-лёгочной реанимации взрослому надавливают на центр грудной клетки с частотой 100–120 раз в минуту.,факт,45,"Сжатия должны быть глубиной около 5–6 сантиметров, с полным расправлением грудной клетки между ними. Такой темп поддерживает кровоток к мозгу до приезда скорой."
945,Литература,Роман «Мастер и Маргарита» впервые опубликовали через четверть века после смерти Булгакова.,факт,44,"Булгаков умер в 1940 году, а роман с цензурными сокращениями напечатали в журнале «Москва» в 1966–1967 годах."
946,Геология,"Нефть залегает под землёй в виде огромных подземных озёр, из которых её выкачивают.",фейк,62,"Нефть пропитывает мелкие поры и трещины в песчаниках и известняках, как вода губку. Поэтому для добычи бурят множество скважин и закачивают в пласт воду."
947,Языки,Русское слово «спутник» вошло в английский и другие языки после запуска первого спутника в 1957 году.,факт,38,"До этого для искусственных спутников не было привычного слова, и английские газеты взяли русское. В словарях оно осталось как обозначение советских спутников."
948,Спорт и игры,"Правило офсайда появилось в футболе в 1970-х годах, до этого его не было.",фейк,74,Правило вне игры было уже в первых правилах Футбольной ассоциации 1863 года. С тех пор его несколько раз меняли.
949,Компьютеры и программирование,"Первая версия Windows появилась раньше, чем операционная система MS-DOS от той же компании.",фейк,62,"MS-DOS вышла в 1981 году, а первая версия Windows — в 1985 году. Ранние версии Windows работали поверх MS-DOS."
950,Древний мир,"Некоторыми дорогами, построенными в Древнем Риме, пользуются до сих пор.",факт,38,"Римские дороги строили в несколько слоёв — из камня, щебня и гравия — с отводом воды. Участки Аппиевой дороги, заложенной в 312 году до н. э., открыты для прогулок и поныне."
951,Анатомия,Без шапки человек теряет через голову большую часть тепла всего тела.,фейк,52,"Голова составляет около десятой части поверхности тела и отдаёт тепло примерно пропорционально. Миф пошёл от опыта, где люди мёрзли в тёплых костюмах, но без шапок."
952,Спорт и игры,На Луне однажды играли в гольф: астронавт ударил по мячам самодельной клюшкой.,факт,64,"Алан Шепард в 1971 году во время миссии «Аполлон-14» прикрепил головку клюшки к ручке инструмента и ударил по двум мячам. По современным оценкам, дальний улетел примерно на 35–40 метров."
953,Кибербезопасность,"В шифре Цезаря каждую букву заменяли буквой, стоящей на несколько позиций дальше в алфавите.",факт,36,"По свидетельству Светония, Цезарь сдвигал буквы на три позиции. Такой шифр легко взломать, перебрав все возможные сдвиги."
954,Литература,"Антуан де Сент-Экзюпери, автор «Маленького принца», не имел отношения к авиации.",фейк,38,Сент-Экзюпери был профессиональным пилотом: возил почту через Сахару и над Андами. В 1944 году он не вернулся из разведывательного полёта.
955,Искусственный интеллект,Обучение крупной нейросети стоит почти ничего и занимает несколько минут на обычном ноутбуке.,фейк,40,Обучение крупнейших моделей идёт неделями и месяцами на тысячах специализированных процессоров и стоит десятки и сотни миллионов долларов.
956,Птицы,Попугаи живут лишь в тропиках и в краях со снегом не встречаются.,фейк,72,Новозеландский попугай кеа обитает в горах и нередко играет в снегу. Некоторые попугаи живут и в прохладных районах Южной Америки.
957,Археология,Древний город Петра в Иордании высечен прямо в скалах из розового песчаника.,факт,38,Набатеи вырубали фасады храмов и гробниц в розовом песчанике около двух тысяч лет назад. Город лежал на важных караванных путях.
958,Океанология,"Самые высокие приливы в мире наблюдаются в Средиземном море, у берегов Италии.",фейк,62,"В Средиземном море приливы едва заметны — обычно десятки сантиметров. Рекордные приливы, до 16 метров, — в заливе Фанди в Канаде."
959,Инженерия,"В Германии есть мост-канал, по которому суда переправляются над рекой Эльбой.",факт,70,"Водный мост у Магдебурга длиной почти километр открыли в 2003 году. По нему проходят грузовые суда, соединяя два канала."
960,Птицы,"У большинства птиц нет мочевого пузыря, и жидкость не накапливается в теле.",факт,86,Отходы у птиц выводятся вместе с помётом через клоаку в виде белой пасты — мочевой кислоты. Это экономит воду и облегчает птицу в полёте.
961,Астрономия,"Кометы состоят в основном из льда и пыли, поэтому астрономы называют их «грязными снежками».",факт,36,"Ядро кометы — глыба из замёрзшей воды, углекислого газа и других льдов, перемешанных с пылью. Вблизи Солнца лёд испаряется, образуя кому и хвост."
962,Климат и погода,"В горах теплее, чем внизу, ведь там ближе к Солнцу.",фейк,18,"Воздух греется от земли, а не от солнечных лучей напрямую, и с высотой он расширяется и охлаждается. В среднем на каждый километр подъёма становится холоднее примерно на 6 °C."
963,Насекомые,"Кузнечики и сверчки слышат с помощью ушей, расположенных у них на голове.",фейк,86,"У сверчков и кузнечиков органы слуха на голенях передних ног, а у саранчовых — по бокам брюшка."
964,Древний мир,В древнеримских городах были уличные закусочные с горячей едой — термополии.,факт,64,"В прилавки вмуровывали большие глиняные сосуды для еды. В Помпеях нашли десятки термополиев, один — с сохранившимися фресками и остатками блюд."
965,Литература,"Достоевский продиктовал роман «Игрок» стенографистке всего за 26 дней, чтобы не потерять права на свои книги.",факт,82,По договору с издателем Достоевский должен был сдать новый роман к сроку или отдать права на будущие сочинения. Стенографистка Анна Сниткина вскоре стала его женой.
966,Физика,"Если подуть между двумя свободно висящими листами бумаги, они сблизятся, а не разлетятся.",факт,64,"Быстрый поток воздуха между листами сопровождается пониженным давлением, и окружающий воздух прижимает листы друг к другу."
967,Астрономия,Из всех планет Солнечной системы кольца есть у одного Сатурна.,фейк,62,"Кольца есть у всех планет-гигантов — Юпитера, Сатурна, Урана и Нептуна. Просто у Сатурна они самые яркие и заметные, а остальные тёмные и тонкие."
968,Спорт и игры,"Мяч для гольфа с гладкой поверхностью летит дальше, чем мяч с ямочками.",фейк,64,"Ямочки создают тонкий турбулентный слой воздуха у поверхности, который уменьшает сопротивление. Гладкий мяч пролетит примерно вдвое меньше."
969,Компьютеры и программирование,Одним из первых массово распространившихся языков программирования высокого уровня стал Фортран в 1950-х годах.,факт,64,"Фортран создали в IBM под руководством Джона Бэкуса, и в 1957 году вышел первый компилятор. Язык до сих пор используют в научных расчётах."
970,Математика,Число π вычислено уже более чем со ста триллионами знаков после запятой.,факт,40,"Для практических расчётов хватает нескольких десятков знаков. Рекорды ставят, чтобы проверить компьютеры и алгоритмы."
971,Насекомые,"Яркий синий цвет крыльев многих бабочек создаёт не пигмент, а микроскопическое строение чешуек.",факт,80,"Чешуйки бабочек морфо устроены как многослойные решётки, отражающие именно синий свет. Если залить крыло жидкостью, блеск пропадает."
972,Кино,Микки Маус заговорил человеческими словами уже в первом звуковом мультфильме о нём.,фейк,76,В «Пароходике Вилли» 1928 года Микки лишь свистит и издаёт звуки. Первые слова он произнёс в 1929 году в мультфильме «Карнавальный малыш».
973,Химия,"Углекислый газ легче воздуха, поэтому он поднимается вверх и собирается под потолком.",фейк,50,"Углекислый газ примерно в полтора раза тяжелее воздуха и скапливается в низинах, погребах и ямах. Поэтому в заброшенные колодцы и силосные ямы опасно спускаться."
974,Компьютеры и программирование,"Первые компьютеры Apple собирали в гараже Билла Гейтса, друга основателей компании.",фейк,26,Первые Apple I собирали в доме семьи Стива Джобса в Калифорнии. Билл Гейтс — основатель конкурирующей компании Microsoft.
975,Материалы,Обычное оконное стекло делают в основном из кварцевого песка с добавками соды и известняка.,факт,32,"К песку добавляют соду и известняк, чтобы снизить температуру плавления, и расплавляют смесь при 1500 °C и выше. Затем стекло разливают по расплавленному олову, чтобы получить идеально ровный лист."
976,Млекопитающие,У северных оленей глаза зимой меняют цвет с золотистого на синий.,факт,86,"Отражающий слой в глазу оленя зимой перестраивается, чтобы лучше собирать слабый свет полярной ночи. Летом он отражает свет золотистым, зимой — синим."
977,Инженерия,"Сталь не загорается, даже если поднести пламя к тонкой стальной вате.",фейк,66,"Тонкая стальная вата легко загорается от искры или батарейки и горит, разбрасывая искры. Массивная сталь не горит лишь потому, что быстро отводит тепло."
978,Космонавтика,На Луне побывали всего два человека — Нил Армстронг и Базз Олдрин из экипажа «Аполлона-11».,фейк,30,По поверхности Луны ходили 12 астронавтов из шести экспедиций «Аполлон» с 1969 по 1972 год.
979,Геология,"Мрамор образуется из застывшей вулканической лавы, так же как базальт и пемза.",фейк,60,Мрамор — метаморфическая порода: он образуется из известняка под действием высоких температур и давления в недрах. Из застывшей лавы получаются базальт и другие вулканические породы.
980,Психология,"Большинство водителей в опросах считают, что водят лучше среднего водителя.",факт,62,"В классическом опросе 1981 года так оценили себя около 90% американских студентов. Все не могут быть лучше среднего, так что многие переоценивают свои навыки."
981,Музыка,"Рояль и пианино — это одно и то же, просто рояль — более старинное название.",фейк,30,"У рояля струны и корпус расположены горизонтально, а у пианино — вертикально, поэтому оно компактнее. Звучание и механика у них отличаются."
982,Химия,"Слово «газ» придумал голландский учёный XVII века, взяв за основу греческое слово «хаос».",факт,88,"Ян Баптиста ван Гельмонт ввёл этот термин для обозначения «духов», выделяющихся при горении и брожении. Слово прижилось во многих языках."
983,Мозг и восприятие,"Во сне мозг почти отключается и отдыхает, почти ничего не делая.",фейк,48,"Во сне мозг активно работает: закрепляет воспоминания, очищается от продуктов обмена, а в быстрой фазе его активность близка к бодрствованию."
984,Сон,Во сне каждый человек проглатывает в среднем несколько пауков в год.,фейк,60,"Эта «статистика» — выдумка, разошедшаяся по интернету. Спящий человек дышит и шевелится, а пауки избегают таких мест."
985,Психология,"В известном опыте почти половина зрителей не заметила человека в костюме гориллы, прошедшего через экран.",факт,68,"Участники считали передачи мяча между игроками и не видели «гориллу», которая стояла в центре кадра несколько секунд. Это явление называют слепотой невнимания."
986,Климат и погода,Извержение вулкана Пинатубо в 1991 году понизило среднюю температуру Земли примерно на полградуса на год-два.,факт,70,"Вулкан выбросил в стратосферу миллионы тонн диоксида серы, образовавшего капельки серной кислоты. Они отражали часть солнечного света обратно в космос."
987,География,"Самая южная точка Африки — не мыс Доброй Надежды, а мыс Игольный.",факт,76,Мыс Игольный лежит примерно на 150 километров восточнее и немного южнее мыса Доброй Надежды. Там условно проходит граница Атлантического и Индийского океанов.
988,Математика,"Треугольник со сторонами 3, 4 и 5 сантиметров — тупоугольный.",фейк,52,"Он прямоугольный: 3² + 4² = 5². Древние строители размечали прямые углы верёвкой с узлами, отмеряющими отрезки 3, 4 и 5."
989,Психология,"Люди охотнее замечают и запоминают сведения, подтверждающие их мнение, чем противоречащие ему.",факт,28,"Это предвзятость подтверждения. Она работает даже у специалистов, поэтому в науке так важны слепые эксперименты и попытки опровергнуть собственную гипотезу."
990,Математика,Сумма всех целых чисел от 1 до 100 равна 5050.,факт,36,"Числа удобно складывать парами: 1 + 100, 2 + 99 и так далее — получается 50 пар по 101. По легенде, так быстро решил задачу школьник Карл Фридрих Гаусс."
991,Транспорт,"Самый длинный автомобильный тоннель мира — Лердальский в Норвегии, длиной около 24,5 километра.",факт,72,"Тоннель открыли в 2000 году. Чтобы водители не утомлялись, в нём сделали три пещеры с голубой и жёлтой подсветкой, имитирующей рассвет."
992,Изобретения,"Факс изобрели в конце XX века, вместе с телефонными модемами.",фейк,86,"Шотландец Александр Бейн запатентовал передачу изображений по проводам ещё в 1843 году, а в 1860-х годах во Франции работала линия факсимильной связи «пантелеграф» — ещё до изобретения телефона."
993,Искусство,"Художник, написавший «Американскую готику», изображал на ней не мужа и жену, а фермера и его дочь.",факт,84,"Грант Вуд писал фермера и его незамужнюю дочь. Позировали его сестра и местный дантист, и многие зрители до сих пор считают пару супругами."
994,Растения,Шишки некоторых сосен раскрываются и выпускают семена только после лесного пожара.,факт,64,"Смола запечатывает такие шишки, и лишь сильный жар её расплавляет. Семена попадают на выгоревшую землю, где много света и нет конкурентов."
995,Эволюция,"Кошки и собаки — близкие родственники, чьи предки разошлись всего несколько миллионов лет назад.",фейк,76,"Предки кошачьих и собачьих разошлись около 50 миллионов лет назад. Кошка по происхождению ближе к гиенам и мангустам, чем к собаке."
996,Анатомия,"Общая длина кишечника взрослого человека составляет несколько метров, и почти всё это — тонкая кишка.",факт,48,"Тонкий кишечник у живого человека в среднем около 3–5 метров, а толстый — около полутора. Складки и ворсинки многократно увеличивают площадь его внутренней поверхности."
997,Геология,"Большая часть дна океанов моложе 200 миллионов лет, хотя возраст Земли — около 4,5 миллиарда.",факт,84,Океанская кора рождается на срединных хребтах и погружается обратно в мантию в зонах субдукции. Древнейшие участки земной коры сохранились только на материках.
998,Океанология,Из всех морей Мирового океана самое солёное — Красное море.,факт,64,"Солёность Красного моря доходит до 40 граммов соли на литр и больше. В жарком климате вода сильно испаряется, а крупных рек, приносящих пресную воду, почти нет."
999,Новое время,Восстание декабристов в 1825 году произошло в Москве на Красной площади.,фейк,46,Декабристы вывели войска на Сенатскую площадь в Петербурге 14 декабря 1825 года. Восстание подавили в тот же день.
1000,Инженерия,"Атомная электростанция при серьёзной аварии может взорваться, как атомная бомба.",фейк,62,"Топливо реактора слишком слабо обогащено для ядерного взрыва. Аварии на АЭС опасны тепловыми и химическими взрывами, пожарами и выбросом радиоактивных веществ."
1001,Экономика и деньги,"В ряде стран банкноты печатают не на бумаге, а на прочном пластике.",факт,40,Полимерные банкноты первой массово выпустила Австралия в 1988 году. Такие купюры служат дольше и их труднее подделать.
1002,Мозг и восприятие,"Человек может чувствовать боль в ампутированной руке или ноге, которой уже нет.",факт,38,"Это фантомная боль: мозг продолжает создавать ощущения от утраченной части тела. Её облегчают, например, упражнениями с зеркалом, создающим иллюзию второй конечности."
1003,Изобретения,"Элиша Отис прославился не изобретением лифта, а ловителями, не дающими кабине упасть при обрыве троса.",факт,70,"В 1854 году на выставке в Нью-Йорке Отис поднялся на платформе и велел перерубить трос. Ловители остановили падение, и публика поверила в безопасность лифтов."
1004,Древний мир,На пирах древние римляне специально вызывали рвоту в особых комнатах — вомиториях.,фейк,88,"Вомиторий — это проход в амфитеатре, через который зрители «извергались» наружу после представления. Миф о комнатах для рвоты появился намного позже."
1005,Эволюция,Первые динозавры жили в мире без цветов: цветковые растения появились на десятки миллионов лет позже.,факт,84,"Динозавры появились около 230 миллионов лет назад, а цветковые растения — примерно 130 миллионов лет назад. До этого растительность составляли папоротники, хвойные и саговники."
1006,Психология,"Большинство людей сразу заметят, если собеседника посреди разговора незаметно подменят другим человеком.",фейк,86,"В опыте 1998 года прохожего, объяснявшего дорогу, на секунду заслоняли дверью, и за ней менялся собеседник. Около половины участников подмены не заметили."
1007,XX век,"В 1908 году над Сибирью взорвался Тунгусский метеорит, повалив лес на площади больше 2000 квадратных километров.",факт,45,"Космическое тело взорвалось в воздухе, не долетев до земли, поэтому крупного кратера не осталось. Было повалено около 80 миллионов деревьев."
1008,Генетика,"Каждый человек получает половину хромосом от матери, а половину — от отца.",факт,18,"В ядре клетки 23 пары хромосом, и в каждой паре одна хромосома материнская, другая отцовская. Исключение — митохондриальная ДНК, которая наследуется по материнской линии."
1009,Еда и кулинария,"Сырые яйца полезнее варёных, потому что белок из них усваивается лучше.",фейк,60,Белок варёных яиц усваивается значительно лучше: в опытах из сырых яиц организм усваивал лишь около половины белка. К тому же сырые яйца могут переносить сальмонеллу.
1010,Письменность,Точку с запятой придумал итальянский печатник Альд Мануций в конце XV века.,факт,86,"Мануций впервые использовал её в книге 1494 года как знак паузы, более длинной, чем у запятой. Он же одним из первых стал печатать книги курсивом."
1011,Климат и погода,"Туман — это, по сути, облако, лежащее у самой поверхности земли.",факт,30,"И туман, и облака состоят из крошечных капелек воды или кристалликов льда. Туман образуется, когда охлаждается воздух у самой поверхности."
1012,Средневековье,Иоганн Гутенберг создал в Европе книгопечатание подвижными литерами в середине XV века.,факт,34,"Самая известная его книга — Библия Гутенберга, напечатанная около 1455 года. Печать удешевила книги и ускорила распространение знаний."
1013,Океанология,"Эль-Ниньо — тёплое течение, которое каждый год в сентябре подходит к берегам Перу.",фейк,78,"Эль-Ниньо наступает нерегулярно, раз в 2–7 лет. Название «младенец Христос» рыбаки дали потому, что тёплые воды приходили к Рождеству."
1014,Авиация,Пилоты авиалайнера на протяжении всего многочасового полёта держат штурвал руками.,фейк,36,"Большую часть полёта самолётом управляет автопилот, а пилоты контролируют системы, ведут связь и следят за погодой. Вручную обычно выполняют взлёт и часто посадку."
1015,Математика,"Ноль относится к положительным числам, потому что он больше минус единицы и других отрицательных.",фейк,28,"Ноль не является ни положительным, ни отрицательным числом. Положительны лишь числа больше нуля."
1016,Грибы и микробы,Белую бархатистую корочку сыров камамбер и бри образует особая съедобная плесень.,факт,32,"Её споры добавляют при изготовлении сыра, и плесень покрывает головку пушистым слоем. Она придаёт сыру характерный вкус и мягкость."
1017,Компьютеры и программирование,Раскладка клавиатуры QWERTY названа по первым шести буквам верхнего ряда.,факт,22,Раскладку создали для пишущих машинок в 1870-х годах. С тех пор она перешла на компьютерные клавиатуры и экраны телефонов.
1018,Новое время,"Христофор Колумб до конца жизни считал, что доплыл до берегов Азии.",факт,52,"Он совершил четыре плавания и был уверен, что открыл путь к восточным окраинам Азии. Поэтому местных жителей назвали индейцами."
1019,Океанология,"Самая глубокая точка Мирового океана находится в Атлантическом океане, у берегов Америки.",фейк,26,"Самая глубокая точка — впадина Челленджер в Марианском жёлобе на западе Тихого океана, почти 11 километров. Глубочайшее место Атлантики — жёлоб Пуэрто-Рико, около 8,4 километра."
1020,Астрономия,"Юпитер едва не стал звездой, ведь ему не хватило совсем немного массы для ядерных реакций.",фейк,86,"Чтобы в недрах начался синтез водорода, нужна масса примерно в 80 раз больше, чем у Юпитера. Даже самые лёгкие звёзды — красные карлики — намного массивнее."
1021,Океанология,Мировой океан покрывает больше двух третей всей поверхности нашей планеты.,факт,18,"Суша занимает лишь около трети планеты. Средняя глубина океана — около 3,7 километра."
1022,География,"Гималаи — не только самые высокие, но и самые длинные горы на суше Земли.",фейк,64,"Самая длинная горная цепь на суше — Анды, протянувшиеся примерно на 7000 километров вдоль Южной Америки. Гималаи — самые высокие горы, но не самые длинные."
1023,Транспорт,"В странах с левосторонним движением, например в Японии и Великобритании, руль у машин справа.",факт,24,"Водитель сидит ближе к середине дороги, чтобы лучше видеть встречный поток при обгоне. Левостороннее движение сохраняется в нескольких десятках стран и территорий."
1024,Изобретения,Альберт Эйнштейн вместе с коллегой запатентовал холодильник без движущихся частей.,факт,86,"Эйнштейн и Лео Силард в 1930 году получили патент на абсорбционный холодильник. Их подтолкнула история о семье, отравившейся газом из протекающего холодильника."
1025,Космонавтика,Всю питьевую воду экипажу МКС привозят с Земли в баках грузовых кораблей.,фейк,64,Большую часть воды на станции получают повторно: система очищает конденсат из воздуха и даже мочу. Такая переработка возвращает в оборот больше 90% воды.
1026,Насекомые,"Муравьи могут переносить груз, во много раз превышающий их собственный вес.",факт,32,"Мелким животным легче: сила мышц растёт с их сечением, а масса тела — быстрее. Некоторые муравьи держат в челюстях груз в десятки раз тяжелее себя."
1027,Геология,"Янтарь — окаменевшая смола древних деревьев, и в нём иногда сохраняются насекомые.",факт,22,"Смола стекала по стволам, захватывая насекомых, семена и перья, а затем за миллионы лет затвердевала. Крупнейшие месторождения янтаря — на побережье Балтики."
1028,Кино,"Первые фильмы были немыми, и во время сеансов в зале часто играл пианист-тапёр.",факт,20,Музыка заглушала шум проектора и создавала настроение. В крупных кинотеатрах вместо тапёра играли оркестры.
1029,Транспорт,"Велосипед придумал Леонардо да Винчи, и в его рукописях сохранился чертёж.",фейк,78,"Рисунок велосипеда в кодексе Леонардо, найденный в 1970-х годах, большинство исследователей считает позднейшей подделкой. Первые двухколёсные машины появились лишь в XIX веке."
1030,Эволюция,"Мамонты вымерли задолго до того, как на Земле появились люди.",фейк,62,"Люди и мамонты тысячи лет жили бок о бок: на мамонтов охотились, из их костей строили жилища. Последние мамонты на острове Врангеля дожили примерно до 4000 лет назад."
1031,Грибы и микробы,"Если положить продукты в морозилку, микробы на них погибают от холода.",фейк,48,"Заморозка лишь останавливает размножение большинства микробов, и после оттаивания они снова активны. Поэтому размороженные продукты надо готовить так же тщательно."
1032,Насекомые,Пчелиная матка в разгар сезона откладывает до двух тысяч яиц в сутки.,факт,60,"Это больше, чем весит она сама. Рабочие пчёлы постоянно кормят её маточным молочком."
1033,Литература,Агата Кристи во время Первой мировой войны работала в аптеке и хорошо разбиралась в ядах.,факт,64,Знание фармацевтики пригодилось ей в детективах: отравления в них описаны очень точно. Первый роман Кристи о Пуаро тоже связан с отравлением.
1034,Физика,"Вода в микроволновке может нагреться выше 100 °C, не закипев, и резко вскипеть, если в чашку опустить ложку.",факт,60,"В гладкой чистой чашке пузырькам пара не на чем образоваться. Лёгкий толчок запускает бурное вскипание, и можно обжечься, поэтому воду лучше греть с перерывами."
1035,Медицина,"Человека с переохлаждением надо энергично растереть снегом, чтобы разогнать кровь и согреть кожу.",фейк,34,"Снег ещё сильнее охлаждает кожу и может её повредить. Пострадавшего нужно укрыть, переодеть в сухое и согревать постепенно, давая тёплое питьё, если он в сознании."
1036,Археология,Древние египтяне первыми в истории человечества начали мумифицировать тела умерших.,фейк,88,Культура чинчорро на побережье нынешних Чили и Перу мумифицировала умерших примерно на две тысячи лет раньше египтян.
1037,Анатомия,Самая длинная и одна из самых прочных костей в теле человека — бедренная.,факт,32,"Длина бедренной кости составляет примерно четверть роста человека. Она выдерживает нагрузку, во много раз превышающую вес тела."
1038,Кибербезопасность,"Если забыть пароль, надёжный сайт пришлёт вам его на почту, прочитав из своей базы.",фейк,74,"Надёжные сайты хранят не пароли, а их хеши, из которых пароль восстановить нельзя, и предлагают задать новый. Если сайт присылает старый пароль, он хранит его небезопасно."
1039,Морская жизнь,"Крабы не умеют ходить вперёд, и их ноги позволяют двигаться лишь боком.",фейк,72,"Большинство крабов предпочитают ходить боком, но, например, крабы-пауки и некоторые другие виды ходят вперёд."
1040,Интернет,Доменное имя в зоне .org может получить лишь некоммерческая организация.,фейк,70,"Регистрация в зоне .org открыта для всех — частных лиц и компаний. Ограничения есть в специальных зонах, например .edu или .gov."
1041,История медицины,"Первый электрокардиограф весил около 270 килограммов, и пациент опускал руки и ногу в вёдра с солёной водой.",факт,84,"Голландский физиолог Виллем Эйнтховен создал прибор в начале XX века, и работать с ним приходилось нескольким сотрудникам. В 1924 году он получил Нобелевскую премию."
1042,Материалы,"Резину получают из нефти, а натурального каучука в природе не существует.",фейк,34,Натуральный каучук добывают из млечного сока бразильской гевеи и других растений. Синтетический каучук научились делать лишь в XX веке.
1043,Морская жизнь,"Самая крупная рыба в мире — синий кит, достигающий 30 метров в длину.",фейк,28,"Синий кит — млекопитающее, а не рыба. Самая крупная рыба — китовая акула, достигающая более 12 метров в длину."
1044,Кино,Советский фильм «Москва слезам не верит» получил американскую премию «Оскар».,факт,45,Картина Владимира Меньшова получила «Оскар» как лучший фильм на иностранном языке в 1981 году. Сам режиссёр на церемонию не попал.
1045,XX век,Во время Второй мировой войны Швейцария воевала на стороне нацистской Германии.,фейк,26,"Швейцария сохраняла вооружённый нейтралитет всю войну, хотя торговала с обеими сторонами. Её армия была мобилизована для защиты границ."
1046,Млекопитающие,"Ядовитых млекопитающих не существует, яд вырабатывают змеи, пауки, насекомые и другие животные.",фейк,72,"Ядовиты шпоры самцов утконоса, слюна некоторых землероек и выделения медленного лори. Яд у млекопитающих — редкость, но он существует."
1047,Птицы,"Орлы живут до 70 лет, потому что в середине жизни обламывают о скалы старый клюв и когти и отращивают новые.",фейк,70,"Эта история — интернет-притча. Орлы живут в природе обычно 20–30 лет, и обломанный клюв для них означает гибель от голода."
1048,Астрономия,"Спутник Марса Фобос медленно приближается к планете и через десятки миллионов лет, вероятно, разрушится.",факт,72,"Фобос обращается вокруг Марса быстрее, чем тот вращается, и приливные силы понемногу тормозят его. Со временем он может рассыпаться в кольцо или упасть на планету."
1049,Химия,"В натуральных продуктах, в отличие от промышленных, нет химических веществ.",фейк,22,"Всё вещество состоит из химических соединений: вода, сахар, витамины и белки — тоже химия. Натуральные продукты содержат тысячи веществ, в том числе ядовитые."
1050,Экономика и деньги,"Если государство напечатает много денег и раздаст их всем поровну, каждый станет заметно богаче.",фейк,26,"Если товаров не становится больше, а денег много, цены быстро растут. В итоге на новые деньги можно купить примерно столько же, сколько раньше, а иногда и меньше."
1051,Математика,"Бесконечная десятичная дробь 0,999… с девятками без конца всё же чуть меньше единицы.",фейк,86,"Число 0,999… с бесконечными девятками в точности равно 1. Например, 1/3 = 0,333…, и если умножить обе части на 3, получится 1 = 0,999…."
1052,Языки,"Русское слово «богатырь», знакомое каждому по былинам, имеет тюркское происхождение.",факт,72,"Слово, по наиболее распространённой версии, восходит к тюркскому «багатур» — «храбрец, герой». От того же корня происходит монгольское «баатар»."
1053,Археология,"Первобытные художники рисовали в пещерах одним углём, других красок у них не было.",фейк,52,"Кроме угля, использовали охру и другие минеральные пигменты — красные, жёлтые, коричневые. Краску иногда выдували через трубочку, получая отпечатки ладоней."
1054,География,"Кратчайшее расстояние между Россией и США — около 4 километров, между островами в Беринговом проливе.",факт,84,"Российский остров Ратманова и американский остров Малый Диомид разделяют менее 4 километров. Между ними проходит и линия перемены дат, поэтому на островах разные календарные дни."
1055,Экология,"Каланы помогают сохранять подводные леса бурых водорослей, поедая морских ежей.",факт,68,"Без каланов ежи размножаются и выедают водоросли до голого дна. Когда каланов истребили ради меха, во многих местах исчезли и подводные леса."
1056,Анатомия,"Ноздри работают по очереди: одна часами дышит активнее, а затем их роли меняются.",факт,84,"Это носовой цикл: слизистая в одной половине носа набухает, в другой спадает. Большинство людей этого не замечает."
1057,Древний мир,Юлий Цезарь был первым императором Рима и основателем императорской власти.,фейк,52,Цезарь был диктатором Римской республики и погиб в 44 году до н. э. Первым императором стал его приёмный сын Октавиан Август.
1058,Млекопитающие,"Большая панда относится к семейству енотовых, а вовсе не к медведям.",фейк,80,"Генетические исследования показали, что большая панда — настоящий медведь. А вот малая панда — единственный представитель отдельного семейства."
1059,Еда и кулинария,"Зёрна кукурузы для попкорна лопаются, потому что вода внутри них при нагреве превращается в пар.",факт,34,"Прочная оболочка сдерживает пар, пока давление не станет достаточно высоким. Тогда зерно разрывается, а крахмал вспенивается и застывает."
1060,Материалы,"Хрустальные бокалы и вазы — это природный кристалл того же рода, что и горный хрусталь.",фейк,64,"Посудный хрусталь — это стекло, часто с добавкой оксида свинца, придающей блеск. У него нет кристаллической решётки, в отличие от горного хрусталя — кварца."
1061,Насекомые,"Тараканы переживут ядерную войну, потому что радиация на них почти не действует.",фейк,70,"Тараканы устойчивее людей, но сильное облучение убивает и их. Некоторые другие насекомые, например плодовые мушки, переносят радиацию ещё лучше."
1062,История медицины,"Врачи носили белые халаты ещё со времён Античности, со дней Гиппократа.",фейк,58,"Белые халаты вошли в обиход лишь в конце XIX века, когда врачи стали подчёркивать связь медицины с лабораторной наукой и чистотой. Раньше хирурги часто оперировали в тёмной одежде."
1063,Музыка,"Музыку к балету «Щелкунчик», который часто ставят под Новый год, написал Чайковский.",факт,16,Балет впервые поставили в Мариинском театре в 1892 году. Сейчас его особенно часто исполняют на Новый год и Рождество.
1064,Археология,"На территории Судана сохранилось больше древних пирамид, чем в соседнем Египте.",факт,86,"Нубийские цари государства Куш строили пирамиды — меньше и круче египетских. Их насчитывают около двух сотен, тогда как в Египте известно немногим больше сотни."
1065,Повседневная жизнь,"Если часто подстригать волосы, они начинают расти быстрее и становятся гуще.",фейк,36,"Скорость роста волос задают фолликулы в коже, а стрижка касается лишь мёртвых концов. Волосы растут примерно на сантиметр в месяц, как их ни стриги."
1066,Морская жизнь,"Рыба-брызгун сбивает насекомых с листьев струёй воды, выпущенной изо рта.",факт,42,Брызгун учитывает преломление света на границе воды и воздуха и попадает в цель на расстоянии до полутора-двух метров.
1067,История медицины,"Слово «вакцина» образовано от фамилии учёного, придумавшего самую первую прививку.",фейк,74,Слово происходит от латинского vacca — «корова»: первая прививка от оспы использовала материал коровьей оспы. Термин закрепил Луи Пастер в честь опытов Эдварда Дженнера.
1068,Языки,"Китайский и японский — один и тот же язык, различающийся лишь письмом.",фейк,26,"Это языки разных семей с разной грамматикой и звучанием. Японцы заимствовали китайские иероглифы и много слов, но добавили собственные слоговые азбуки."
1069,Генетика,"Клон животного выглядит точь-в-точь как оригинал, вплоть до рисунка пятен на шерсти.",фейк,86,"Первая клонированная кошка, родившаяся в 2001 году, окрасом заметно отличалась от трёхцветной кошки-донора. Рисунок пятен зависит не только от ДНК, но и от случайных процессов в развитии."
1070,Экология,"Переплавка старых алюминиевых банок требует намного меньше энергии, чем выплавка нового металла из руды.",факт,42,"На переработку уходит примерно 5% энергии, нужной для получения алюминия из бокситов. Банку можно переплавлять снова и снова."
1071,Искусственный интеллект,Голосовые помощники в смартфонах распознают устную речь с помощью нейросетей.,факт,22,"Нейросеть переводит звук в текст, затем другие модели определяют смысл запроса. Точность распознавания речи за последние годы сильно выросла."
1072,Генетика,"Большинство наследственных болезней передаётся по мужской линии, от отца к сыну.",фейк,44,"Большинство генов лежит на обычных хромосомах, которые ребёнок получает от обоих родителей. По мужской линии передаются лишь гены Y-хромосомы, а их немного."
1073,Астрономия,"Экватор Солнца совершает оборот вокруг оси быстрее, чем районы вблизи его полюсов.",факт,86,"Солнце не твёрдое тело, и разные его слои вращаются с разной скоростью. На экваторе оборот занимает около 25 суток, а у полюсов — более 30."
1074,Литература,"Комедию «Горе от ума» Александр Грибоедов написал прозой, а не стихами.",фейк,42,"«Горе от ума» написано стихами, и многие строки стали крылатыми выражениями: «Счастливые часов не наблюдают», «Карету мне, карету!»."
1075,Письменность,В испанском языке вопросительное предложение начинается с перевёрнутого вопросительного знака.,факт,40,"Знак ¿ ставят в начале вопроса, чтобы читатель сразу понял интонацию. Так же поступают и с восклицательным знаком — ¡."
1076,Физика,"Если в жаркий день надолго оставить холодильник открытым, он заметно охладит всю комнату.",фейк,66,"Холодильник лишь переносит тепло изнутри наружу, а его компрессор сам выделяет тепло. С открытой дверцей тепло просто ходит по кругу, и комната в итоге нагреется."
1077,Астрономия,"На Луне нет атмосферы, поэтому небо там чёрное даже днём, когда светит Солнце.",факт,36,"Голубой цвет земному небу придаёт рассеяние света в воздухе. На Луне рассеивать свет нечему, и звёзды не видны на снимках лишь потому, что их затмевает яркая поверхность."
1078,Архитектура,Самое высокое здание Европы — петербургский небоскрёб «Лахта-центр» высотой 462 метра.,факт,42,"Башню построили в 2018 году на берегу Финского залива. Она закручена по спирали, а её фундамент уходит в грунт более чем на 80 метров."
1079,Сон,"Человек, которого разбудили в фазе быстрого сна, обычно ничего не помнит о своём сне.",фейк,64,Именно при пробуждении из быстрого сна люди чаще всего подробно рассказывают сновидения. На этом основаны многие эксперименты по изучению снов.
1080,Вулканы,На полуострове Камчатка насчитывают примерно три десятка действующих вулканов и сотни потухших.,факт,62,Самый высокий из них — Ключевская Сопка высотой около 4750 метров. Вулканы Камчатки внесены в список Всемирного наследия ЮНЕСКО.
1081,Авиация,"В иллюминаторах пассажирских самолётов есть крошечное отверстие, выравнивающее давление между стёклами.",факт,45,"Иллюминатор состоит из трёх слоёв, и отверстие сделано в среднем стекле. Так основную нагрузку несёт внешнее стекло, а среднее остаётся запасным."
1082,Экология,"Выключать свет, выходя из комнаты на пару минут, невыгодно: при включении лампа тратит больше энергии, чем за всё это время.",фейк,66,Бросок тока при включении длится доли секунды и почти ничего не стоит. Выключать свет выгодно даже на короткое время.
1083,Птицы,Сапсан в пикировании разгоняется свыше 300 км/ч — это самое быстрое животное на планете.,факт,34,"Сложив крылья, сапсан падает на добычу с высоты. Особые выросты в ноздрях помогают ему дышать на такой скорости."
1084,Средневековье,"Великая хартия вольностей, подписанная в 1215 году, ограничила власть английского короля.",факт,50,"Бароны вынудили короля Иоанна Безземельного подписать документ, гарантирующий их права. Позже хартию стали считать одной из основ английского права."
1085,Кибербезопасность,"Сотрудник банка может попросить сообщить ему код из SMS, чтобы отменить подозрительную операцию.",фейк,20,"Настоящие сотрудники банка никогда не спрашивают коды из SMS. Такой звонок — верный признак мошенников, и нужно положить трубку."
1086,Эволюция,"Естественный отбор означает, что выживают и оставляют потомство прежде всего самые сильные особи.",фейк,64,"Отбор поддерживает тех, кто лучше приспособлен к конкретным условиям и оставляет больше потомства. Это могут быть и мелкие, и осторожные, и хорошо замаскированные особи."
1087,Письменность,Первый русский печатный букварь выпустил Иван Фёдоров в начале XIX века.,фейк,58,"Букварь Ивана Фёдорова вышел во Львове в 1574 году. Фёдоров считается первопечатником Москвы, где в 1564 году вышел «Апостол»."
1088,Эволюция,Глаза возникали в ходе эволюции независимо много раз в разных группах животных.,факт,62,"Сложные глаза есть у позвоночных, осьминогов, насекомых и даже у некоторых медуз. Устроены они по-разному, хотя в их развитии участвуют сходные гены."
1089,XX век,Первую мировую войну стали так называть лишь после начала Второй мировой.,факт,62,"Современники называли её Великой войной, а в России — ещё и Второй Отечественной. Номер войне присвоили, когда стало ясно, что она не последняя."
1090,Экономика и деньги,Особый налог на ношение бороды ввёл в России царь Иван Грозный.,фейк,44,"Налог на бороду ввёл Пётр I в 1705 году, стремясь заставить подданных бриться на европейский манер. Заплатившим выдавали специальный бородовой знак."
1091,Химия,"Разные цвета фейерверков дают соли металлов: стронций окрашивает пламя в красный, а медь — в синий.",факт,50,"Нагретые атомы каждого металла испускают свет своих определённых цветов. Барий даёт зелёный, натрий — жёлтый, а синий получить труднее всего."
1092,Письменность,"Латинский алфавит древние римляне придумали самостоятельно, ничего не заимствуя у соседей.",фейк,60,"Римляне заимствовали письмо у этрусков, которые в свою очередь переняли его у греков. Греческий алфавит восходит к финикийскому."
1093,Космонавтика,"Флаги на Луне развевались на снимках, потому что там дует слабый ветер.",фейк,46,"Ветра на Луне нет. Флаг держался на горизонтальной перекладине, а колыхался лишь в момент, когда астронавты вкручивали древко."
1094,Экономика и деньги,Слово «банк» английского происхождения и в переводе буквально значит «хранилище золота».,фейк,60,"Слово пришло из итальянского banco — «скамья, стол»: за такими столами на рынках работали менялы. Отсюда же выражение «банкрот» — «сломанная скамья»."
1095,Космонавтика,Первый искусственный спутник Земли весил около 84 килограммов и передавал лишь простые радиосигналы.,факт,50,"Спутник запустили 4 октября 1957 года. Его сигналы «бип-бип» принимали радиолюбители по всему миру, а через три месяца он сгорел в атмосфере."
1096,Музыка,"Саксофон, ставший символом джаза, изобрёл в XIX веке бельгийский мастер Адольф Сакс.",факт,44,"Сакс запатентовал инструмент в 1846 году. Хотя корпус саксофона металлический, он относится к деревянным духовым: звук рождается от вибрации трости."
1097,XX век,Лайнер «Титаник» затонул во время своего десятого рейса через Атлантический океан.,фейк,22,«Титаник» затонул в апреле 1912 года во время первого же рейса из Саутгемптона в Нью-Йорк.
1098,Еда и кулинария,Обычные бананы слегка радиоактивны из-за содержащегося в них природного калия.,факт,78,"Небольшая часть природного калия — радиоактивный изотоп калий-40. Доза от банана ничтожна, а в теле человека калия-40 гораздо больше."
1099,Языки,"Слово «зонтик» французского происхождения, как и слова «пальто», «бульвар» и «пляж».",фейк,70,"Слово пришло из нидерландского zondek — «навес от солнца», и в русском конечное «к» переосмыслили как уменьшительный суффикс. Отсюда и «зонт»."
1100,Искусство,Клод Моне написал около 250 картин с кувшинками в своём саду.,факт,62,Моне сам разбил в Живерни сад с прудом и японским мостиком и последние десятилетия жизни писал их снова и снова при разном освещении.
1101,История медицины,"В 1980 году Всемирная организация здравоохранения объявила, что натуральная оспа полностью искоренена.",факт,34,"Это первая и пока единственная болезнь человека, побеждённая во всём мире. Последний естественный случай заражения зафиксировали в Сомали в 1977 году."
1102,Экология,Нынешняя скорость вымирания видов не отличается от обычной скорости за прошлые миллионы лет.,фейк,70,"По оценкам учёных, нынешняя скорость вымирания в десятки и сотни раз выше естественного фона. Главные причины — уничтожение мест обитания, охота и завоз чужих видов."
1103,Кино,Первый фильм об агенте Джеймсе Бонде сняли в 1990-х годах.,фейк,22,Первый фильм о Бонде «Доктор Ноу» с Шоном Коннери вышел в 1962 году. С тех пор вышли десятки фильмов.
1104,Мозг и восприятие,"Пощекотать самого себя почти не получается, потому что мозг заранее предсказывает собственное касание.",факт,64,"Мозг сравнивает ожидаемые ощущения с реальными и приглушает предсказуемые. Прикосновение другого человека предсказать труднее, поэтому оно щекочет."
1105,Авиация,Пассажирский авиалайнер при каждом взлёте выводит двигатели на максимальную мощность.,фейк,86,"Если позволяют масса, длина полосы и погода, взлёт выполняют на пониженной тяге. Это продлевает срок службы двигателей и снижает шум."
1106,Генетика,"По материнской линии митохондриальная ДНК всех ныне живущих людей восходит к одной женщине, жившей в Африке.",факт,78,"Её называют митохондриальной Евой; жила она, по оценкам, более 100 тысяч лет назад. Она не была единственной женщиной своего времени — просто только её митохондриальная линия дошла до наших дней."
1107,Инженерия,"Гидроэлектростанции вырабатывают электричество за счёт падающей воды, которая вращает турбины.",факт,16,"Плотина поднимает уровень воды, и поток с высоты крутит турбины, соединённые с генераторами. Такая энергия возобновляемая, но плотины меняют экосистемы рек."
1108,Насекомые,Комары находят людей в том числе по углекислому газу в выдыхаемом воздухе.,факт,44,"Облако углекислого газа комар чувствует с расстояния в несколько метров, а вблизи ориентируется на тепло и запахи кожи."
1109,География,"Китай, как и Россия, разделён на несколько часовых поясов, живущих по разному времени.",фейк,74,"Весь Китай официально живёт по пекинскому времени, хотя страна простирается почти на пять поясов. Поэтому на западе страны солнце встаёт очень поздно."
1110,Повседневная жизнь,"Смартфон полезно полностью разряжать перед каждой зарядкой, чтобы аккумулятор служил дольше.",фейк,46,"Это правило относилось к старым никелевым аккумуляторам. Литий-ионным аккумуляторам глубокий разряд вреден, им лучше держать заряд в среднем диапазоне."
1111,Новое время,Пуританские колонисты Новой Англии носили высокие шляпы с большими пряжками.,фейк,86,"Такой образ придумали художники XIX века. В XVII веке пряжки на шляпах и обуви ещё не были в моде, а пуритане одевались просто."
1112,Письменность,Тексты на арабском языке и на иврите пишут справа налево.,факт,24,"Справа налево пишут и на некоторых других языках, например персидском и урду. Цифры в арабских текстах при этом читаются слева направо."
1113,Интернет,Значок меню из трёх горизонтальных полосок придумали ещё в 1981 году для компьютера Xerox Star.,факт,88,Дизайнер Норм Кокс нарисовал его как схематичный список. Широкую популярность значок получил лишь с распространением смартфонов.
1114,Климат и погода,"Роса выпадает ясными тихими ночами, когда трава и земля остывают сильнее воздуха.",факт,40,"От холодной поверхности охлаждается прилегающий воздух, и лишний водяной пар оседает капельками. Облака удерживают тепло, поэтому в пасмурную ночь росы обычно нет."
1115,Растения,Хвоинки на ели держатся всю жизнь дерева и не сменяются.,фейк,50,"Хвоя ели живёт обычно несколько лет, после чего опадает, а на её месте вырастает новая. Лиственница вообще сбрасывает хвою на зиму."
1116,Инженерия,В день 50-летия моста Золотые Ворота под тяжестью многотысячной толпы его пролёт заметно прогнулся.,факт,84,"В 1987 году на мост вышли около 300 тысяч человек, и центральный пролёт просел примерно на два метра. Инженеры позже подтвердили, что запас прочности был достаточным."
1117,Искусство,Картину «Три богатыря» с Ильёй Муромцем в центре написал Иван Шишкин.,фейк,36,"«Богатырей» писал Виктор Васнецов почти двадцать лет. Шишкин известен пейзажами — лесами, рощами и полями."
1118,Математика,"Средняя зарплата по стране — это сумма, которую получает большинство работников.",фейк,62,"Среднее арифметическое сильно тянут вверх высокие доходы немногих. Обычно большинство людей получает меньше средней зарплаты, поэтому статистики часто смотрят на медиану."
1119,География,"Столицей Соединённых Штатов Америки является Нью-Йорк, где заседает правительство страны.",фейк,16,Столица США — Вашингтон. Нью-Йорк был временной столицей лишь в 1785–1790 годах.
1120,Интернет,"Первую рекламную рассылку по электронной почте, которую считают первым спамом, отправили ещё в 1978 году.",факт,70,Сотрудник компании DEC разослал приглашение на презентацию компьютеров нескольким сотням пользователей сети ARPANET. Многие получатели возмутились.
1121,Спорт и игры,Олимпийский огонь зажигают в Греции от солнечных лучей с помощью вогнутого зеркала.,факт,62,"Церемония проходит в древней Олимпии у храма Геры. Затем огонь в эстафете факелов доставляют в город, где пройдут Игры."
1122,Эволюция,"Эволюция — «всего лишь теория», то есть догадка, не имеющая доказательств.",фейк,40,"В науке теория — это проверенное объяснение, подкреплённое множеством фактов. Эволюцию подтверждают ископаемые, генетика, наблюдения за быстрыми изменениями микробов."
1123,Еда и кулинария,"Васаби в большинстве ресторанов — это подкрашенный хрен с горчицей, а не настоящий японский васаби.",факт,60,"Настоящий васаби растёт медленно, требует особых условий и стоит дорого. Свежий корень натирают прямо перед подачей, потому что аромат быстро выдыхается."
1124,Астрономия,"«Падающая звезда» — это настоящая звезда, которая сгорает, врезавшись в атмосферу Земли.",фейк,20,"Падающие звёзды — метеоры: песчинки и камешки из космоса, раскаляющиеся в атмосфере. Настоящие звёзды в миллионы раз больше Земли."
1125,География,"Африку и Европу разделяет пролив шириной в сотни километров, противоположный берег не видно.",фейк,60,В самом узком месте Гибралтарский пролив шириной около 14 километров. В ясную погоду африканский берег хорошо виден из Испании.
1126,Кибербезопасность,"Одна из первых программ-вымогателей в 1989 году распространялась на дискетах, разосланных по почте.",факт,80,Дискеты рассылали под видом информации о СПИДе. Через некоторое время программа шифровала имена файлов и требовала отправить деньги на почтовый ящик в Панаме.
1127,Космонавтика,"У ракеты-носителя топливо составляет лишь небольшую часть стартовой массы, а остальное приходится на конструкцию.",фейк,86,Всё наоборот: у крупных ракет около 85–90% стартовой массы — топливо и окислитель. Без этого не набрать орбитальную скорость.
1128,Экология,"Использованные батарейки безвредны, и их можно выбрасывать вместе с обычным мусором.",фейк,22,"Батарейки содержат тяжёлые металлы и едкие вещества, которые на свалке попадают в почву и воду. Их лучше сдавать в специальные пункты приёма."
1129,Психология,"В полнолуние люди ведут себя агрессивнее, и в больницах в эти ночи заметно больше пациентов.",фейк,64,"Исследования не находят связи между фазами Луны и числом травм, преступлений или обращений в больницы. Такие совпадения просто лучше запоминаются."
1130,Языки,"Слово «шампунь» пришло в европейские языки из хинди, где оно означало «массаж».",факт,86,В XVIII веке в Англии вошли в моду индийские процедуры мытья головы с массажем. Английское shampoo затем перешло в русский и другие языки.
1131,Новое время,Крепостное право в России отменили в 1861 году манифестом Александра II.,факт,22,"Манифест подписал император Александр II 19 февраля 1861 года по старому стилю. Крестьяне получили личную свободу, но за землю должны были выплачивать выкуп."
1132,Архитектура,Храм Христа Спасителя в Москве взорвали в 1931 году и восстановили в 1990-х годах.,факт,36,"Первоначальный храм строили более сорока лет в память о победе над Наполеоном. На его месте планировали Дворец Советов, но построили бассейн «Москва»."
1133,История медицины,Медицинские пиявки давно запрещены и в современной медицине не применяются.,фейк,70,"Пиявок используют, например, в микрохирургии после пришивания пальцев или лоскутов кожи: они отсасывают застоявшуюся кровь. В США их применение одобрено как медицинского изделия."
1134,Эволюция,Чарлз Дарвин и Альфред Уоллес пришли к идее естественного отбора независимо друг от друга.,факт,60,"В 1858 году Уоллес прислал Дарвину статью с теми же выводами, к которым Дарвин пришёл за годы до этого. Их работы представили вместе, а через год вышло «Происхождение видов»."
1135,Медицина,"Если укусила ядовитая змея, яд нужно высосать ртом и туго перетянуть конечность жгутом.",фейк,38,"Так удалить яд не удаётся, а жгут может привести к повреждению тканей. Нужно обездвижить конечность, держать пострадавшего в покое и срочно доставить в больницу."
1136,Климат и погода,"Самая высокая температура воздуха, зафиксированная в Антарктиде, превышала +18 °C.",факт,84,"В феврале 2020 года на станции Эсперанса на Антарктическом полуострове зафиксировали +18,3 °C. Это северная оконечность материка, где климат намного мягче, чем в глубине."
1137,Сон,"Гормон мелатонин вырабатывается в темноте, а яркий свет подавляет его выработку.",факт,46,"Мелатонин сообщает организму, что наступила ночь. Поэтому яркий свет вечером сдвигает время засыпания."
1138,Компьютеры и программирование,"Слово «пиксель» — сокращение от английского picture element, «элемент изображения».",факт,45,"Пиксель — наименьшая точка, из которых складывается изображение на экране. Экран с разрешением Full HD состоит примерно из двух миллионов пикселей."
1139,Насекомые,"Взрослая комнатная муха живёт около суток, успевая лишь отложить яйца.",фейк,36,"Взрослая комнатная муха живёт несколько недель. Одним днём ограничена жизнь взрослых подёнок, которые даже не питаются."
1140,Искусственный интеллект,Беспилотные такси без водителя в салоне уже возят пассажиров в нескольких городах мира.,факт,36,"Такие сервисы работают, например, в ряде городов США и Китая. Машины ориентируются по датчикам и подробным картам."
1141,Искусство,На картине «Девушка с жемчужной серёжкой» Вермеер изобразил свою жену.,фейк,74,"Эта картина — трони: так называли в Нидерландах этюды головы в необычном костюме, а не портреты. Кто позировал Вермееру, неизвестно."
1142,Грибы и микробы,Некоторые бактерии ориентируются по магнитному полю Земли с помощью цепочек крошечных магнитов внутри клетки.,факт,84,"Эти магнитотактические бактерии выстраивают кристаллы магнетита в цепочку, работающую как стрелка компаса. Так они находят нужную глубину в воде и иле."
1143,Интернет,"Смайлики-эмодзи впервые появились в США, в первых американских мобильных телефонах.",фейк,50,"Эмодзи придумали в Японии в конце 1990-х для мобильных телефонов. Само слово японское: «э» — картинка, «модзи» — знак."
1144,Геология,"Горная порода кимберлит, в которой находят алмазы, названа по южноафриканскому городу Кимберли.",факт,72,В окрестностях Кимберли во второй половине XIX века началась алмазная лихорадка. Там же вручную выкопали огромный карьер — Большую дыру.
1145,Спорт и игры,"В большом теннисе очки считают по порядку: один, два, три, четыре.",фейк,16,"В теннисе счёт в гейме идёт 15, 30, 40 и гейм. Происхождение этих чисел точно неизвестно."
1146,Транспорт,Подушка безопасности автомобиля полностью раскрывается за считанные сотые доли секунды.,факт,50,"Датчик удара запускает быстрый газогенератор, и подушка наполняется примерно за 30 миллисекунд. Затем она сразу начинает сдуваться, смягчая удар."
1147,Анатомия,Правое и левое лёгкие человека одинаковы по размеру и строению.,фейк,72,"Правое лёгкое состоит из трёх долей, а левое — из двух и немного меньше: часть места занимает сердце."
1148,Искусственный интеллект,Нейросети для чтения рукописных цифр банки начали применять лишь в 2010-х годах.,фейк,86,"Ещё в 1990-х нейросеть LeNet, созданная Яном Лекуном, читала суммы на банковских чеках в США."
1149,Растения,"Бананы растут на пальмах, как кокосы и финики, в тропических странах.",фейк,66,Банан — огромная трава: его «ствол» образуют плотно свёрнутые основания листьев. К пальмам он не относится.
1150,Морская жизнь,Самки некоторых видов акул способны родить потомство без участия самца.,факт,76,В аквариумах описаны случаи партеногенеза у зебровых акул и акул-молотов. Детёныши при этом получают гены только от матери.
1151,Вулканы,Слово «вулкан» происходит от имени римского бога огня и кузнечного дела Вулкана.,факт,22,"Римляне считали, что кузница Вулкана находится под островом Вулкано в Средиземном море. Отсюда название перешло на все огнедышащие горы."
1152,Медицина,"Язву желудка вызывают главным образом стресс, острая пища и нерегулярное питание.",фейк,74,Большинство язв связано с бактерией Helicobacter pylori и приёмом некоторых обезболивающих. За открытие роли бактерии в 2005 году вручили Нобелевскую премию.
1153,Психология,"Люди переоценивают вероятность событий, о которых часто слышат в новостях, например авиакатастроф.",факт,42,"Яркие случаи легко вспоминаются, и мозг принимает лёгкость воспоминания за частоту. Статистически поездка на автомобиле намного опаснее перелёта."
1154,Языки,Баскский язык не состоит в родстве ни с одним другим живым языком мира.,факт,62,"На нём говорят в Стране Басков на севере Испании и юго-западе Франции. Баскский — один из немногих языков Европы, существовавших до прихода индоевропейцев."
1155,Повседневная жизнь,"Первые зубные щётки со щетиной, похожие на современные, делали из свиной щетины.",факт,60,В Китае конца XV века жёсткую щетину свиней вставляли в ручку из кости или бамбука. Нейлоновая щетина появилась лишь в 1938 году.
1156,Кибербезопасность,"Компьютерный червь — просто другое название вируса, разницы между ними нет.",фейк,62,"Вирус внедряется в другие файлы и распространяется вместе с ними, а червь — самостоятельная программа, которая сама рассылает свои копии по сети."
1157,Материалы,"Тефлон открыли случайно, когда баллон с газом для холодильников неожиданно оказался «пустым».",факт,72,В 1938 году химик Рой Планкетт вскрыл баллон и нашёл внутри белый скользкий порошок — газ полимеризовался. Так появился политетрафторэтилен.
1158,Физика,"Электроны в проводе движутся медленнее улитки, хотя сигнал по нему передаётся почти со скоростью света.",факт,86,"Упорядоченный дрейф электронов в медном проводе составляет доли миллиметра в секунду. Быстро распространяется электромагнитное поле, которое приводит в движение электроны по всей длине провода."
1159,Растения,"Листья клевера обычно состоят из трёх листочков, а четырёхлистный клевер попадается редко.",факт,18,"По оценкам, четырёхлистный встречается примерно на один из нескольких тысяч листьев. Поэтому его и считают знаком удачи."
1160,Повседневная жизнь,"Запекать продукты в фольге нужно строго блестящей стороной внутрь, иначе блюдо не пропечётся.",фейк,66,"Разница между сторонами возникает при прокатке и почти не влияет на готовку. Опыты показывают, что сторона фольги практически не меняет время запекания."
1161,Птицы,"Гнёзда некоторых стрижей-саланганов сделаны из застывшей слюны, и из них варят дорогой суп.",факт,62,"Птицы лепят гнездо из густой слюны, которая застывает на стенах пещер. Суп из ласточкиных гнёзд — деликатес в Китае и Юго-Восточной Азии."
1162,Археология,Останки английского короля Ричарда III в 2012 году нашли под автомобильной парковкой.,факт,62,Парковка находилась на месте разрушенной церкви в Лестере. Скелет с искривлённым позвоночником опознали по ДНК потомков его сестры.
1163,Интернет,"Если провайдер обещает скорость 100 мегабит в секунду, то за секунду скачается 100 мегабайт файла.",фейк,66,"В одном байте 8 бит, поэтому 100 мегабит в секунду — это около 12,5 мегабайта в секунду. Путаница между битами и байтами очень распространена."
1164,Письменность,Орфографическая реформа 1918 года добавила в русский алфавит новые буквы.,фейк,70,"Реформа, наоборот, убрала буквы ѣ, і, ѳ и отменила твёрдый знак на конце слов. Алфавит стал короче."
1165,Повседневная жизнь,Выступы на клавишах F и J клавиатуры помогают вслепую поставить пальцы в исходную позицию.,факт,38,"При слепой печати указательные пальцы лежат на F и J, а остальные — рядом. На цифровом блоке так же отмечена клавиша 5."
1166,Химия,"Благородные газы вообще не вступают в химические реакции, и их соединений не существует.",фейк,86,"В 1962 году получили первое соединение ксенона, а сейчас известны сотни соединений ксенона, криптона и других благородных газов, например фториды ксенона."
1167,Космонавтика,Собаки Белка и Стрелка в 1960 году первыми вернулись живыми на Землю после суточного полёта по орбите.,факт,36,"Они совершили 17 витков на корабле-спутнике вместе с мышами, крысами и растениями. Позже одного из щенков Стрелки подарили семье президента США Джона Кеннеди."
1168,Морская жизнь,"Живые раки в реке красного цвета, точно такого же, как после варки.",фейк,30,"Живые раки зеленовато-бурые. Красный пигмент в их панцире связан с белками, а при варке эти белки разрушаются и цвет проявляется."
1169,Древний мир,"Шёлк в Древнем Риме был так дорог, что сенат пытался запретить мужчинам носить шёлковые одежды.",факт,84,"Шёлк везли из Китая через множество посредников. Запрет при императоре Тиберии объясняли тем, что шёлк разоряет казну и изнеживает граждан."
1170,Математика,"Великую теорему Ферма доказали лишь в 1990-х годах, спустя больше 350 лет после её формулировки.",факт,66,"Ферма записал утверждение на полях книги около 1637 года, заметив, что поля слишком узки для доказательства. Доказательство Эндрю Уайлса опубликовали в 1995 году."
1171,Химия,Самый распространённый по массе химический элемент земной коры — кислород.,факт,76,"Кислород составляет почти половину массы земной коры, но не в виде газа, а в составе минералов — кварца, силикатов, оксидов. На втором месте кремний."
1172,Птицы,"Пеликан носит улов в горловом мешке, как в корзине, и несёт рыбу птенцам.",фейк,64,"Мешок служит сачком: пеликан зачерпывает воду с рыбой, выливает воду и сразу глотает добычу. Птенцам он отрыгивает уже проглоченную пищу."
1173,Материалы,"Даже самая плотная древесина легче воды, и брусок из неё не утонет.",фейк,62,"Древесина некоторых пород, например бакаута и чёрного дерева, тяжелее воды и тонет. Из бакаута делали подшипники для гребных валов кораблей."
1174,Спорт и игры,Первым официальным чемпионом мира по шахматам в истории стал Александр Алехин.,фейк,50,"Первым официальным чемпионом мира стал Вильгельм Стейниц в 1886 году. Алехин завоевал титул в 1927 году, обыграв Капабланку."
1175,Океанология,"В Гибралтарском проливе средиземноморская вода вытекает в Атлантику по дну, а навстречу ей по поверхности течёт атлантическая.",факт,86,"Средиземное море сильно испаряется и становится солонее и тяжелее, поэтому его вода стекает по дну пролива. Подводники в годы войны использовали эти потоки, чтобы бесшумно проходить пролив."
1176,Транспорт,"Если в бензиновой машине закончилось топливо, её можно заправить дизелем без вреда для двигателя.",фейк,30,"Дизельное топливо не подходит бензиновому двигателю: он будет работать с перебоями или заглохнет, а топливную систему придётся промывать."
1177,Архитектура,Звёзды на башнях Московского Кремля сделаны из огромных натуральных рубинов.,фейк,66,"Звёзды сделаны из специального рубинового стекла, окрашенного соединениями селена. Внутри они подсвечиваются мощными лампами."
1178,Химия,"Воздух, которым мы дышим, примерно на 78% состоит из азота, а кислорода в нём около 21%.",факт,34,"Оставшийся процент приходится в основном на аргон, а углекислого газа в атмосфере лишь около 0,04%. Азот почти не участвует в дыхании."
1179,Средневековье,"В Китае книги печатали за сотни лет до того, как это начал делать Гутенберг.",факт,62,Древнейшая датированная печатная книга — буддийская «Алмазная сутра» 868 года. В XI веке Би Шэн придумал подвижный шрифт из обожжённой глины.
1180,XX век,Летние Олимпийские игры 1980 года проходили в Москве и других городах СССР.,факт,24,Игры стали первыми в Восточной Европе. Многие западные страны бойкотировали их из-за ввода советских войск в Афганистан.
1181,Архитектура,"Строителей храма Василия Блаженного по приказу Ивана Грозного ослепили, чтобы они не построили ничего подобного.",фейк,72,"Это легенда, не подтверждённая документами. Известно, что зодчий Постник Яковлев позже участвовал в строительстве Казанского кремля."
1182,Искусственный интеллект,Научные исследования искусственного интеллекта начались уже в эпоху смартфонов и социальных сетей.,фейк,30,Исследования ИИ начались в 1950-х годах: тогда появились первые обучающиеся программы. В 2020-х лишь стали массовыми мощные языковые модели.
1183,XX век,Радиопостановка «Войны миров» в 1938 году вызвала массовую панику по всей Америке.,фейк,86,"Слушателей было не так много, и большинство понимали, что это спектакль. Масштаб паники раздули газеты, соперничавшие с радио за рекламу."
1184,Искусство,"Картина Ивана Айвазовского «Девятый вал» изображает людей, спасающихся после шторма.",факт,34,Полотно 1850 года изображает людей на обломках мачты после ночного шторма. Сейчас оно хранится в Русском музее в Петербурге.
1185,Экономика и деньги,Отрицательных процентных ставок не бывает: банк не может брать деньги за хранение вклада.,фейк,78,"В 2010-х и начале 2020-х годов центральные банки еврозоны, Швейцарии, Японии и других стран держали отрицательные ставки. Некоторые банки брали плату за крупные вклады."
1186,Средневековье,Слово «феодализм» использовали для описания своего общества сами жители средневековой Европы.,фейк,86,"Термин придумали юристы и историки XVII–XVIII веков, описывая прошлое. Средневековые люди так своё общество не называли."
1187,Кино,Исполнитель роли Шерлока Холмса в советском сериале Василий Ливанов получил британский орден.,факт,76,В 2006 году Ливанову вручили орден Британской империи за лучшее воплощение образа Холмса. Многие британцы тоже считают его образ одним из лучших.
1188,Инженерия,"Суэцкий канал, как и Панамский, оборудован шлюзами, поднимающими и опускающими суда.",фейк,76,"Суэцкий канал проходит по низменности и соединяет моря почти одного уровня, поэтому шлюзов в нём нет. Панамский канал пересекает возвышенность, и суда поднимают шлюзами."
1189,Птицы,"Молодые альбатросы могут годами не возвращаться на сушу, всё время проводя над океаном.",факт,62,"После вылета из гнезда молодые странствующие альбатросы несколько лет кочуют над морем, прежде чем вернуться на остров для гнездования."
1190,Экономика и деньги,Несколько коммерческих банков Шотландии до сих пор выпускают собственные банкноты фунта стерлингов.,факт,78,"Такие банкноты выпускают три шотландских банка, и у каждого свой дизайн. В Северной Ирландии тоже есть банки с правом эмиссии."
1191,Археология,"«Сокровище Приама», найденное Шлиманом в Трое, принадлежало царю из «Илиады».",фейк,76,"Позже выяснилось, что клад старше Троянской войны примерно на тысячу лет. Шлиман в спешке прокопал слои, где могла быть гомеровская Троя."
1192,Компьютеры и программирование,"Пробел в тексте компьютер хранит как пустое место, не занимающее памяти.",фейк,72,"Пробел — такой же символ, как буквы: в кодировке ASCII у него код 32. В текстовом файле каждый пробел занимает место."
1193,Интернет,Сокращение www в адресах сайтов означает World Wide Web — «Всемирная паутина».,факт,20,"Всемирную паутину придумал Тим Бернерс-Ли в CERN в 1989–1991 годах. Приставка www перед адресом сайта необязательна, это лишь традиция."
1194,Изобретения,Первые пазлы делали как пособие по географии: карту наклеивали на дощечку и разрезали по границам стран.,факт,66,"Такие «разрезные карты» придумал английский гравёр Джон Спилсбери в 1760-х годах. Играя, дети запоминали расположение стран."
1195,Млекопитающие,"Собаки потеют языком, поэтому в жару высовывают его наружу и часто дышат.",фейк,66,"Собаки охлаждаются, часто дыша: влага испаряется с языка и дыхательных путей. Потовые железы у них есть в основном на подушечках лап."
1196,Инженерия,"Бетон армируют стальной арматурой, потому что он хорошо выдерживает сжатие, но плохо — растяжение.",факт,45,"Сталь берёт на себя растягивающие усилия, а бетон — сжимающие и защищает металл от коррозии. Этот союз работает, потому что оба материала почти одинаково расширяются при нагреве."
1197,Эволюция,"Нептичьи динозавры вымерли около 66 миллионов лет назад, скорее всего, после падения крупного астероида.",факт,22,Следы удара — кратер Чикшулуб на полуострове Юкатан диаметром около 180 километров. По всему миру в слоях того времени находят повышенное содержание иридия.
1198,Вулканы,Самое вулканически активное тело Солнечной системы — спутник Юпитера Ио.,факт,72,"Приливные силы Юпитера постоянно мнут недра Ио, разогревая их. На спутнике известны сотни действующих вулканов, выбрасывающих вещество на сотни километров вверх."
1199,Средневековье,Эпидемия чумы XIV века пришла в Европу из Америки на кораблях Колумба.,фейк,30,Чума пришла из Азии и в 1347 году добралась до Европы через черноморские порты. Колумб отправился в плавание почти через полтора века.
1200,Новое время,"Мушкетёры — выдумка Дюма, а во Франции таких воинов при короле не было.",фейк,62,Роты королевских мушкетёров существовали в XVII–XVIII веках. Прототипом д'Артаньяна был реальный гасконец Шарль де Батц-Кастельмор.
