id,сфера,утверждение,тип,сложность_из_100,пояснение_после_ответа
1201,Генетика,У людей с синдромом Дауна в клетках есть лишняя копия 21-й хромосомы.,факт,40,"Обычно хромосом 46, а при синдроме Дауна — 47. Вероятность такого события растёт с возрастом матери."
1202,Космонавтика,"Космодром Байконур, откуда полетел Гагарин, находится на территории Российской Федерации.",фейк,60,"Байконур расположен в Казахстане, и Россия арендует его. Российские космодромы — Плесецк и Восточный."
1203,Музыка,Антонио Вивальди был священником и учил музыке девочек в венецианском приюте.,факт,82,Из-за цвета волос его прозвали «рыжим священником». Для воспитанниц приюта он написал сотни концертов.
1204,Экономика и деньги,"Цены вроде 99 рублей кажутся покупателям заметно ниже круглых, хотя разница всего рубль.",факт,28,"Мы читаем число слева направо и сильнее обращаем внимание на первую цифру. Поэтому 1999 воспринимается скорее как «тысяча с чем-то», чем как две тысячи."
1205,Кино,Фильм «Летят журавли» получил главный приз Каннского кинофестиваля — «Золотую пальмовую ветвь».,факт,60,"Картина Михаила Калатозова победила в 1958 году. Это единственный советский фильм, удостоенный этой награды."
1206,Математика,"Десятичная дробь 0,125 больше, чем 0,5, ведь в ней больше цифр.",фейк,20,"Сравнивать нужно разряды слева направо: 0,5 — это пять десятых, а 0,125 — лишь одна десятая с небольшим. Значит, 0,5 больше."
1207,Мозг и восприятие,"Мозг взрослого человека весит в среднем 1,3–1,4 килограмма, чуть больше литровой бутылки воды.",факт,36,"У мужчин он в среднем немного тяжелее, чем у женщин, но масса мозга не определяет ум. Мозг на 70–80% состоит из воды."
1208,Искусство,Фреска Леонардо «Тайная вечеря» начала разрушаться ещё при жизни художника.,факт,66,"Леонардо писал темперой и маслом по сухой штукатурке, а не по сырой, как требует классическая фреска. Краска плохо держалась и начала осыпаться уже через несколько десятилетий."
1209,Анатомия,"Сердце — это мышца, которая сокращается без нашего сознательного участия.",факт,16,Ритм задают клетки водителя ритма в самом сердце. Нервная система лишь ускоряет или замедляет его.
1210,Материалы,Линолеум с самого своего изобретения в XIX веке делают из пластика.,фейк,86,"Натуральный линолеум придумали в 1860-х годах из льняного масла, древесной или пробковой муки и смол на джутовой основе. Название значит «льняное масло»."
1211,Кибербезопасность,"Бытовые умные устройства, например видеокамеры, в хакерских атаках не участвуют.",фейк,76,"В 2016 году ботнет Mirai из сотен тысяч заражённых камер и роутеров устроил одну из крупнейших атак, нарушив работу многих популярных сайтов."
1212,Археология,От корабля-захоронения Саттон-Ху в Англии почти не осталось дерева — лишь отпечатки обшивки и заклёпки в песке.,факт,86,"Корабль длиной около 27 метров раскопали в 1939 году. Внутри нашли сокровища англосаксонского короля, включая знаменитый шлем."
1213,Авиация,"Авиалайнеры летают на высоте около 10 километров, чтобы не задеть горы.",фейк,46,"Высочайшие горы ниже 9 километров. На большой высоте воздух разреженный, сопротивление меньше и двигатели расходуют меньше топлива."
1214,Сон,Ночной сон состоит из повторяющихся циклов длиной примерно по полтора часа.,факт,44,Каждый цикл включает фазы медленного и быстрого сна. За ночь обычно проходит четыре-шесть таких циклов.
1215,Грибы и микробы,Гигантский дождевик может вырасти размером с футбольный мяч и даже больше.,факт,54,В одном крупном дождевике — триллионы спор. Молодые дождевики с белой мякотью съедобны.
1216,Экология,"По оценкам, домашние и бездомные кошки в США ежегодно убивают больше миллиарда птиц.",факт,82,"Исследование 2013 года оценило число жертв кошек в 1,3–4 миллиарда птиц в год. Это одна из главных причин гибели птиц в стране."
1217,Вулканы,Самый большой вулкан на всей планете — итальянский Везувий близ Неаполя.,фейк,36,Везувий невысок — около 1300 метров. Крупнейшие вулканы — гавайский Мауна-Лоа и подводный массив Таму в Тихом океане.
1218,Сон,"Сильный недосып ухудшает реакцию водителя примерно так же, как небольшое количество алкоголя.",факт,40,После суток без сна внимание и реакция в тестах сравнимы с состоянием лёгкого опьянения. Сонливость за рулём — частая причина аварий.
1219,Анатомия,"Подъязычная кость — единственная кость человека, не соединённая суставом ни с одной другой костью.",факт,76,Она подвешена на мышцах и связках под нижней челюстью. К ней крепятся мышцы языка и гортани.
1220,Растения,Самое высокое известное дерево в мире — секвойя по прозвищу «Гиперион» высотой около 116 метров.,факт,66,"Дерево нашли в Калифорнии в 2006 году. Его точное местоположение держат в секрете, чтобы туристы не повредили корни."
1221,Искусственный интеллект,"Без интернета смартфон не может запускать нейросети, например для распознавания лица.",фейк,52,"Многие нейросети работают прямо на телефоне: разблокировка по лицу, распознавание речи, обработка фото. Для этого в процессорах есть специальные блоки."
1222,XX век,"Первая в мире атомная электростанция, давшая ток в общую сеть, заработала в 1954 году в Обнинске.",факт,60,Её мощность была всего 5 мегаватт. Станция проработала почти полвека и стала музеем.
1223,Космонавтика,МКС висит на геостационарной орбите и всё время находится над одной точкой Земли.,фейк,52,МКС летает на высоте около 400 километров и облетает планету примерно за 90 минут. Геостационарная орбита в 90 раз выше — около 36 тысяч километров.
1224,История медицины,"Кесарево сечение названо так потому, что таким способом родился Юлий Цезарь.",фейк,70,"Мать Цезаря Аврелия прожила ещё много лет после его рождения, а в то время такую операцию делали лишь умершим роженицам. Происхождение названия, скорее всего, связано с латинским словом «резать»."
1225,Физика,"Металлическая ложка в горячем чае нагревается быстрее деревянной, потому что металл лучше проводит тепло.",факт,20,В металлах тепло переносят свободные электроны. Поэтому у кастрюль часто делают деревянные или пластиковые ручки.
1226,Спорт и игры,Красные и жёлтые карточки в футболе ввели ещё в первых правилах XIX века.,фейк,70,"Карточки впервые применили на чемпионате мира 1970 года. Идея пришла английскому судье Кену Астону, когда он стоял у светофора."
1227,Психология,"Вещь, которая уже принадлежит человеку, кажется ему ценнее такой же, но чужой.",факт,64,"В опытах люди просили за полученную кружку примерно вдвое больше, чем готовы были заплатить за такую же. Это эффект владения."
1228,Искусство,Художник-сюрреалист Сальвадор Дали был итальянцем и родился в окрестностях Милана.,фейк,36,"Дали родился в Испании, в каталонском городе Фигерас. Там сейчас находится его театр-музей."
1229,Спорт и игры,Волан в бадминтоне после удара летит быстрее мяча в любом другом виде спорта с ракеткой.,факт,72,"При смэше начальная скорость волана превышает 400 км/ч. Правда, из-за перьев он быстро теряет скорость."
1230,Повседневная жизнь,Застёжку-молнию изобрели советские инженеры в 1930-х годах для лётных комбинезонов.,фейк,50,Современную застёжку-молнию создал шведско-американский инженер Гидеон Сундбек в 1913 году. Похожие застёжки патентовали в США ещё в XIX веке.
1231,Грибы и микробы,"Трюфели растут под землёй, и искать их помогают специально обученные собаки или свиньи.",факт,36,"Спелые трюфели выделяют сильный запах, который чувствуют животные. Свиньи хорошо находят трюфели, но норовят их съесть, поэтому чаще берут собак."
1232,Кино,Знаменитый мультфильм Юрия Норштейна «Ёжик в тумане» нарисовали на компьютере.,фейк,30,Юрий Норштейн снял его в 1975 году вручную: фигурки из бумаги перемещали на нескольких слоях стекла. Туман создавали с помощью тонкой кальки.
1233,Млекопитающие,"Утконос — единственное на Земле млекопитающее, которое откладывает яйца, а не рождает детёнышей.",фейк,74,"Яйца откладывают и ехидны. Утконос и ехидны — однопроходные млекопитающие, живущие в Австралии и на Новой Гвинее."
1234,Мозг и восприятие,"То, что мы видим на губах говорящего, может изменить звук, который мы слышим.",факт,78,"Это эффект Мак-Гурка: если на видео губы произносят «га», а звучит «ба», многие слышат «да». Мозг объединяет зрение и слух."
1235,Компьютеры и программирование,"Твердотельный накопитель, как и жёсткий диск, хранит данные на вращающихся магнитных пластинах.",фейк,48,"В SSD нет движущихся частей: данные записаны во флеш-памяти. Поэтому такие накопители быстрее, тише и не боятся тряски."
1236,Археология,"Кроманьонцы, первые современные люди в Европе, были заметно ниже нас.",фейк,62,Кроманьонцы были высокими: многие мужчины — около 175–180 сантиметров. Рост людей позже снижался с переходом к земледелию.
1237,Астрономия,В хороший телескоп на Марсе можно разглядеть текущие реки и небольшие моря.,фейк,26,"Жидкой воды на поверхности Марса сейчас нет: давление слишком низкое, и лёд испаряется, минуя жидкую фазу. Древние русла рек видны лишь на снимках с орбиты."
1238,Вулканы,Самый высокий действующий вулкан Земли — Охос-дель-Саладо на границе Чили и Аргентины.,факт,84,"Его высота почти 6900 метров. Мощных извержений в историческое время не было, но на вулкане есть активные газовые выходы."
1239,Психология,Скрытая реклама «25-го кадра» в кино доказанно заставляет зрителей покупать товары.,фейк,86,Знаменитый опыт 1957 года с призывом пить колу его автор позже признал выдумкой. Надёжных доказательств такой силы у скрытой рекламы нет.
1240,Океанология,"Вода в Северном Ледовитом океане пресная, потому что он покрыт льдом.",фейк,64,"Вода Северного Ледовитого океана солёная, хотя и менее солёная, чем в среднем в океане. При замерзании соль уходит изо льда в воду."
1241,Генетика,Пол будущего ребёнка определяет мать: именно её яйцеклетка несёт X- или Y-хромосому.,фейк,44,"Яйцеклетка всегда несёт X-хромосому. Пол определяется тем, какой сперматозоид её оплодотворит — с X- или с Y-хромосомой."
1242,Древний мир,Уже в Древнем Египте пользовались календарём из 365 дней в году.,факт,48,"Год делили на 12 месяцев по 30 дней и добавляли пять праздничных дней. Високосного дня не было, и календарь постепенно расходился с сезонами."
1243,Спорт и игры,"В хоккейной команде на льду одновременно шесть игроков, включая вратаря.",факт,28,"Обычно это вратарь, два защитника и три нападающих. Вратаря можно заменить полевым игроком, чтобы усилить атаку."
1244,Еда и кулинария,"Кофе обезвоживает организм: жидкости выводится больше, чем поступает с чашкой.",фейк,64,"Мочегонный эффект кофе слабый, и у привычных к нему людей почти исчезает. Умеренное количество кофе в итоге пополняет запас жидкости."
1245,Морская жизнь,"Морские огурцы при опасности выбрасывают часть внутренностей, которые потом отрастают заново.",факт,76,"Голотурии выбрасывают липкие нити или кишечник, отвлекая хищника. Утраченные органы восстанавливаются за несколько недель."
1246,Авиация,Советский сверхзвуковой пассажирский самолёт Ту-144 поднялся в воздух раньше «Конкорда».,факт,66,"Ту-144 впервые взлетел 31 декабря 1968 года, на два месяца раньше «Конкорда». Регулярные пассажирские рейсы он выполнял недолго."
1247,Эволюция,"Первые млекопитающие появились на Земле лишь после того, как вымерли динозавры.",фейк,72,"Первые млекопитающие жили ещё более 200 миллионов лет назад, рядом с динозаврами. После вымирания динозавров они лишь заняли освободившиеся места и стали крупнее."
1248,Музыка,Мелодию государственного гимна США специально для него сочинил американский композитор.,фейк,74,Мелодия взята из английской песни клуба любителей музыки XVIII века. Стихи на неё написал Фрэнсис Скотт Ки в 1814 году.
1249,Океанология,"Если сильно хочется пить, небольшое количество морской воды безопасно утолит жажду.",фейк,38,"Морская вода солонее жидкостей тела, и чтобы вывести соль, почкам нужно больше воды, чем было выпито. Жажда и обезвоживание только усилятся."
1250,Психология,"Люди охотнее соглашаются на крупную просьбу, если перед этим уже выполнили маленькую.",факт,58,"Эту технику называют «нога в двери». Согласившись однажды, человек начинает видеть себя тем, кто помогает, и ему труднее отказать."
1251,Искусство,Знаменитая картина Сандро Боттичелли «Рождение Венеры» написана масляными красками на холсте.,фейк,86,Картина написана темперой — красками на яичной основе. Для Флоренции того времени был необычен и холст: обычно писали на деревянных досках.
1252,Интернет,"В Эстонии можно проголосовать на парламентских выборах через интернет, не выходя из дома.",факт,62,Интернет-голосование там доступно с 2005 года. Граждане подтверждают личность электронным удостоверением.
1253,Письменность,"Римские цифры до сих пор используют, например, для обозначения веков.",факт,16,"Мы пишем XXI век, а также нумеруем римскими цифрами главы, тома и монархов. Раньше их ставили и на циферблаты часов."
1254,Музыка,Седьмую симфонию Шостаковича исполнили в блокадном Ленинграде в августе 1942 года.,факт,42,"Истощённых музыкантов собирали по всему городу, а концерт транслировали по радио. Он стал символом стойкости ленинградцев."
1255,Океанология,"Мёртвое море — одно из морей Мирового океана, соединённое с ним проливом.",фейк,52,"Мёртвое море — бессточное солёное озеро, не связанное с океаном. Морем его называют по традиции."
1256,Растения,Растения с красными или фиолетовыми листьями не способны к фотосинтезу.,фейк,62,"В таких листьях тоже есть хлорофилл, просто его маскируют красные пигменты. Поэтому краснолистные сорта клёна или базилика растут нормально."
1257,Средневековье,Столетняя война между Англией и Францией длилась больше ста лет.,факт,34,Война с перерывами шла с 1337 по 1453 год — 116 лет. В ней прославилась Жанна д'Арк.
1258,Млекопитающие,"Бегемоты — отличные пловцы и часами плавают в реках, держась на поверхности.",фейк,70,"Бегемоты плавать почти не умеют: они слишком тяжёлые и не держатся на плаву. Они ходят и отталкиваются от дна, выныривая за воздухом."
1259,Искусственный интеллект,Спам-фильтры в электронной почте давно используют машинное обучение для распознавания рекламы.,факт,34,"Фильтр учится на миллионах писем, которые пользователи отмечают как спам, и подстраивается под новые уловки рассыльщиков."
1260,Инженерия,Стенку плотины делают одинаковой толщины от основания до самого верха.,фейк,52,"Давление воды растёт с глубиной, поэтому у основания плотина намного толще, чем наверху. В поперечном разрезе многие плотины похожи на треугольник."
1261,Насекомые,Песня некоторых цикад бывает громче ста децибел — как отбойный молоток.,факт,66,"Звук создают особые мембраны на брюшке, а полое тело работает как резонатор. Чтобы не оглохнуть, самцы на время отключают собственный слух."
1262,Материалы,"Титан так дорог потому, что его добывают в основном из упавших метеоритов.",фейк,78,"Титан — один из самых распространённых металлов земной коры, его получают из обычных минералов. Дорог он из-за сложной и энергоёмкой технологии выплавки."
1263,Грибы и микробы,"Грибы в лесу появляются лишь осенью, а летом и весной их не бывает.",фейк,30,"Сморчки и строчки растут весной, а подберёзовики и лисички — с начала лета. Осенью грибов просто больше."
1264,Экономика и деньги,"Слово «рубль», по основной версии, связано с глаголом «рубить» — отрубать.",факт,62,"Рублём называли кусок, отрубленный от серебряного слитка — гривны. Со временем так стали называть денежную единицу."
1265,Грибы и микробы,"Бактерии живут почти повсюду: в почве, воде, воздухе и на нашей коже.",факт,16,В одном грамме почвы могут быть миллиарды бактерий. Большинство из них безвредны или даже полезны.
1266,Млекопитающие,"Белки прячут на зиму орехи и жёлуди в тайниках, и многие из них потом не находят.",факт,28,"Забытые запасы прорастают, поэтому белки помогают расселению деревьев. Часть тайников они всё же находят по памяти и запаху."
1267,Грибы и микробы,"Дрожжи в тесте погибают уже при тридцати градусах, поэтому тесто нельзя держать в тепле.",фейк,58,Дрожжи лучше всего работают примерно при 30–35 °C. Погибать они начинают примерно при 50–60 °C.
1268,Насекомые,"Муравьи-кочевники строят временные гнёзда прямо из собственных тел, сцепившись лапками друг с другом.",факт,70,"Такой живой бивак из сотен тысяч муравьёв внутри поддерживает нужную температуру. Утром он распадается, и колония идёт дальше."
1269,Древний мир,Атлеты на древних Олимпийских играх в Греции соревновались полностью обнажёнными.,факт,44,"Слово «гимнастика» происходит от греческого слова, означающего «обнажённый». Женщинам-зрительницам, по преданию, было запрещено присутствовать на играх."
1270,Авиация,"Самолёты по возможности взлетают и садятся против ветра, а не по ветру.",факт,44,"Встречный ветер увеличивает скорость обтекания крыла, и самолёт отрывается от земли на меньшей скорости и короткой дистанции. Поэтому у аэродромов часто несколько полос разных направлений."
1271,Математика,Английское слово billion и французское billion обозначают одно и то же число.,фейк,86,"В английском billion — это миллиард, а во французском — триллион, тысяча миллиардов. Из-за разных систем названий больших чисел при переводе легко ошибиться."
1272,Авиация,"Если у авиалайнера откажут все двигатели, он сразу упадёт камнем.",фейк,44,Без двигателей самолёт превращается в планёр и может пролететь десятки километров. Известны случаи успешной посадки после отказа всех двигателей.
1273,Средневековье,При осаде Константинополя в 1453 году турки перетащили корабли по суше в залив Золотой Рог.,факт,80,"Вход в залив перекрывала цепь, и султан Мехмед II велел проложить деревянный настил и перевезти по нему десятки кораблей. Вскоре город пал."
1274,Спорт и игры,Сноуборд впервые вошёл в программу зимних Олимпийских игр в 1998 году.,факт,66,Дебют состоялся на Играх в японском Нагано. Сейчас сноубордисты разыгрывают на Олимпиадах больше десятка комплектов медалей.
1275,Млекопитающие,"У каждой зебры свой, неповторимый рисунок полос, как отпечатки пальцев у людей.",факт,36,"Узор полос уникален, как отпечатки пальцев, и исследователи различают по нему отдельных животных. Зачем зебрам полосы, спорят до сих пор."
1276,Экономика и деньги,Банк хранит все деньги вкладчиков наличными в своих сейфах и хранилищах.,фейк,46,"Большую часть вкладов банки выдают в виде кредитов и вкладывают, оставляя в резерве лишь небольшую долю. Наличными в хранилищах лежит малая часть денег."
1277,Морская жизнь,Акула способна учуять одну каплю крови в воде за несколько километров.,фейк,76,"Акулы действительно чувствительны к запаху крови, но речь идёт о сотнях метров и очень малых концентрациях вблизи. Километры — преувеличение из фильмов."
1278,Интернет,Кнопку «Нравится» для постов первой в мире придумала социальная сеть Facebook.,фейк,86,"Кнопка «лайк» появилась в 2007 году в сервисе FriendFeed, а Facebook ввёл свою в 2009 году. Позже Facebook купил FriendFeed."
1279,Архитектура,Александровская колонна на Дворцовой площади ничем не прикреплена к основанию и держится под собственным весом.,факт,86,Гранитный монолит весом около 600 тонн установили в 1832 году. Его точно выверенная масса обеспечивает устойчивость.
1280,Космонавтика,"Советский «Луноход-1» ездил по Луне сам, без управления с Земли.",фейк,70,"Луноходом управлял экипаж операторов из центра управления в Крыму, глядя на снимки с его камер. Сигнал шёл с задержкой в несколько секунд."
1281,Кино,Винни-Пуха в советском мультфильме Фёдора Хитрука озвучил актёр Евгений Леонов.,факт,44,Для особого звучания запись голоса Леонова ускоряли. Мультфильм Фёдора Хитрука вышел в 1969 году.
1282,Письменность,"Русские слова пишутся точно так, как произносятся, буква в букву.",фейк,36,"Мы пишем «молоко», а говорим «малако», пишем «что», а произносим «што». Правописание в русском опирается на морфологию, а не только на звучание."
1283,Сон,После бессонной ночи чашка крепкого кофе полностью возвращает водителю прежнюю реакцию.,фейк,62,"Кофеин ненадолго снимает сонливость, но не устраняет последствий недосыпа. Лучшее средство — сон, хотя бы короткий."
1284,Кибербезопасность,"Обновления программ часто закрывают уязвимости, поэтому их стоит устанавливать без долгих отсрочек.",факт,18,"Многие атаки используют известные ошибки, уже исправленные разработчиками. Устаревшая система остаётся открытой для них."
1285,Повседневная жизнь,"Зарядное устройство, оставленное в розетке без телефона, совсем не потребляет электричество.",фейк,52,"Даже без телефона зарядка потребляет немного энергии и слегка греется. Для одного устройства это копейки, но в масштабах страны набегает заметно."
1286,Искусство,"Абстрактную живопись придумали американские художники в 1950-х годах, после войны.",фейк,62,"Одни из первых абстрактных картин создали Василий Кандинский, Казимир Малевич и другие художники в 1910-х годах. Американский абстрактный экспрессионизм появился позже."
1287,Геология,Уральские горы — одни из самых древних горных систем на Земле.,факт,44,"Урал образовался сотни миллионов лет назад при столкновении древних материков. С тех пор горы сильно разрушились, поэтому они невысокие и пологие."
1288,Насекомые,"Бабочки пьют нектар через длинный хоботок, который в покое свёрнут спиралью.",факт,26,Хоботок разворачивается при кормлении. У некоторых бражников он длиннее всего тела бабочки.
1289,Транспорт,Первая линия московского метро в 1935 году соединила «Сокольники» и «Парк культуры».,факт,64,Длина линии была около 11 километров с 13 станциями. Сейчас это часть Сокольнической линии.
1290,Литература,"Сказки Андерсена — это записанный им датский фольклор, а не авторские произведения.",фейк,64,"Большинство сказок Андерсена — его собственные сочинения, например «Гадкий утёнок» и «Русалочка». Лишь некоторые основаны на народных сюжетах."
1291,Астрономия,"Светлая полоса Млечного Пути на ночном небе — это наша собственная Галактика, видимая изнутри.",факт,34,"Мы смотрим вдоль диска Галактики, где собраны сотни миллиардов звёзд, и их свет сливается в полосу. В городах её не видно из-за засветки."
1292,Архитектура,Знаменитый храмовый комплекс Ангкор-Ват в Камбодже изначально построили как буддийский монастырь.,фейк,86,"Храм возвели в XII веке как индуистский, посвящённый богу Вишну. Буддийским святилищем он стал позже."
1293,Насекомые,"Бабочки-монархи летят из Канады в Мексику и обратно, и один и тот же мотылёк проделывает весь путь.",фейк,86,"На юг летит особое долгоживущее поколение и зимует в Мексике. Весной бабочки начинают обратный путь, но до Канады добираются их дети и внуки."
1294,Эволюция,"Все домашние собаки, от чихуахуа до дога, произошли от волков.",факт,16,"Собаки отделились от волков десятки тысяч лет назад, когда волки начали жить рядом с людьми. Все породы — от чихуахуа до дога — один вид."
1295,Насекомые,"Некоторые муравьи держат тлей, как скот, и «доят» их ради сладких выделений.",факт,62,Тли высасывают сок растений и выделяют сладкую падь. Муравьи охраняют тлей от хищников и даже переносят их на новые растения.
1296,Новое время,Во время войны 1812 года после вступления Наполеона Москва горела несколько дней.,факт,50,"Пожар сентября 1812 года уничтожил большую часть деревянной Москвы. Причины спорят до сих пор: поджоги отступающими, мародёрство, неосторожность."
1297,Математика,"Високосным бывает каждый четвёртый год, и исключений из этого правила нет.",фейк,72,"По григорианскому календарю годы, кратные 100, високосными не считаются, если не делятся на 400. Поэтому 1900 год был обычным, а 2000 — високосным."
1298,Млекопитающие,"Летучие мыши-вампиры делятся кровью с голодными сородичами, отрыгивая её из желудка.",факт,86,"Вампир без еды гибнет за двое-трое суток. Исследования показали, что они чаще делятся с теми, кто раньше делился с ними."
1299,Птицы,"Некоторые вороны не только пользуются орудиями, но и изготавливают их.",факт,44,"Новокаледонские вороны делают крючки из веточек и листьев, чтобы доставать личинок из щелей. В опытах они решают задачи из нескольких шагов."
1300,Экология,Шум от проходящих кораблей мешает китам общаться друг с другом под водой.,факт,56,"Киты переговариваются звуками на большие расстояния, а гул судов перекрывает их. Когда после 2001 года в одном районе резко сократилось судоходство, у китов снизился уровень гормонов стресса."
1301,Древний мир,Александр Македонский дожил до глубокой старости и умер в своей постели.,фейк,36,Александр умер в 323 году до н. э. в Вавилоне в возрасте 32 лет. За свою короткую жизнь он создал огромную державу.
1302,Генетика,"По числу хромосом человек опережает почти всех животных, что и объясняет его сложность.",фейк,72,"У собаки 78 хромосом, у карпа около ста, а у некоторых бабочек — больше двухсот. Число хромосом не связано со сложностью организма."
1303,Инженерия,Самая высокая плотина в мире — китайская Цзиньпин-1 высотой около 305 метров.,факт,86,Это арочная бетонная плотина на реке Ялунцзян. По высоте она сравнима с Эйфелевой башней.
1304,Искусство,"Акварель — это краска на масляной основе, которую разводят растворителем.",фейк,20,Акварель разводят водой — отсюда и название от латинского aqua. Масляные краски растворяют маслом и разбавителями.
1305,Изобретения,Первая жевательная резинка поступила в продажу в Америке уже после Второй мировой войны.,фейк,50,Коммерческая жвачка на основе смолы и чикле продавалась уже в XIX веке. А жевали смолы деревьев ещё в древности.
1306,Геология,Под дном океана землетрясений не бывает — они происходят только на суше.,фейк,50,"Множество землетрясений происходит под дном океанов, особенно у срединных хребтов и глубоководных желобов. Подводные толчки и вызывают цунами."
1307,Кибербезопасность,Пароль из восьми строчных латинских букв современный компьютер может подобрать очень быстро.,факт,50,"Таких паролей около 200 миллиардов, а специальное оборудование перебирает миллиарды вариантов в секунду. Длина и случайность пароля важнее сложных символов."
1308,Литература,Роман «Отцы и дети» с героем-нигилистом Базаровым написал Лев Толстой.,фейк,30,Роман написал Иван Тургенев в 1862 году. В нём появился образ нигилиста Базарова.
1309,Повседневная жизнь,Стеклопакеты сохраняют тепло в основном благодаря прослойке воздуха или газа между стёклами.,факт,44,"Газ плохо проводит тепло, а стекло само по себе проводит его неплохо. Иногда между стёклами закачивают аргон, который удерживает тепло лучше воздуха."
1310,Генетика,"Первым млекопитающим, клонированным из клетки взрослого животного, стала овечка Долли.",факт,36,Долли родилась в 1996 году в Шотландии. Её клонировали из клетки молочной железы взрослой овцы.
1311,Экология,Озоновая дыра над Антарктидой постепенно затягивается после международного запрета фреонов.,факт,56,"Монреальский протокол 1987 года ограничил вещества, разрушающие озон. Учёные ожидают, что над Антарктидой озоновый слой восстановится примерно к 2060-м годам."
1312,Морская жизнь,"Жемчужина обычно образуется, когда в раковину моллюска случайно попадает песчинка.",фейк,74,"Обычно жемчуг возникает вокруг паразита или кусочка ткани, попавших внутрь. Песчинки моллюск, как правило, просто выводит наружу."
1313,Компьютеры и программирование,"Мобильная операционная система Android построена на основе ядра Linux, как и многие серверы.",факт,48,"Ядро Linux управляет памятью, процессами и устройствами телефона. Поэтому самыми распространёнными устройствами на Linux стали смартфоны."
1314,Климат и погода,Дождевые капли разгоняются в падении до сотен километров в час.,фейк,72,Сопротивление воздуха ограничивает скорость: крупные капли падают не быстрее примерно 30 километров в час. Иначе дождь был бы опасен.
1315,Экология,Большую часть выброшенного в мире пластика собирают и перерабатывают заново.,фейк,56,"По оценкам, перерабатывается лишь около десятой части всего произведённого пластика. Остальное сжигают, закапывают или выбрасывают в природу."
1316,Повседневная жизнь,"Первые средства для чистки зубов появились в XX веке, а раньше зубы полоскали водой.",фейк,46,"Порошки и пасты для чистки зубов использовали ещё в Древнем Египте, а пасту в тюбике начали продавать в конце XIX века."
1317,XX век,Во время Второй мировой войны американская армия передавала секретные сообщения на языке индейцев навахо.,факт,64,"Язык навахо был бесписьменным и сложным, и противник не смог его расшифровать. Связистов-навахо называли шифровальщиками."
1318,Древний мир,Древние египтяне считали кошек вредителями и старательно истребляли их в городах.,фейк,30,"Египтяне почитали кошек и связывали их с богиней Бастет. Кошки защищали зерно от грызунов, а после смерти их даже мумифицировали."
1319,Вулканы,"Извержение Везувия в 79 году похоронило не только Помпеи, но и соседний город Геркуланум.",факт,38,"Геркуланум накрыли раскалённые потоки, и благодаря этому там сохранились даже деревянные предметы и свитки. Их пытаются прочесть с помощью томографии и нейросетей."
1320,Растения,"Клубни картофеля, которые мы выкапываем и едим, — это корни растения.",фейк,52,"Клубень — утолщённый подземный побег. На нём есть «глазки» — почки, из которых вырастают новые ростки."
1321,Искусство,Пабло Пикассо стал одним из основателей кубизма в начале XX века.,факт,36,"Вместе с Жоржем Браком Пикассо в начале XX века начал изображать предметы как бы с нескольких точек зрения сразу, разложенными на геометрические формы."
1322,Млекопитающие,"Кошки видят в полной темноте так же хорошо, как днём.",фейк,64,"Кошачьим глазам нужно хотя бы немного света, но они обходятся в шесть-семь раз меньшим количеством, чем человеческие. В абсолютной темноте кошка ориентируется на слух и усы."
1323,Языки,Слово «кенгуру» на языке аборигенов означает «я вас не понимаю».,фейк,76,Это популярная легенда. Слово происходит от gangurru — так на языке гуугу-йимитир называли определённый вид кенгуру.
1324,Сон,"Слепые от рождения люди видят сны, но в них нет зрительных образов — только звуки, запахи и ощущения.",факт,66,"Те, кто потерял зрение в раннем детстве, обычно тоже не видят во сне картинок. Ослепшие позже продолжают видеть зрительные сны."
1325,Химия,"Горящий магний можно безопасно потушить обычной водой, как костёр или бумагу.",фейк,76,"Раскалённый магний отнимает кислород у воды, выделяя водород, и пламя только разгорается. Его тушат сухим песком или специальными порошками."
1326,Письменность,Запятая появилась в письменности совсем недавно — в эпоху пишущих машинок.,фейк,20,"Знак, похожий на запятую, использовали ещё в античных и средневековых рукописях, а в привычном виде она распространилась с развитием книгопечатания в XV–XVI веках."
1327,Археология,"Древние цивилизации Америки, как и Египет, возили грузы на телегах с колёсами.",фейк,74,"Колесо в древней Америке знали лишь по игрушкам. Грузы переносили люди, а в Андах — ламы."
1328,История медицины,Хирург Амбруаз Паре в XVI веке отказался от прижигания огнестрельных ран кипящим маслом.,факт,76,"Однажды масло закончилось, и Паре обработал раны смесью из желтка и масла. Наутро эти раненые чувствовали себя лучше, и он больше не использовал кипящее масло."
1329,Медицина,После удаления одного лёгкого человек может прожить ещё долгие годы.,факт,40,"После удаления лёгкого оставшееся постепенно берёт на себя часть работы. Выносливость снижается, но обычная повседневная жизнь возможна."
1330,Материалы,"Существует бетон, пропускающий свет: в него заливают множество тонких стеклянных волокон.",факт,72,Волокна проходят насквозь и передают свет с одной стороны блока на другую. Через такую стену видны силуэты и тени.
1331,Космонавтика,"Алексей Леонов стал первым человеком, вышедшим в открытый космос без страховочного фала.",фейк,86,Леонов был связан с кораблём фалом. Первым свободно полетел рядом с кораблём американец Брюс Маккэндлесс в 1984 году с помощью реактивного ранца.
1332,Археология,Каменный век закончился одновременно на всех материках и у всех народов.,фейк,44,"Переход к металлам шёл тысячелетиями и в разное время: на Ближнем Востоке — около пяти-шести тысяч лет назад, а в некоторых регионах каменными орудиями пользовались ещё в новое время."
1333,Астрономия,"И тысячи лет назад, и через тысячи лет над Северным полюсом мира будет сиять именно Полярная звезда.",фейк,74,"Из-за прецессии земная ось медленно описывает конус с периодом около 26 тысяч лет. Примерно через 12 тысяч лет «полярной» станет Вега, а во времена египетских пирамид ею был Тубан."
1334,Интернет,"Первым товаром, проданным на интернет-аукционе eBay, стала сломанная лазерная указка.",факт,74,"Основатель сервиса Пьер Омидьяр выставил её в 1995 году и удивился, что её купили. Покупатель объяснил, что коллекционирует сломанные лазерные указки."
1335,Новое время,"Наполеона короновал римский папа, собственноручно возложив на него императорскую корону.",фейк,68,"Папа Пий VII присутствовал на коронации в соборе Парижской Богоматери в 1804 году, но корону Наполеон возложил на себя сам."
1336,Экономика и деньги,"Римские императоры чеканили на монетах свои портреты, и монеты служили средством пропаганды.",факт,40,"Монеты ходили по всей империи, и через них люди узнавали, как выглядит правитель и чем он прославился."
1337,Анатомия,"Мышцы растут прямо во время тренировки, а не во время отдыха после неё.",фейк,66,"Во время нагрузки мышечные волокна получают микроповреждения, а растут и укрепляются во время восстановления. Поэтому важны сон и перерывы между тренировками."
1338,География,"Столица Бразилии — не Рио-де-Жанейро, а специально построенный город Бразилиа.",факт,40,Бразилиа построили в глубине страны за несколько лет и сделали столицей в 1960 году. Сверху город похож на самолёт.
1339,Психология,Человек способен одновременно внимательно слушать два разных разговора и понимать оба.,фейк,30,"Внимание к речи ограничено: из второго разговора мы улавливаем лишь отдельные слова, например собственное имя. Переключение между разговорами тоже сбивает понимание."
1340,Математика,В одном гектаре десять тысяч квадратных метров — это квадрат со стороной сто метров.,факт,26,Гектар удобен для измерения полей и участков. В одном квадратном километре сто гектаров.
1341,Растения,"Если проглотить семечко арбуза, оно может прорасти прямо в желудке.",фейк,18,"Для прорастания нужны почва и свет, а желудочный сок и пищеварение не дают семени развиваться. Проглоченные семечки просто выходят из организма."
1342,Древний мир,Римская армия состояла из профессиональных солдат с самого основания Рима.,фейк,74,Долгое время в армии служили граждане-ополченцы. Профессиональной она стала после реформ полководца Мария около 107 года до н. э.
1343,Архитектура,Собор Святой Софии в Константинополе почти тысячу лет оставался крупнейшим храмом мира.,факт,70,Собор построили в 537 году при императоре Юстиниане. Лишь в 1520 году его превзошёл собор в Севилье.
1344,Физика,"На Луне человек мог бы подпрыгнуть примерно в шесть раз выше, чем на Земле.",факт,45,"Притяжение на Луне примерно в шесть раз слабее земного. Правда, тяжёлый скафандр сильно ограничивает движения астронавтов."
1345,Искусственный интеллект,Шашки решены полностью: при безошибочной игре обеих сторон партия заканчивается вничью.,факт,86,Команда программы Chinook доказала это в 2007 году после почти двадцати лет вычислений. Для шахмат такой результат пока недостижим.
1346,Экономика и деньги,Биржевых «быков» и «медведей» назвали по изображениям этих зверей на эмблеме Нью-Йоркской биржи.,фейк,72,"Названия связывают с тем, как нападают звери: бык подбрасывает рогами вверх, а медведь бьёт лапой сверху вниз. «Быки» играют на повышение, «медведи» — на понижение."
1347,Еда и кулинария,Больше всего витамина C среди всех плодов и ягод содержит лимон.,фейк,66,"Лимон уступает шиповнику, чёрной смородине, облепихе, киви и даже сладкому перцу. В шиповнике витамина C во много раз больше."
1348,Средневековье,Чингисхан родился в Китае и был по происхождению китайским императором.,фейк,34,"Чингисхан — монгольский правитель, объединивший монгольские племена. Китай завоевали его потомки, а внук Хубилай основал династию Юань."
1349,Физика,Температура −40 градусов по Цельсию равна −40 градусам по Фаренгейту.,факт,62,Шкалы пересекаются в одной точке: её легко найти из формулы перевода. При других температурах числа по двум шкалам различаются.
1350,Морская жизнь,"Акулы, как и дельфины, дышат воздухом и регулярно всплывают для вдоха.",фейк,30,"Акулы — рыбы и дышат жабрами, извлекая кислород из воды. Дельфины — млекопитающие и дышат лёгкими."
1351,Эволюция,"Наш вид, человек разумный, появился в Африке около 300 тысяч лет назад.",факт,58,"Древнейшие известные останки нашего вида нашли в Марокко, на стоянке Джебель-Ирхуд. Из Африки люди начали расселяться по миру гораздо позже."
1352,Физика,"Обычное оконное стекло пропускает видимый свет, но почти не пропускает тепловое излучение от нагретых предметов.",факт,72,"Поэтому в теплице или машине на солнце становится жарко: свет проходит внутрь и нагревает предметы, а их тепловое излучение наружу почти не выходит."
1353,Вулканы,"Лава — это расплавленная горная порода, магма, излившаяся на поверхность.",факт,28,"Пока расплав находится под землёй, его называют магмой. Температура лавы обычно от 700 до 1200 °C."
1354,Мозг и восприятие,"Периферическим зрением, краем глаза, человек почти не замечает движущиеся предметы.",фейк,72,"Периферия сетчатки плохо различает детали и цвета, но очень чувствительна к движению. Поэтому мы замечаем краем глаза шевеление раньше, чем понимаем, что это."
1355,Насекомые,"Пчёлы делают мёд из пыльцы, которую собирают с цветков лапками.",фейк,56,"Мёд делают из цветочного нектара, который пчёлы перерабатывают и выпаривают в сотах. Пыльца служит им белковым кормом для личинок."
1356,Химия,"Литий — самый лёгкий металл: он настолько лёгок, что плавает даже в керосине.",факт,70,"Плотность лития почти вдвое меньше плотности воды. Его хранят в вазелине или под инертным газом, потому что на воздухе и в воде он быстро реагирует."
1357,Космонавтика,"На орбите космонавты спят в спальных мешках, закреплённых на стене, чтобы не летать по станции.",факт,28,"В невесомости всё равно, лежать или стоять, поэтому мешки крепят вертикально. Каюты хорошо проветривают, иначе выдохнутый углекислый газ скапливался бы у лица."
1358,Генетика,"Метод редактирования генов CRISPR учёные позаимствовали у бактерий, которые защищаются им от вирусов.",факт,72,Бактерии хранят фрагменты ДНК вирусов и с помощью белка Cas распознают и разрезают их при новом заражении. В 2020 году за создание метода вручили Нобелевскую премию.
1359,Инженерия,Самые длинные мосты в мире построены над морскими проливами и заливами.,фейк,86,"Рекордсмены по длине — железнодорожные виадуки в Китае над сушей и реками. Самый длинный из них, Даньян — Куньшань, протянулся на 164 километра."
1360,Медицина,Инфаркт миокарда обязательно сопровождается резкой сильной болью в левой части груди.,фейк,66,"У части людей, особенно у пожилых, женщин и больных диабетом, инфаркт проявляется слабостью, одышкой, болью в спине, челюсти или животе. Бывают и почти бессимптомные инфаркты."
1361,Изобретения,"Телефон изобрели раньше, чем появились первые опыты с передачей сигналов по радио.",факт,40,"Патент Белла на телефон датирован 1876 годом, а первые опыты с передачей сигналов по радио начались лишь в 1890-х годах."
1362,Медицина,"Слово «карантин» происходит от итальянских слов, означающих «сорок дней» изоляции.",факт,76,"В XIV–XV веках Венеция и другие порты задерживали прибывшие корабли на сорок дней, чтобы не допустить чумы. Отсюда и название."
1363,Астрономия,"Бетельгейзе, красная звезда в созвездии Ориона, — сверхгигант, который в будущем взорвётся как сверхновая.",факт,64,"Это случится, по оценкам, в ближайшие сто тысяч лет — по астрономическим меркам очень скоро. Вспышка будет видна даже днём, но Земле не угрожает."
1364,Птицы,"Совы хорошо видят в темноте, а днём почти слепнут от яркого света.",фейк,40,"Совы днём видят неплохо, просто их глаза особенно приспособлены к сумеркам. Многие виды сов охотятся и в светлое время суток."
1365,Компьютеры и программирование,Сочетание клавиш Ctrl+Alt+Del придумал инженер IBM Дэвид Брэдли в начале 1980-х.,факт,84,"Он придумал его в 1981 году для перезагрузки компьютера при разработке. Клавиши расположены так, чтобы случайно нажать их вместе было трудно."
1366,Авиация,Двигатели авиалайнера не помогают тормозить после посадки: самолёт останавливают тормоза колёс.,фейк,70,"У реактивных двигателей есть реверс: створки перенаправляют поток газов вперёд, помогая затормозить. Отсюда рёв двигателей сразу после касания полосы."
1367,Транспорт,Первые автомобильные номерные знаки ввели во Франции в 1893 году.,факт,84,Парижская полиция обязала владельцев машин ставить табличку с именем и адресом. Государственные номера в других странах появились вскоре после этого.
1368,Компьютеры и программирование,Прототип первого портативного мобильного телефона 1973 года весил больше килограмма.,факт,62,"Motorola DynaTAC 1983 года весила около 800 граммов в серийной версии, а прототип 1973 года — больше килограмма. Заряда хватало примерно на полчаса разговора."
1369,Изобретения,"Первый кондиционер создали не для людей, а для типографии, где бумага коробилась от влажности.",факт,72,"В 1902 году инженер Уиллис Кэрриер сконструировал установку для нью-йоркской типографии. Комфорт людей стал побочным эффектом, а потом и главной целью."
1370,Архитектура,Пизанская башня кренится всё сильнее и в ближайшие годы может рухнуть.,фейк,62,"В 1990–2001 годах инженеры укрепили грунт и уменьшили наклон почти на полметра. Башня стабильна и, по расчётам, простоит ещё сотни лет."
1371,Письменность,С буквы «ы» в русском языке почти не начинаются слова.,факт,70,"Слова на «ы» — редкие заимствования и географические названия, например Ыныкчан. Долгое время букву считали вообще невозможной в начале слова."
1372,Генетика,"Мутации, возникшие в клетках кожи из-за загара, передаются детям человека.",фейк,72,"Детям передаются лишь изменения в половых клетках. Мутации в клетках кожи, печени или других органов остаются в самом организме."
1373,Языки,Испанский язык произошёл от португальского и развился из него в Средние века.,фейк,40,"Испанский и португальский — родственные языки, развившиеся из народной латыни на Пиренейском полуострове. Ни один из них не является предком другого."
1374,Грибы и микробы,Ядовитые грибы становятся безопасными после долгой варки и слива отвара.,фейк,44,Яды бледной поганки и многих других грибов не разрушаются при варке. Единственный надёжный способ — не собирать незнакомые грибы.
1375,Интернет,Первое сообщение в Twitter отправил один из сооснователей сервиса в 2006 году.,факт,50,Джек Дорси написал «just setting up my twttr» — «просто настраиваю мой твиттер». Позже этот пост продали как токен почти за три миллиона долларов.
1376,Физика,"Обычный магнит притягивает алюминиевые банки и медные монеты так же, как железные гвозди.",фейк,40,"Алюминий и медь не притягиваются магнитом. Сильно притягиваются железо, никель, кобальт и их сплавы."
1377,Средневековье,Средневековые мечи были очень тяжёлыми и весили 10–15 килограммов каждый.,фейк,74,"Обычный одноручный меч весил около килограмма, а двуручный — два-три. Тяжёлое оружие быстро утомило бы воина."
1378,Океанология,Тихий океан — самый большой и самый глубокий океан на Земле.,факт,20,"Он занимает около трети поверхности планеты — больше, чем вся суша вместе взятая. В нём же находится Марианская впадина."
1379,Языки,"Русское слово «хлеб», по мнению многих лингвистов, древнее заимствование из германских языков.",факт,86,"Его сравнивают с готским hlaifs, от которого происходит и английское loaf — «буханка». Заимствование случилось ещё в праславянскую эпоху."
1380,Музыка,Виолончель — самый крупный и низко звучащий смычковый инструмент симфонического оркестра.,фейк,62,Самый крупный — контрабас: он выше человеческого роста и звучит ниже виолончели. На нём играют стоя или сидя на высоком табурете.
1381,Новое время,"Двое основателей США, Томас Джефферсон и Джон Адамс, умерли в один день — в 50-ю годовщину Декларации независимости.",факт,86,"Оба скончались 4 июля 1826 года. По преданию, последними словами Адамса было, что Джефферсон ещё жив, но тот умер на несколько часов раньше."
1382,Океанология,"Саргассово море, как и другие моря, ограничено берегами материков или островов.",фейк,86,Саргассово море — единственное море без берегов: его границы задают океанские течения. Оно знаменито плавающими зарослями водорослей-саргассов.
1383,История медицины,"Шприц с полой иглой изобрели в XX веке, вместе с массовой вакцинацией.",фейк,56,Шприц с полой иглой для подкожных инъекций появился в 1850-х годах. Его независимо создали шотландец Александр Вуд и француз Шарль Праваз.
1384,Кино,"Сериал «Семнадцать мгновений весны» снят чёрно-белым, а позже его раскрасили.",факт,52,"Фильм Татьяны Лиозновой вышел в 1973 году. Цветную версию сделали в 2009 году, и она вызвала споры."
1385,XX век,Во Второй мировой войне СССР и США воевали друг против друга.,фейк,20,СССР и США были союзниками по антигитлеровской коалиции. В 1945 году их войска встретились на Эльбе.
1386,Медицина,Прививку от столбняка взрослым советуют повторять примерно раз в десять лет.,факт,62,"Защита после прививки постепенно ослабевает. Столбняк опасен, а его возбудитель живёт в почве и попадает в организм через раны."
1387,Кино,Первые объёмные 3D-фильмы стали возможны благодаря цифровым технологиям 2000-х годов.,фейк,54,"Первые стереоскопические фильмы показывали ещё в 1920-х годах, а в 1950-х в США был настоящий бум 3D-кино с цветными очками."
1388,Спорт и игры,"На первых Олимпийских играх современности победители получали серебряные медали, а не золотые.",факт,86,"В 1896 году в Афинах первым вручали серебряные медали и оливковые ветви, а вторым — бронзовые. Золото за победу стали давать позже."
1389,Вулканы,"Магма, которую выбрасывают вулканы, поднимается прямо из жидкого ядра Земли.",фейк,72,Магма образуется при частичном плавлении пород мантии и коры на глубине десятков километров. До ядра почти три тысячи километров.
1390,Млекопитающие,"Слон пьёт воду прямо через хобот, втягивая её, как через соломинку.",фейк,54,"Слон набирает воду в хобот, а затем выливает её себе в рот. Хобот вмещает около восьми литров."
1391,Изобретения,"Суперклей изобрели случайно, пытаясь создать прозрачный пластик для оружейных прицелов.",факт,82,"Химик Гарри Кувер в 1942 году отверг вещество, потому что оно приклеивалось ко всему подряд. Лишь позже в этом увидели достоинство."
1392,Архитектура,"Архитектор Антонио Гауди похоронен в крипте собора Святого Семейства, над которым работал больше сорока лет.",факт,64,"Гауди погиб в 1926 году, попав под трамвай. Он знал, что не увидит собор законченным, и говорил, что его заказчик не торопится."
1393,Инженерия,"Небоскрёбы строят на прочном каркасе из стали или железобетона, а стены лишь закрывают его снаружи.",факт,26,"Каркас несёт вес здания, поэтому стены могут быть лёгкими и стеклянными. Это и позволило строить высотные здания."
1394,Климат и погода,"Зимой грозы не бывает, ведь грозы случаются лишь в тёплое время года.",фейк,56,"Зимние грозы со снегопадом редки, но бывают. Их называют снежными грозами, и гром при этом звучит приглушённо."
1395,Письменность,"Скандинавские руны почти не имеют закруглённых линий, потому что их часто вырезали на дереве и камне.",факт,84,"Прямые штрихи легче вырезать ножом или резцом, особенно поперёк волокон древесины. Горизонтальные линии тоже избегали — они терялись вдоль волокон."
1396,Искусственный интеллект,Большие языковые модели понимают лишь английский и не умеют отвечать на других языках.,фейк,30,"Такие модели обучаются на текстах на многих языках и отвечают по-русски, по-китайски и на десятках других. Качество зависит от объёма данных на языке."
1397,Насекомые,"Бабочка, у которой от прикосновения стёрлась пыльца с крыльев, больше не сможет летать.",фейк,72,"«Пыльца» — это чешуйки, и бабочки теряют их и в природе. Небольшая потеря не мешает полёту, хотя хватать бабочку за крылья всё равно не стоит."
1398,Эволюция,"Человек разумный произошёл от неандертальца, который был его прямым предком.",фейк,46,"Неандертальцы — не предки, а родственная ветвь людей. Общий предок наших видов жил сотни тысяч лет назад, а позже предки людей и неандертальцы иногда скрещивались."
1399,Сон,"За ночь спящий человек несколько раз меняет позу, сам того не замечая.",факт,20,Обычно люди переворачиваются от десяти до тридцати раз за ночь и почти никогда этого не помнят. Так тело избегает затекания.
1400,Повседневная жизнь,"Канцелярские скрепки обычно делают из тонкой стальной проволоки, иногда покрытой пластиком.",факт,20,Проволоку сгибают в петли на автоматах. Скрепку привычной формы начали выпускать массово в конце XIX века.
1401,Экология,"В Чернобыльской зоне отчуждения без людей расплодились волки, лоси и рыси.",факт,72,"Численность крупных животных там сравнима с заповедниками. Отсутствие людей оказалось для них важнее, чем радиационное загрязнение."
1402,Климат и погода,"В пасмурную погоду лужи не высыхают, ведь испарять воду может лишь солнце.",фейк,26,"Вода испаряется при любой погоде, быстрее — в ветер и при сухом воздухе. Бельё сохнет и в облачный ветреный день."
1403,Морская жизнь,Осьминоги умеют менять цвет и узор кожи за доли секунды.,факт,24,"В коже осьминога тысячи мешочков с пигментом, которые растягиваются и сжимаются мышцами. Так он маскируется и подаёт сигналы."
1404,Инженерия,Водопроводные трубы в новых жилых домах по-прежнему делают из свинца.,фейк,40,"Свинцовые трубы вредны для здоровья и давно запрещены в новом строительстве. Сейчас используют пластик, медь и нержавеющую сталь."
1405,Растения,"Крапива жжётся с помощью тончайших волосков, которые вонзаются в кожу и впрыскивают раздражающие вещества.",факт,38,"Кончик волоска обламывается, как игла шприца, и в кожу попадают гистамин, муравьиная кислота и другие вещества. Отсюда жжение и волдыри."
1406,Медицина,"Грипп и простуда — одно и то же заболевание, просто разной силы.",фейк,34,"Грипп вызывают вирусы гриппа, а простуду — множество других вирусов. Грипп обычно протекает тяжелее и чаще даёт осложнения."
1407,Авиация,Первым в одиночку перелетел Атлантический океан без посадки Чарльз Линдберг в 1927 году.,факт,54,Перелёт из Нью-Йорка в Париж занял около 33 с половиной часов. Линдберг получил за него премию в 25 тысяч долларов.
1408,Медицина,"Человеку с сотрясением мозга нельзя спать в первые сутки, иначе он может не проснуться.",фейк,74,"Современные рекомендации допускают сон после осмотра врача, если нет тревожных признаков. Опасными считают сильную головную боль, повторную рвоту и спутанность сознания — с ними нужна срочная помощь."
1409,Архитектура,"Колонны Казанского собора в Петербурге высечены из цельного белого мрамора, привезённого из Италии.",фейк,76,"Колонны сделаны из пудостского камня — местного известняка, добытого под Петербургом. Он мягок при добыче и твердеет на воздухе."
1410,Физика,"В чёрной одежде на солнце прохладнее, потому что чёрный цвет отражает солнечный свет.",фейк,22,Чёрная ткань поглощает свет и нагревается сильнее белой. Светлая одежда отражает больше солнечных лучей.
1411,Растения,"Рекордные тыквы, выращенные на соревнованиях огородников, весят больше тонны каждая.",факт,60,Выращивание гигантских тыкв — соревновательное хобби. Рекорд последних лет — больше 1200 килограммов.
1412,Геология,"После сильнейших землетрясений вся Земля несколько дней или недель колеблется, как ударенный колокол.",факт,86,Такие свободные колебания планеты регистрируют чувствительные приборы по всему миру. Их изучение помогает узнать строение недр.
1413,Грибы и микробы,"Для обработки рук спирт тем лучше, чем он крепче: 96-процентный действует сильнее 70-процентного.",фейк,86,"Наиболее эффективны растворы с 60–80% спирта: вода помогает разрушать белки микробов, а чистый спирт быстро испаряется."
1414,Изобретения,"Консервы изобрели, чтобы снабжать продовольствием армию Наполеона в дальних походах.",факт,64,"Французское правительство объявило премию за способ долго хранить пищу. В 1810 году её получил повар Николя Аппер, придумавший закупоривать пищу в бутылках и кипятить их."
1415,Медицина,"Косметический препарат ботокс получают из токсина той же бактерии, что вызывает ботулизм.",факт,60,"В микроскопических дозах токсин расслабляет мышцы. Его применяют не только в косметологии, но и для лечения спазмов и некоторых видов мигрени."
1416,Мозг и восприятие,"Люди с дальтонизмом видят окружающий мир чёрно-белым, как в старом кино.",фейк,36,"Большинство дальтоников различают цвета, но путают некоторые, чаще всего красный и зелёный. Полное отсутствие цветового зрения встречается очень редко."
1417,Генетика,"В Великобритании рождались дети, получившие ДНК от трёх человек после замены митохондрий.",факт,86,"Такую процедуру применяют, чтобы не передать ребёнку тяжёлые болезни митохондрий матери. Ядерная ДНК ребёнка — от родителей, а крошечная доля митохондриальной — от донора."
1418,Физика,Лёд под огромным давлением может оставаться твёрдым даже при температуре выше 100 °C.,факт,86,"При давлениях в десятки тысяч атмосфер вода образует другие кристаллические формы льда. Такой лёд, вероятно, есть в недрах некоторых ледяных спутников и планет."
1419,Литература,"Иван Крылов написал больше двухсот басен, многие сюжеты взяв у Эзопа и Лафонтена.",факт,58,"Крылов переосмыслил чужие сюжеты, и басни вроде «Вороны и лисицы» стали частью русской культуры. Многие его строки превратились в пословицы."
1420,Изобретения,Самую первую работающую паровую машину изобрёл шотландский инженер Джеймс Уатт.,фейк,66,"Работающие паровые машины строили ещё до него — например, машина Ньюкомена 1712 года откачивала воду из шахт. Уатт значительно усовершенствовал её, сделав намного экономичнее."
1421,Археология,Древние люди научились пользоваться огнём ещё сотни тысяч лет назад.,факт,40,"Следы очагов и обожжённых костей находят на стоянках возрастом в сотни тысяч лет. Огонь давал тепло, защиту и позволил готовить пищу."
1422,Изобретения,"Компас изобрели европейские мореплаватели в эпоху Колумба, чтобы пересекать океан.",фейк,44,"Магнитный компас появился в Китае, а в мореплавании его там использовали уже в XI–XII веках. В Европу он пришёл позже, но задолго до Колумба."
1423,Литература,"Сказку «Конёк-Горбунок» Пётр Ершов написал, когда ему было около девятнадцати лет.",факт,84,"Сказка вышла в 1834 году, когда Ершов был студентом Петербургского университета. Ходили слухи, что к ней приложил руку Пушкин, но доказательств нет."
1424,Климат и погода,"В сильный мороз снег под ногами не скрипит, скрипит он только при слабом минусе.",фейк,62,"Всё наоборот: снег громко скрипит именно на сильном морозе. Звук издают ломающиеся кристаллики, а при слабом минусе снег мягкий и влажный."
1425,Новое время,"Эпоха Возрождения началась в Германии, а затем распространилась по Европе.",фейк,30,"Возрождение зародилось в Италии в XIV–XV веках, особенно во Флоренции. Позже оно распространилось по всей Европе."
1426,Растения,"Листья растений зелёные потому, что поглощают зелёную часть солнечного света.",фейк,62,Всё наоборот: хлорофилл хуже всего поглощает зелёный свет и отражает его. Поэтому мы и видим листья зелёными.
1427,Анатомия,"Утром человек немного выше ростом, чем вечером того же дня.",факт,48,"За день межпозвоночные диски под нагрузкой сжимаются, и рост уменьшается примерно на сантиметр. Ночью диски восстанавливаются."
1428,Эволюция,"Копчик человека — остаток хвоста, который был у наших далёких предков.",факт,44,"У эмбриона человека на ранних стадиях есть хвостовой отросток. Позже позвонки срастаются в копчик, к которому крепятся мышцы."
1429,Интернет,"Слово «блог» происходит от русского слова «блокнот», сокращённого для удобства.",фейк,50,"Blog — сокращение от английского weblog, «веб-журнал». Слово появилось в конце 1990-х годов."
1430,Еда и кулинария,"Сливочное масло получают, долго сбивая сливки, пока жир не отделится.",факт,14,"При взбивании жировые шарики сливок слипаются, и масло отделяется от пахты. Так масло делали веками вручную в маслобойках."
1431,География,"У Боливии есть военно-морской флот, хотя страна не имеет выхода к морю.",факт,86,"Боливия потеряла побережье в войне с Чили в XIX веке, но сохранила флот. Он несёт службу на озере Титикака и реках."
1432,Вулканы,После катастрофы 79 года Везувий больше ни разу не извергался.,фейк,64,"Везувий извергался много раз, в том числе в 1631 году и во время Второй мировой войны, в 1944 году. Это один из самых опасных вулканов мира."
1433,Языки,"Английское слово mammoth, обозначающее мамонта, заимствовано из русского языка ещё в XVII веке.",факт,78,"В европейские языки слово попало в XVII веке вместе с сибирскими находками бивней. Само русское слово, вероятно, пришло из языков народов Сибири."
1434,Океанология,"Цунами — это одна гигантская волна, после которой море сразу успокаивается.",фейк,64,"Цунами обычно приходит серией из нескольких волн с интервалом в минуты и десятки минут, и первая не всегда самая большая. Поэтому возвращаться на берег после первой волны опасно."
1435,Кибербезопасность,Резервные копии на отдельном носителе помогают восстановить файлы после атаки программы-вымогателя.,факт,30,"Вымогатели шифруют файлы и требуют выкуп. Если есть копия на отдельном носителе, данные можно вернуть без выкупа."
1436,Экономика и деньги,Доллар США служит официальной валютой лишь в самих Соединённых Штатах.,фейк,62,"Американский доллар — официальная валюта и в ряде других стран, например в Эквадоре, Сальвадоре и Панаме."
1437,Музыка,Оперу «Евгений Онегин» по роману Пушкина написал композитор Модест Мусоргский.,фейк,34,Оперу написал Пётр Чайковский в 1878 году. Самая известная опера Мусоргского — «Борис Годунов».
1438,Археология,"По зубному камню древних людей можно узнать, что они ели.",факт,62,"В затвердевшем налёте сохраняются частицы крахмала, пыльца, ДНК бактерий и даже следы дыма. Так узнают о рационе и болезнях древних людей."
1439,Кино,Чарли Чаплин прославился в немом кино образом бродяги в котелке и с тросточкой.,факт,22,"Образ Бродяги Чаплин придумал в 1914 году. Он сам писал сценарии, режиссировал и сочинял музыку к своим фильмам."
1440,Изобретения,"Фруктовый лёд на палочке придумал одиннадцатилетний мальчик, случайно оставивший напиток с палочкой на морозе.",факт,72,"По рассказу самого Фрэнка Эпперсона, это произошло в 1905 году. Запатентовал он изобретение лишь спустя почти двадцать лет."
1441,Новое время,"Первый в мире паровоз построили братья Черепановы в России, опередив англичан.",фейк,48,"Первый паровоз построил англичанин Ричард Тревитик в 1804 году. Черепановы создали свой паровоз в 1834 году, опираясь в том числе на английский опыт."
1442,Литература,"Франц Кафка завещал сжечь свои рукописи, но друг не выполнил его просьбу.",факт,70,"Макс Брод опубликовал после смерти Кафки романы «Процесс», «Замок» и «Америка». Без этого мир, возможно, так и не узнал бы Кафку."
1443,Археология,"Письменность появилась раньше, чем люди научились выращивать растения и разводить скот.",фейк,64,"Земледелие зародилось около 11–12 тысяч лет назад, а первые системы письма — лишь около 5 тысяч лет назад."
1444,Геология,"Большинство метеоритов, упавших на Землю, состоят из чистого железа, как слитки.",фейк,74,"Большинство метеоритов — каменные. Железные чаще находят, потому что они прочнее и заметнее, но их лишь несколько процентов."
1445,Кибербезопасность,"Если сайт выглядит солидно и профессионально, он не может оказаться фишинговым.",фейк,34,"Мошенники легко копируют дизайн настоящих сайтов. Проверять нужно адрес в строке браузера, а не внешний вид."
1446,Искусственный интеллект,Нейросети научились находить признаки диабетического поражения глаз по снимкам сетчатки.,факт,62,"Первую такую систему, работающую без врача, в США одобрили в 2018 году. Она помогает выявлять болезнь там, где мало офтальмологов."
1447,Письменность,"Кириллица произошла от латинского алфавита, к которому добавили славянские буквы.",фейк,62,"Основой кириллицы стало греческое письмо, к которому добавили буквы для славянских звуков. Латиница и кириллица — дальние родственницы через греческий."
1448,Инженерия,Станции петербургского метро — одни из самых глубоких в мире.,факт,52,Станция «Адмиралтейская» находится на глубине около 86 метров. Строить глубоко пришлось из-за слабых грунтов и множества рек и каналов.
1449,Растения,Отдельные дубы могут прожить больше тысячи лет и всё это время приносить жёлуди.,факт,34,"Старейшие дубы Европы, по оценкам, живут по 1000 лет и дольше. Дуб растёт медленно, и его плотная древесина ценится в строительстве."
1450,Повседневная жизнь,Слово «джинсы» происходит от французского названия итальянского портового города Генуи.,факт,62,"По-французски Генуя — Gênes. Там шили прочную ткань для штанов моряков, и её название превратилось в английское jeans."
1451,Медицина,При пищевом отравлении лучше всего выпить молока: оно выводит яд из организма.,фейк,66,"Молоко не выводит яды и при отравлении может усилить тошноту. Главное — пить воду или солевые растворы, а при тяжёлых симптомах — обратиться к врачу."
1452,Физика,"Когда лёд в стакане с водой растает, уровень воды поднимется и вода может перелиться.",фейк,86,"Плавающий лёд вытесняет ровно столько воды, сколько весит сам. Растаяв, он занимает этот же объём, и уровень остаётся прежним."
1453,Морская жизнь,Некоторые рыбы-попугаи на ночь окружают себя коконом из собственной слизи.,факт,66,"Слизистый кокон, по-видимому, защищает их от паразитов и маскирует запах от хищников. Утром рыба выбирается из него."
1454,Генетика,"Люди с наследственной болезнью фенилкетонурией могут развиваться нормально, если с рождения соблюдают особую диету.",факт,72,При этой болезни организм не перерабатывает аминокислоту фенилаланин. Поэтому новорождённых проверяют на неё в первые дни жизни.
1455,Космонавтика,"Первым человеком, ступившим на поверхность Луны, стал советский космонавт, опередивший американцев.",фейк,16,Первым на Луну ступил американец Нил Армстронг 21 июля 1969 года. Советские космонавты на Луне не высаживались.
1456,Психология,"Исследования доказали, что люди запоминают 10% прочитанного и 90% того, что делают сами.",фейк,74,"Эта «пирамида обучения» с круглыми процентами кочует по презентациям, но реальных исследований с такими цифрами нет. Запоминание зависит от материала и способа проверки."
1457,Спорт и игры,"Шахматную доску нужно ставить так, чтобы справа внизу у каждого игрока было чёрное поле.",фейк,62,По правилам правое нижнее угловое поле у каждого игрока должно быть белым. Есть поговорка: «белое поле справа».
1458,Птицы,"Вороны в городах раскалывают орехи, бросая их под колёса машин.",факт,62,"В Японии вороны научились подкладывать орехи на дорогу у светофора и забирать ядра, когда машины останавливаются. Похожее поведение замечали и в других странах."
1459,Археология,"По ДНК из крошечной кости пальца, найденной в Сибири, учёные открыли неизвестную ветвь древних людей — денисовцев.",факт,70,"Кость нашли в Денисовой пещере на Алтае, а в 2010 году расшифровали её ДНК. Следы генов денисовцев есть у современных жителей Океании и Азии."
1460,Авиация,"В аэропортах держат соколов и других хищных птиц, чтобы отпугивать птиц от взлётных полос.",факт,52,"Столкновение с птицей может повредить двигатель. Хищники распугивают стаи чаек и голубей эффективнее, чем шумовые пушки."
1461,Экономика и деньги,"Штрихкод на упаковке товара содержит его цену, которую считывает касса.",фейк,62,"Штрихкод содержит код товара, а цена хранится в базе данных магазина. Поэтому одна и та же пачка может стоить в разных магазинах по-разному."
1462,Интернет,"Письмо, отправленное по интернету, передаётся по сети одним целым куском.",фейк,72,"Данные в интернете разбиваются на небольшие пакеты, которые могут идти разными путями и собираются у получателя."
1463,Геология,"Пласты каменной соли под землёй — остатки древних морей, которые когда-то высохли.",факт,50,"Когда мелкие моря испарялись, соль оседала на дне толстыми слоями. Позже её перекрыли другие породы."
1464,История медицины,"Антисептик «зелёнка» широко используется в больницах по всему миру, от Европы до Америки.",фейк,66,Бриллиантовый зелёный популярен в основном в России и соседних странах. В большинстве стран его почти не применяют.
1465,Генетика,Мутации в ДНК появляются лишь под действием радиации и химических ядов.,фейк,62,Большинство мутаций возникает спонтанно — из-за ошибок при копировании ДНК во время деления клеток. Радиация и некоторые вещества лишь увеличивают их частоту.
1466,Языки,Русский язык стал одним из официальных языков ООН лишь в 2000-х годах.,фейк,62,"Русский — один из официальных языков ООН с её основания в 1945 году, вместе с английским, французским, китайским и испанским. Арабский добавили в 1973 году."
1467,Экология,Деревья в городе заметно снижают температуру воздуха в летнюю жару.,факт,26,"Кроны дают тень, а листья испаряют воду и охлаждают воздух. В зелёных кварталах летом бывает на несколько градусов прохладнее."
1468,Спорт и игры,"Чемпионат мира по футболу среди мужских сборных проводится каждый год, летом.",фейк,14,Чемпионат мира проходит раз в четыре года. Между турнирами идут многоэтапные отборочные соревнования.
1469,Космонавтика,На Луне лежит маленькая алюминиевая фигурка в память о погибших космонавтах и астронавтах.,факт,82,"Её оставил экипаж «Аполлона-15» в 1971 году вместе с табличкой, где перечислены 14 погибших, в том числе Юрий Гагарин и Владимир Комаров."
1470,Новое время,"Санкт-Петербургскую академию наук основал Михаил Ломоносов, став её первым президентом.",фейк,62,Академию учредили по указу Петра I в 1724 году. Ломоносов стал её членом позже и основал Московский университет.
1471,Кибербезопасность,"Чтобы взломать компьютер, хакеру обязательно нужен физический доступ к нему.",фейк,30,"Большинство атак проводится удалённо — через интернет, вредоносные письма и уязвимости программ."
1472,XX век,"Организацию Объединённых Наций основали в 1945 году, после окончания Второй мировой войны.",факт,34,"Устав ООН вступил в силу 24 октября 1945 года, и этот день отмечают как День ООН. Сначала в организацию входила 51 страна."
1473,Искусственный интеллект,"Популярные онлайн-переводчики сегодня переводят тексты с помощью нейросетей, а не словарных правил.",факт,28,Переход на нейросетевой перевод в середине 2010-х годов заметно улучшил качество: перевод стал плавнее и точнее передаёт смысл.
1474,Геология,"Гранит — горная порода, образовавшаяся из магмы, медленно застывшей глубоко под землёй.",факт,40,"Поэтому в граните хорошо видны крупные кристаллы кварца, полевого шпата и слюды. На поверхность он попадает, когда вышележащие породы разрушаются."
1475,Вулканы,Вулканологи умеют точно предсказывать день извержения за несколько лет вперёд.,фейк,64,"Учёные следят за землетрясениями, газами и вздутием склонов и могут предупредить о растущей опасности. Но назвать точную дату заранее не удаётся."
1476,Генетика,"Генетический тест ребёнка позволяет точно предсказать, в какой профессии он добьётся успеха.",фейк,30,"Способности и успехи зависят от множества генов, воспитания, образования и случая. Гены лишь немного влияют на склонности и не предопределяют судьбу."
1477,Климат и погода,Ураганы черпают энергию из тёплой морской воды и быстро ослабевают над сушей.,факт,45,Для зарождения урагана нужна вода теплее примерно 26 °C. Над сушей и холодной водой приток энергии прекращается.
1478,Физика,"Высокие звуки распространяются в воздухе быстрее низких, поэтому писк долетает до нас раньше баса.",фейк,58,"Скорость звука в воздухе от высоты тона не зависит: и писк, и бас идут около 340 метров в секунду. Иначе на концерте мы слышали бы музыку вразнобой."
1479,Мозг и восприятие,"Если в записанном слове заменить один звук кашлем, слушатели обычно всё равно «слышат» пропущенный звук.",факт,86,"Это восстановление фонем: мозг достраивает звук по смыслу и контексту. Многие даже не могут сказать, на каком месте был кашель."
1480,Анатомия,"Самая сильная мышца в теле человека, по данным анатомов, — это язык.",фейк,72,"Язык — это группа мышц, сильная и выносливая, но не самая сильная. Сильнейшими считают жевательную мышцу по силе сжатия или ягодичную по общей мощи."
1481,Сон,"Бурые медведи зимой спят в берлоге, но температура их тела снижается лишь на несколько градусов.",факт,80,"У мелких зверьков, например сусликов, при спячке температура падает почти до нуля. Медведи же остаются тёплыми и могут быстро проснуться, если их потревожить."
1482,Авиация,"На первом самолёте братьев Райт крен создавали элеронами, как на современных машинах.",фейк,86,"Братья Райт управляли креном, изгибая концы крыльев тросами. Элероны вытеснили такой способ позже."
1483,Химия,"Сгорая, свеча превращается в ничто: вещество воска бесследно исчезает в пламени.",фейк,62,"Воск превращается в углекислый газ и водяной пар, которые уходят в воздух. Масса продуктов горения даже больше массы воска: к нему присоединяется кислород."
1484,География,Самая длинная береговая линия в мире — у Канады с её тысячами островов.,факт,64,"С учётом множества островов Арктического архипелага её длина больше 200 тысяч километров. Для сравнения, экватор — около 40 тысяч километров."
1485,История медицины,"До XX века у врачей не было градусников, и жар определяли на ощупь.",фейк,52,"Клинические термометры применяли уже в XIX веке, а в 1867 году Томас Олбатт придумал короткий градусник, измеряющий температуру за пять минут вместо двадцати."
1486,Сон,"Если во сне упасть с высоты и не успеть проснуться, человек умрёт от разрыва сердца.",фейк,30,"Многим снилось падение, и они просыпались или продолжали спать. Сон о падении не опасен для жизни."
1487,Климат и погода,"Чем холоднее воздух, тем больше водяного пара он может содержать.",фейк,62,"Всё наоборот: тёплый воздух вмещает гораздо больше пара. Поэтому летом бывает душно, а зимой воздух в квартирах пересыхает."
1488,Математика,"Любую карту на плоскости можно раскрасить четырьмя красками так, чтобы соседние страны были разного цвета.",факт,72,"Это теорема о четырёх красках. Её доказали в 1976 году с помощью компьютера, перебравшего тысячи случаев."
1489,География,"Гора Эльбрус, высочайшая вершина России, находится на Урале, недалеко от Екатеринбурга.",фейк,30,"Эльбрус находится на Кавказе. Самая высокая гора Урала — Народная, около 1895 метров."
1490,XX век,"«Испанский» грипп 1918 года назван так потому, что эпидемия началась в Испании.",фейк,70,"Испания не участвовала в войне и не вводила военную цензуру, поэтому её газеты открыто писали об эпидемии. Откуда грипп пошёл на самом деле, точно неизвестно."
1491,Музыка,Композитор Александр Бородин по профессии был химиком и профессором медицинской академии.,факт,70,Музыкой Бородин занимался в свободное время и называл себя «воскресным музыкантом». Его опера «Князь Игорь» осталась незаконченной.
1492,Письменность,"Египетские иероглифы писали и читали слева направо, как современный русский текст.",фейк,70,"Иероглифы писали и справа налево, и слева направо, и сверху вниз. Направление подсказывают фигурки людей и животных: они смотрят в сторону начала строки."
1493,Языки,Слово «спасибо» заимствовано из греческого языка вместе с принятием христианства.,фейк,34,«Спасибо» образовалось из выражения «спаси Бог». Отсюда и конечное «о» на месте выпавшего «г».
1494,Химия,"По одной из версий, слово «химия» происходит от древнего названия Египта.",факт,86,"Египтяне называли свою страну Кемет — «чёрная земля». Через греческий и арабский «алхимия» это слово, по одной версии, дало название науке."
1495,Грибы и микробы,Некоторые почвенные грибы ловят червей в петли из своих нитей и питаются ими.,факт,86,"Хищные грибы образуют кольца из клеток, которые мгновенно раздуваются и затягиваются, когда в них заползает мелкий круглый червь."
1496,Искусство,"В петербургском Эрмитаже хранится «Мадонна Литта», которую приписывают Леонардо да Винчи.",факт,60,"Картину купили для Эрмитажа у миланского герцога Литты в 1865 году. В России хранятся лишь две работы, приписываемые Леонардо."
1497,Архитектура,Храм Спаса на Крови в Петербурге построили на месте гибели императора Петра III.,фейк,44,"Храм возвели на месте смертельного ранения императора Александра II, в которого в 1881 году бросили бомбу."
1498,Астрономия,"Луна меняет форму от серпа до полного диска, потому что на неё падает тень Земли.",фейк,52,"Фазы видны потому, что мы смотрим на освещённую Солнцем половину Луны под разными углами. Тень Земли падает на Луну только во время лунных затмений."
1499,Компьютеры и программирование,"Кэш-память процессора находится на жёстком диске компьютера, рядом с файлами.",фейк,66,"Кэш — очень быстрая память, встроенная прямо в процессор. Она хранит данные, которые понадобятся в ближайшие мгновения."
1500,Повседневная жизнь,"Сахар-рафинад в кубиках придумали после того, как жена изобретателя поранилась, раскалывая сахарную голову.",факт,86,"Директор сахарного завода Якуб Крыштоф Рад в 1843 году запатентовал пресс для кускового сахара. Раньше сахар продавали твёрдыми «головами», которые кололи щипцами."
1501,Древний мир,"Древние греки верили, что их главные боги живут на горе Олимп.",факт,16,"Олимп — реальная гора на севере Греции высотой 2918 метров. Её вершина часто скрыта облаками, что подпитывало легенды."
1502,Средневековье,Великий шёлковый путь был одной мощёной дорогой от Китая до Европы.,фейк,52,"Это была сеть караванных маршрутов через пустыни, горы и степи. Товары обычно переходили из рук в руки по цепочке торговцев."
1503,Древний мир,"В домах богатых римлян полы обогревались горячим воздухом из печи, проходившим под ними.",факт,62,"Эту систему называли гипокаустом. Пол стоял на столбиках, а горячий дым и воздух из топки проходили в пространстве под ним и по каналам в стенах."
1504,Транспорт,"Поезда метро ездят на дизельном топливе, как большие междугородние автобусы.",фейк,16,Поезда метро электрические: ток они получают через контактный рельс. Дизельные двигатели в тоннелях быстро отравили бы воздух.
1505,Анатомия,"В теле человека больше шестисот скелетных мышц, и самая маленькая спрятана в ухе.",факт,56,Мышцы составляют около трети или больше массы тела. Крошечная стременная мышца в среднем ухе гасит слишком громкие звуки.
1506,Искусство,Логотип знаменитых леденцов на палочке Chupa Chups нарисовал художник Сальвадор Дали.,факт,64,"В 1969 году основатель компании попросил Дали придумать эмблему. Художник, по легенде, набросал её за час, предложив размещать сверху на обёртке."
1507,Искусственный интеллект,Идея шахматной программы появилась лишь после изобретения первого электронного компьютера.,фейк,74,"Алан Тьюринг написал алгоритм игры в шахматы на бумаге около 1950 года и «исполнял» его вручную. Ещё в 1912 году в Испании построили автомат, разыгрывавший эндшпиль."
1508,Материалы,"Натуральный шёлк делают из волокон особого растения, которое выращивают в Китае.",фейк,22,Шёлк получают из коконов гусениц тутового шелкопряда: одна нить кокона может тянуться почти на километр.
1509,Океанология,"Вода, опустившаяся на дно океана у Гренландии, возвращается к поверхности лишь примерно через тысячу лет.",факт,76,Холодная солёная вода погружается в северной Атлантике и медленно растекается по глубинам всех океанов. Этот круговорот называют глобальным конвейером.
1510,Экономика и деньги,"Кредитная и дебетовая карты — одно и то же, различаются лишь названием.",фейк,30,"Дебетовой картой вы тратите собственные деньги со счёта, а кредитной — деньги банка, которые потом нужно вернуть, иногда с процентами."
1511,Астрономия,"У Меркурия и Венеры, в отличие от Земли и Марса, нет ни одного спутника.",факт,50,"Из планет Солнечной системы без спутников только эти две, ближайшие к Солнцу. Вероятно, сильное притяжение Солнца мешает им удерживать спутники."
1512,Транспорт,"Слово «такси» пошло от названия первой фирмы, возившей пассажиров на автомобилях.",фейк,72,"Слово — сокращение от «таксометр», прибора, который подсчитывает стоимость поездки по расстоянию. Его корень восходит к немецкому Taxe — «плата»."
1513,Изобретения,"Электрическую батарейку изобрели позже, чем лампу накаливания, чтобы питать фонарики.",фейк,62,Первую батарею — вольтов столб — Алессандро Вольта создал в 1800 году. Лампы накаливания стали практичными лишь в 1870–1880-х годах.
1514,Геология,Песчаные дюны в пустынях неподвижны и сотни лет остаются на одном и том же месте.,фейк,72,"Ветер переносит песок с пологого склона на крутой, и дюны ползут со скоростью до десятков метров в год. Движущиеся дюны засыпают дороги и оазисы."
1515,Млекопитающие,"Язык жирафа имеет тёмно-фиолетовый цвет, а его длина — около полуметра.",факт,64,"Длинным языком жираф обрывает листья с колючих акаций. Тёмный цвет, по одной из версий, защищает язык от солнечных ожогов."
1516,Музыка,"Джаз зародился в Чикаго, а оттуда распространился по всей Америке.",фейк,56,Родиной джаза считают Новый Орлеан конца XIX — начала XX века. В Чикаго джазмены перебрались позже.
1517,Медицина,"При носовом кровотечении нужно запрокинуть голову назад, чтобы остановить кровь.",фейк,36,"Голову нужно слегка наклонить вперёд и прижать крылья носа на 10–15 минут. Если запрокинуть голову, кровь стекает в горло и может вызвать рвоту."
1518,Геология,"Чем глубже шахта или скважина, тем прохладнее становится в её глубине.",фейк,40,С глубиной температура растёт в среднем на 25–30 °C на каждый километр. В глубоких шахтах работу без охлаждения выдержать трудно.
1519,Материалы,"Кирпичи делают из глины, которую формуют и обжигают в печи.",факт,16,При обжиге глина спекается и становится прочной и водостойкой. Бывают и силикатные кирпичи из песка и извести.
1520,Морская жизнь,Самая крупная рыба на Земле — китовая акула — питается планктоном.,факт,40,"Китовая акула процеживает воду через жабры, отфильтровывая мелких рачков и рыбёшек. Для людей она безопасна."
1521,Птицы,Самая маленькая птица в мире — кубинская колибри-пчёлка весом около двух граммов.,факт,62,Её длина вместе с клювом — около пяти сантиметров. Гнездо колибри-пчёлки размером с напёрсток.
1522,Еда и кулинария,Французское слово «ресторан» изначально означало «место для танцев и музыки».,фейк,72,"Слово происходит от французского restaurer — «восстанавливать». Так в XVIII веке называли укрепляющий бульон, а потом и заведения, где его подавали."
1523,Климат и погода,"Температуру воздуха метеорологи измеряют в тени, в специальной будке на высоте около двух метров.",факт,28,На солнце термометр нагревается сам и показывает не температуру воздуха. Будку красят в белый цвет и делают с решётчатыми стенками для проветривания.
1524,Транспорт,Морские контейнеры для перевозки грузов изобрели ещё в XIX веке.,фейк,64,Стандартный контейнер придумал американский предприниматель Малкольм Маклин в 1956 году. Это резко удешевило морские перевозки.
1525,Интернет,Ссылки на веб-страницах изначально по умолчанию подчёркивались и выделялись синим цветом.,факт,38,"Такой стиль задали ранние браузеры, например Mosaic 1993 года. Синий хорошо читался на сером фоне тогдашних мониторов."
1526,Эволюция,"Большинство видов живых существ, когда-либо живших на Земле, существует и в наши дни.",фейк,62,"По оценкам, больше 99% всех видов в истории Земли вымерли. Нынешнее разнообразие — лишь малая часть прошлого."
1527,Насекомые,"Комары могут переносить вирус ВИЧ, заражая им людей при укусе.",фейк,54,Вирус не размножается в организме комара и переваривается у него в желудке. Комар не впрыскивает человеку кровь предыдущей жертвы.
1528,География,"Самая длинная река Европы — Дунай, текущий от Германии до Чёрного моря.",фейк,46,"Самая длинная река Европы — Волга, около 3500 километров. Дунай — вторая, около 2850 километров, зато он протекает через десять стран."
1529,Климат и погода,Самый сильный порыв ветра у поверхности Земли — около 408 км/ч — зафиксировали в Австралии во время тропического циклона.,факт,86,"Рекорд установлен в 1996 году на острове Барроу во время циклона «Оливия». Смерчи могут давать ещё более сильный ветер, но его измеряют радарами, а не наземными приборами."
1530,Средневековье,"Жанну д'Арк сожгли на костре в Руане, когда ей не было и двадцати лет.",факт,45,"Её сожгли в Руане в 1431 году. Через 25 лет приговор пересмотрели и отменили, а в 1920 году её причислили к лику святых."
1531,Музыка,"«Лунную сонату» Бетховена так назвал не сам композитор, а музыкальный критик.",факт,62,"Бетховен назвал сонату «квази-фантазией». Поэт и критик Людвиг Рельштаб сравнил первую часть с лунным светом над озером, и название прижилось."
1532,Птицы,"Лебедь, потерявший пару, неизбежно погибает от тоски вскоре после неё.",фейк,70,"Лебеди действительно часто образуют пары надолго, но овдовевшие птицы обычно живут дальше и нередко находят новую пару."
1533,Письменность,Монгольский язык в Монголии сейчас записывают кириллицей с парой дополнительных букв.,факт,55,"Кириллицу ввели в 1940-х годах, дополнив её двумя буквами — Ө и Ү. Старую монгольскую вертикальную письменность снова изучают в школах."
1534,Экология,Популяции крупных китов после запрета коммерческого промысла вернулись к прежней численности.,фейк,68,"Некоторые популяции, например горбачей, заметно выросли, но синих китов по-прежнему во много раз меньше, чем до промысла."
1535,Новое время,Первый полёт людей на воздушном шаре состоялся в Париже в 1783 году.,факт,62,"Шар братьев Монгольфье, наполненный горячим воздухом, поднял двух человек и пролетел около девяти километров. До этого на шаре летали баран, петух и утка."
1536,Древний мир,"Персидский царь Ксеркс, по рассказу Геродота, велел высечь море плетьми за то, что буря разрушила его мост.",факт,82,"Мост из кораблей через пролив Геллеспонт снесло штормом. Разгневанный царь приказал наказать море тремястами ударами, а строителей казнить."
1537,Геология,"Самый глубокий каньон на суше — не Гранд-Каньон, а каньон реки Ярлунг-Цангпо в Тибете.",факт,72,В самом глубоком месте он достигает примерно пяти километров. Гранд-Каньон в Аризоне глубиной около полутора-двух километров.
1538,Морская жизнь,"Кашалот питается в основном рыбой, которую ловит у поверхности моря.",фейк,64,Кашалоты ныряют на глубину более километра и охотятся в основном на кальмаров. В их желудках находят клювы гигантских кальмаров.
1539,Океанология,"Жёлтое море получило название из-за цвета воды, которую окрашивает ил, приносимый реками.",факт,50,"Хуанхэ — Жёлтая река — несёт огромное количество лёссовых частиц. Попадая в море, они окрашивают прибрежные воды в желтоватый цвет."
1540,Мозг и восприятие,"Иностранный язык можно выучить, просто слушая уроки во сне через наушники.",фейк,46,"Опыты показывают, что во сне мозг почти не усваивает новую сложную информацию. Сон помогает закрепить то, что выучено днём."
1541,Психология,Лжеца легко распознать: он отводит глаза и не может смотреть собеседнику в лицо.,фейк,50,"Исследования не находят надёжных внешних признаков лжи. Лжецы нередко даже дольше смотрят в глаза, а люди в среднем распознают ложь лишь немного лучше, чем при угадывании."
1542,Математика,"На ноль делить можно, и результат такого деления равен нулю.",фейк,28,"Деление на ноль не определено: не существует числа, которое при умножении на ноль дало бы, например, пять. Калькулятор в таком случае выдаёт ошибку."
1543,Океанология,Балтийское море — одно из наименее солёных морей на нашей планете.,факт,60,"В Балтику впадает много рек, а связь с океаном узкая, поэтому в её восточной части вода почти пресная. Из-за низкой солёности там живёт немного морских видов."
1544,Геология,"Горный хрусталь — это лёд, замёрзший так сильно, что уже не может растаять.",фейк,36,"Горный хрусталь — прозрачная разновидность кварца. Древние греки действительно считали его окаменевшим льдом, отсюда и слово «кристалл»."
1545,Средневековье,"Робин Гуд — реальное историческое лицо, существование которого подтверждают средневековые документы.",фейк,52,"Робин Гуд известен по балладам, и надёжных документов о реальном человеке нет. Историки лишь спорят о возможных прототипах."
1546,Физика,Вода в раковине на экваторе и на полюсе закручивается при сливе в разные стороны из-за вращения Земли.,фейк,86,В масштабе раковины вращение Земли почти не влияет на воду. Направление воронки задают форма раковины и движения воды при наполнении.
1547,Компьютеры и программирование,"Язык JavaScript назвали так из маркетинговых соображений, хотя с языком Java он связан очень слабо.",факт,62,"В 1995 году Java была на пике популярности, и название должно было привлечь внимание. Первоначально язык назывался Mocha, затем LiveScript."
1548,Растения,"Бамбук цветёт ежегодно, как большинство растений, и после цветения продолжает расти.",фейк,86,"Многие виды бамбука цветут раз в несколько десятилетий, причём все растения вида одновременно, а после цветения погибают."
1549,Еда и кулинария,"Гречиха, из которой делают гречку, — не злак, а родственница щавеля и ревеня.",факт,70,"Гречиха относится к семейству гречишных, а не к злакам, как пшеница или рис. Поэтому гречку называют псевдозлаком."
1550,Химия,"Столовый уксус — это водный раствор уксусной кислоты, обычно девятипроцентный.",факт,20,Обычный столовый уксус содержит около 9% кислоты. Уксусная эссенция намного крепче и опасна при попадании на кожу.
1551,Мозг и восприятие,"Мозг человека перестаёт развиваться и меняться уже к двенадцати годам, как только заканчивается детство.",фейк,64,"Мозг созревает примерно до 20–25 лет, и позже всех — лобные доли, отвечающие за планирование и самоконтроль. Он меняется и учится всю жизнь."
1552,Новое время,"Полководец Михаил Кутузов потерял глаз, будучи раненным в Бородинском сражении.",фейк,60,"Глаз Кутузов повредил пулевым ранением ещё в 1774 году в Крыму. Считается, что глаз он не потерял, но видел им плохо."
1553,Искусственный интеллект,"Автономные роботы-курьеры, развозящие заказы по тротуарам, пока существуют лишь в фантастике.",фейк,62,"Небольшие роботы-курьеры уже развозят заказы по тротуарам в ряде городов, в том числе в России."
1554,Средневековье,Средневековый Лондонский мост был застроен домами и лавками в несколько этажей.,факт,72,"Каменный мост, построенный в XIII веке, простоял больше шестисот лет. На нём было около двухсот зданий, а на воротах выставляли головы казнённых."
1555,Медицина,Температура тела здорового человека меняется в течение суток на несколько десятых градуса.,факт,34,Обычно она ниже всего рано утром и выше всего ближе к вечеру. Поэтому температуру лучше мерить в одно и то же время.
1556,Материалы,"Бронза — сплав меди с оловом, и в её честь назван целый исторический век.",факт,38,"Бронза твёрже меди, и из неё делали оружие, инструменты и украшения. Бронзовый век на Ближнем Востоке начался около пяти тысяч лет назад."
1557,XX век,Альберт Эйнштейн получил Нобелевскую премию по физике за теорию относительности.,фейк,72,Премию 1921 года Эйнштейну присудили за объяснение фотоэффекта. Теория относительности тогда ещё вызывала споры.
1558,Искусственный интеллект,"Шахматные программы сильнее людей потому, что перебирают все возможные партии до самого конца.",фейк,60,"Число возможных партий астрономически велико, и перебрать их невозможно. Программы оценивают позиции и отбрасывают бесперспективные варианты."
1559,XX век,"Великая депрессия в США началась в 1950-х годах, вскоре после войны.",фейк,26,Великая депрессия началась с биржевого краха в октябре 1929 года и длилась большую часть 1930-х годов.
1560,Средневековье,В Средние века время иногда измеряли свечами с нанесёнными делениями.,факт,60,"Свеча сгорала с известной скоростью, и по отметкам определяли, сколько прошло часов. Такие часы приписывают английскому королю Альфреду Великому."
1561,Интернет,"Интернет принадлежит одной американской компании, которая может отключить его по своему желанию.",фейк,36,"Интернет — сеть множества независимых сетей, принадлежащих тысячам компаний и организаций по всему миру. Единого выключателя у него нет."
1562,Авиация,Первые стюардессы в США обязаны были иметь диплом медицинской сестры.,факт,84,"В 1930 году авиакомпания наняла медсестру Эллен Черч и ещё семь медсестёр: считалось, что так пассажиры будут чувствовать себя спокойнее. Требование позже отменили."
1563,Сон,"Быстрого сна и сновидений нет ни у каких животных, кроме человека и обезьян.",фейк,72,"Фазы быстрого сна обнаружены у большинства млекопитающих и у птиц. Собака, дёргающая лапами во сне, скорее всего, в этот момент видит сон."
1564,Компьютеры и программирование,"Самые первые компьютерные программы выводили на экран фразу «Hello, World!».",фейк,72,"Первые программы писали задолго до мониторов. Традиция начинать с «Hello, World!» пошла из учебников по языку C 1970-х годов."
1565,Мозг и восприятие,"Левое полушарие мозга управляет в основном правой половиной тела, а правое — левой.",факт,30,Нервные пути перекрещиваются по дороге от мозга к мышцам. Поэтому инсульт в левом полушарии часто нарушает движения правой руки и ноги.
1566,XX век,Во время Великой Отечественной войны Эрмитаж эвакуировал на Урал больше миллиона экспонатов.,факт,70,"Коллекции вывезли в Свердловск в двух эшелонах в 1941 году. В пустых залах остались лишь рамы, по которым экскурсоводы потом «показывали» картины."
1567,Транспорт,"В СССР построили экранопланы — аппараты, летящие над водой на воздушной подушке, которую создают крылья.",факт,62,Вблизи поверхности крыло получает дополнительную подъёмную силу. Ракетоносец «Лунь» весил около 400 тонн и мог лететь со скоростью свыше 400 км/ч.
1568,Компьютеры и программирование,"Магнит, поднесённый к флешке, мгновенно стирает с неё все записанные данные.",фейк,54,"Флеш-память хранит данные в виде зарядов в транзисторах, и обычные магниты на неё не влияют. Опасны они были для дискет и старых магнитных носителей."
1569,Материалы,"Бумагу можно перерабатывать бесконечно, и качество от этого не страдает.",фейк,58,"При каждой переработке волокна целлюлозы укорачиваются. Обычно бумагу можно переработать лишь несколько раз, после чего волокна становятся слишком короткими."
1570,XX век,Эверест впервые покорили в 1953 году Эдмунд Хиллари и Тенцинг Норгей.,факт,40,Они поднялись на вершину 29 мая 1953 года. Весть о восхождении пришла в Лондон в день коронации королевы Елизаветы II.
1571,Экология,"Сколько бы углекислого газа ни выбрасывали люди, кислотность океана остаётся прежней.",фейк,76,"Океан поглощает часть CO₂, и вода становится кислее: с начала промышленной эпохи кислотность выросла примерно на 30%. Это вредит кораллам и моллюскам."
1572,Литература,Роман Льва Толстого «Война и мир» от первой до последней страницы написан по-русски.,фейк,76,"В романе много разговоров и писем на французском — языке, на котором говорила русская знать. Перевод давался в сносках."
1573,Эволюция,Шерстистые мамонты — прямые предки современных африканских и индийских слонов.,фейк,66,"Мамонты и современные слоны — родственники, происходящие от общего предка. Индийский слон даже ближе к мамонту, чем к африканскому слону."
1574,Материалы,"Стекло экранов смартфонов упрочняют, выдерживая его в расплаве калиевой соли.",факт,84,"Крупные ионы калия замещают более мелкие ионы натрия в поверхностном слое, и он оказывается сжатым. Такое напряжение мешает распространению трещин."
1575,Кибербезопасность,Шифр Виженера около трёх столетий считали невзламываемым и называли неразгаданным.,факт,84,Шифр XVI века использует несколько сдвигов по ключевому слову. Метод его взлома опубликовал Фридрих Казиски в 1863 году.
1576,Спорт и игры,Первый чемпионат мира по футболу прошёл в 1930 году в Уругвае.,факт,50,"В турнире участвовали 13 команд, а победили сами хозяева. Уругвай тогда был действующим олимпийским чемпионом."
1577,Сон,"Час сна до полуночи вдвое полезнее, чем час сна после неё.",фейк,52,"Важны длительность и регулярность сна, а не положение стрелок часов. Если человек постоянно ложится поздно и высыпается, особой пользы ранний отбой не добавит."
1578,Эволюция,"Ближайший родственник новозеландской птицы киви — вымершая гигантская птица с Мадагаскара, а не соседний моа.",факт,86,"Анализ ДНК в 2014 году показал родство киви с эпиорнисом. Значит, предки киви прилетели в Новую Зеландию, а не пришли пешком с распадавшегося материка."
1579,Мозг и восприятие,"У лондонских таксистов, выучивших тысячи улиц, увеличена задняя часть гиппокампа — области мозга, связанной с навигацией.",факт,80,"Исследование 2000 года показало, что чем дольше человек работает таксистом, тем больше этот отдел. Мозг меняется под действием обучения."
1580,Литература,Сказку «Золотой ключик» Алексей Толстой написал по мотивам итальянской сказки о Пиноккио.,факт,36,"Толстой начал с пересказа книги Карло Коллоди, но затем сочинил собственную историю. Отсюда Буратино — от итальянского burattino, «деревянная кукла»."
1581,Изобретения,"Первые самодвижущиеся паровые повозки появились лишь в XIX веке, уже после паровоза.",фейк,86,Француз Никола Кюньо построил паровую повозку для перевозки пушек в 1769 году. Она считается первым самоходным механическим транспортным средством.
1582,Инженерия,"Бригады, прокладывавшие тоннель под Ла-Маншем с двух берегов, встретились с отклонением меньше метра.",факт,80,В 1990 году английские и французские проходчики сомкнули тоннель под морем. Точности добились с помощью лазеров и спутниковой навигации.
1583,Птицы,"Птенцы южноамериканского гоацина имеют на крыльях когти, которыми цепляются за ветки.",факт,86,"При опасности птенцы прыгают в воду, а потом забираются обратно на дерево с помощью когтей. У взрослых птиц когти исчезают."
1584,Кибербезопасность,"Злоумышленники подбрасывают флешки с вредоносными программами у офисов, рассчитывая на любопытство сотрудников.",факт,58,В экспериментах значительная часть найденных флешек в итоге оказывалась подключена к компьютерам. Незнакомый носитель лучше отдать специалистам.
1585,Сон,"У большинства людей сны чёрно-белые, а цветные сновидения — редкость.",фейк,62,"Большинство современных людей в опросах говорят, что видят цветные сны. Интересно, что в середине XX века, в эпоху чёрно-белого телевидения, чаще сообщали о чёрно-белых снах."
1586,Новое время,Табак пришёл в Европу из Америки вскоре после плаваний Колумба.,факт,34,"Индейцы курили и жевали табак задолго до прихода европейцев. В XVI веке табак распространился в Европе, а затем по всему миру."
1587,Кино,Комедию Леонида Гайдая «Кавказская пленница» снимали в горах Северного Кавказа.,фейк,86,"Основные съёмки проходили в Крыму, в окрестностях Алушты, и в Подмосковье. Горы Крыма подходили для образа Кавказа."
1588,Астрономия,"Большинство звёзд, видимых на ночном небе невооружённым глазом, находятся в других галактиках.",фейк,86,"Все звёзды, различимые без телескопа, принадлежат нашей Галактике, и почти все они сравнительно близко. Другие галактики видны лишь как слабые туманные пятна."
1589,Химия,Кислоты опасны для кожи без исключения — даже лимонная и аскорбиновая.,фейк,40,"Слабые кислоты содержатся во фруктах и безвредны для кожи. Ожоги вызывают сильные кислоты в высокой концентрации, например серная."
1590,Психология,"Из длинного списка слов лучше всего запоминаются первые и последние, а середина забывается чаще.",факт,38,"Это эффект края: начало списка успевает перейти в долговременную память, а конец ещё свеж в кратковременной. Поэтому важное лучше говорить в начале и в конце."
1591,История медицины,"Хирургические перчатки ввели в обиход, чтобы защитить от раздражения руки операционной медсестры.",факт,84,"Американский хирург Уильям Холстед в 1890 году заказал резиновые перчатки для медсестры, у которой дезинфицирующие растворы вызывали дерматит. Позже она стала его женой."
1592,Компьютеры и программирование,Удвоение числа ядер процессора вдвое ускоряет работу каждой программы на компьютере.,фейк,58,"Многие программы или их части выполняются последовательно и не могут использовать много ядер сразу. Ускорение зависит от того, насколько задачу можно разделить на параллельные."
1593,Млекопитающие,"Ежи носят на иголках яблоки и грибы, запасая их на зиму.",фейк,40,"Ежи — насекомоядные животные и едят жуков, червей и слизней. Яблоко может случайно наколоться на иголки, но запасов ежи не делают, а зимой впадают в спячку."
1594,Химия,"Золото растворяется в жидкой ртути, образуя сплав, который называют амальгамой.",факт,64,"Этим свойством пользовались старатели для извлечения золота и мастера для позолоты. Пары ртути очень ядовиты, поэтому сейчас такие способы опасны."
1595,Языки,"В китайском языке одинаковый слог, произнесённый разным тоном, может означать совсем разные слова.",факт,48,"В путунхуа четыре основных тона. Например, слог «ма» может означать «мама», «конопля», «лошадь» или «ругать»."
1596,Экономика и деньги,"Слово «бюджет» пришло из старофранцузского, где оно означало маленький кожаный кошелёк.",факт,86,Старофранцузское bougette перешло в английский как budget — сумка казначея. Позже так стали называть и сам план доходов и расходов.
1597,Спорт и игры,"В баскетболе мяч можно пронести через всё поле в руках, не стуча им об пол.",фейк,26,"Если сделать больше двух шагов с мячом в руках без ведения, это пробежка — нарушение правил."
1598,Новое время,Бородинское сражение русской армии с Наполеоном произошло в 1812 году.,факт,20,Битва 7 сентября по новому стилю стала крупнейшим сражением войны. Через неделю Наполеон вошёл в Москву.
1599,Анатомия,Верхний слой кожи обновляется целиком лишь раз в несколько лет.,фейк,58,"Клетки эпидермиса сменяются примерно за месяц: новые растут снизу, а старые незаметно отшелушиваются."
1600,Экология,Опавшие листья в городе лучше всего сжигать: это безопасно и полезно для почвы.,фейк,44,Дым от тлеющей листвы загрязняет воздух мелкими частицами. Листья полезнее компостировать или оставлять под деревьями.
1601,Письменность,Знак № произошёл от латинских букв N и o — сокращения слова numero.,факт,64,"Latin numero означает «числом». Во многих языках знак почти не используют, а в русском он очень распространён."
1602,Эволюция,"Все динозавры были покрыты чешуёй, как ящерицы, и перьев ни у одного из них не было.",фейк,58,У многих динозавров были перья или похожие на них покровы. Особенно много пернатых нашли среди хищных динозавров в Китае.
1603,Архитектура,"Главное здание Эрмитажа — Зимний дворец, бывшая резиденция российских императоров.",факт,34,Дворец построил Бартоломео Растрелли в середине XVIII века. Сейчас в Эрмитаже больше трёх миллионов экспонатов.
1604,География,"Гренландия, крупнейший остров мира, входит в состав Канады как одна из её провинций.",фейк,50,Гренландия — автономная территория в составе Королевства Дании. Географически остров относится к Северной Америке.
1605,Спорт и игры,"Бейсбол придумал американский генерал Эбнер Даблдей, и это подтверждают документы.",фейк,76,"Эту версию придумала в 1907 году специальная комиссия. Историки показали, что бейсбол развился из английских игр с битой и мячом, а Даблдей к нему отношения не имел."
1606,Древний мир,"В древнегреческих Афинах голосовать могли все жители, включая женщин и рабов.",фейк,42,"Право голоса было только у свободных взрослых мужчин-граждан — меньшинства населения. Женщины, рабы и иностранцы в собрании не участвовали."
1607,Экономика и деньги,Графический знак рубля — буква Р с горизонтальной чертой — официально утвердили в 2013 году.,факт,66,"Банк России выбрал символ по итогам голосования, а в стандарт Юникода он вошёл в 2014 году. До этого чаще писали сокращение «руб.»."
1608,Транспорт,В Венеции по историческому центру не ездят автомобили — люди передвигаются пешком и на лодках.,факт,22,"Город стоит на островах, соединённых мостами, а улицами служат каналы. Автомобили оставляют на въезде, а по воде ходят водные трамвайчики и гондолы."
1609,Литература,"Произведение Александра Пушкина «Евгений Онегин» — это роман, написанный целиком в стихах.",факт,16,Пушкин работал над ним больше семи лет. Роман написан особой «онегинской строфой» из 14 строк.
1610,Инженерия,"В обычную домашнюю розетку приходит постоянный ток, как от батарейки.",фейк,46,В розетке переменный ток: в России он совершает 50 колебаний в секунду. Переменный ток удобно передавать и преобразовывать трансформаторами.
1611,География,"Нил и Амазонка — две самые длинные реки в мире, и спор о первенстве не утихает.",факт,28,"Какая из них длиннее, зависит от того, где считать исток: длина каждой около 6400–7000 километров. Амазонка при этом намного полноводнее."
1612,Математика,Шахматную доску без двух противоположных угловых клеток нельзя целиком покрыть костяшками домино размером в две клетки.,факт,84,"Каждая костяшка закрывает одну белую и одну чёрную клетку. А угловые клетки на противоположных концах одного цвета, поэтому белых и чёрных клеток остаётся неравное число."
1613,Архитектура,Первый музей России — Кунсткамеру — основал Пётр I в Петербурге.,факт,44,"Музей открыли в 1714 году для диковин, собранных царём. Здание с башней на Университетской набережной Петербурга построено для него специально."
1614,Математика,"Отрицательными числами свободно пользовались уже древнегреческие математики, например Евклид и Архимед.",фейк,86,"Греческие математики отрицательные числа не признавали. Раньше их использовали в Китае и Индии, а в Европе их окончательно приняли лишь в Новое время."
1615,Архитектура,"Кирпичные стены Московского Кремля во все времена оставались красными, как сегодня.",фейк,72,"В XVIII–XIX веках стены Кремля белили, и он был белым. Красный цвет кирпича вернули в советское время."
1616,Еда и кулинария,Мускатный орех и пряность мацис получают из одного и того же плода.,факт,86,"Мацис — это красная сетчатая оболочка, окружающая семя, а мускатный орех — само семя. Их высушивают отдельно."
1617,Повседневная жизнь,"Спички, зажигающиеся трением, изобрели раньше, чем появилась самая первая зажигалка.",фейк,86,"Огниво Дёберейнера, работавшее на водороде и платине, появилось в 1823 году, а спички, зажигающиеся трением, — лишь в 1826 году."
1618,Космонавтика,"Самый далёкий от Земли предмет, сделанный людьми, — зонд «Вояджер-1», запущенный в 1977 году.",факт,45,"Сейчас он находится на расстоянии больше 20 миллиардов километров, и радиосигнал идёт до него почти сутки. В 2012 году «Вояджер-1» вышел в межзвёздное пространство."
1619,Транспорт,Дорожные знаки во всех странах мира выглядят совершенно одинаково по единому стандарту.,фейк,30,"Многие страны подписали Венскую конвенцию о знаках, но в США, Канаде, Австралии и других странах знаки заметно отличаются: например, предупреждающие знаки там — жёлтые ромбы."
1620,Письменность,"Первые пишущие машинки сразу печатали и строчные, и заглавные буквы.",фейк,86,Первая коммерчески успешная машинка 1874 года печатала только заглавными буквами. Клавиша смены регистра появилась через несколько лет.
1621,Психология,"В опытах Соломона Аша многие люди соглашались с группой, называвшей явно неверный ответ.",факт,58,"Участники сравнивали длины линий, а подставные «испытуемые» хором ошибались. Около трёх четвертей участников хотя бы раз согласились с неверным ответом."
1622,География,"Австралия целиком лежит в Северном полушарии Земли, как и Европа.",фейк,20,Австралия целиком находится в Южном полушарии. Поэтому зима там приходится на июнь — август.
1623,Транспорт,"Тормозной путь автомобиля на мокрой дороге такой же, как на сухой.",фейк,24,"На мокром асфальте сцепление хуже, и тормозной путь может вырасти в полтора-два раза. Ещё длиннее он на льду."
1624,Кибербезопасность,"Включив VPN, человек становится неотслеживаемым для сайтов и рекламных сетей в интернете.",фейк,56,"VPN скрывает трафик от провайдера и сети, но сайты по-прежнему узнают пользователя по аккаунтам, файлам cookie и отпечатку браузера. А сам VPN-сервис видит всю активность."
1625,Математика,"Существует ровно пять правильных многогранников, у которых все грани — одинаковые правильные многоугольники.",факт,64,"Это тетраэдр, куб, октаэдр, додекаэдр и икосаэдр. Их называют платоновыми телами, а доказательство, что других нет, дано ещё в «Началах» Евклида."
1626,Мозг и восприятие,"Мигрень — это просто сильная головная боль, других симптомов у неё не бывает.",фейк,60,"При мигрени бывают тошнота, светобоязнь, а у части людей — аура: вспышки и зигзаги перед глазами за полчаса-час до приступа."
1627,Химия,"Гвозди, шурупы и сковородки делают из чистого железа, без каких-либо добавок.",фейк,68,"Чистое железо мягкое, и в быту его почти не используют. Гвозди делают из стали, а сковородки — из чугуна, стали или алюминия. Чугун и сталь — сплавы железа с углеродом."
1628,Психология,"Под гипнозом человек может вспомнить забытые события точно, как на видеозаписи.",фейк,64,"Под гипнозом люди становятся более внушаемыми и уверенными в своих «воспоминаниях», но точнее они не становятся. Возникает риск ложных воспоминаний."
1629,Эволюция,"Кошки, вероятно, приручились сами: дикие кошки приходили к первым амбарам земледельцев ловить мышей.",факт,72,"Людям было выгодно, что кошки охраняют зерно, а кошкам — обилие грызунов. Древнейшее известное совместное захоронение человека и кошки на Кипре — около 9500 лет."
1630,Компьютеры и программирование,Сочетание клавиш Ctrl+Z в большинстве программ отменяет последнее действие пользователя.,факт,20,Отмену действий в интерфейсы ввели ещё в 1970-х годах. Сочетание Ctrl+Y или Ctrl+Shift+Z обычно возвращает отменённое.
1631,Искусственный интеллект,"Нейросети учатся на примерах, а не по заранее прописанным программистами правилам.",факт,40,"Разработчик задаёт устройство сети и собирает данные, а закономерности сеть находит сама. Поэтому она может ошибаться в неожиданных случаях."
1632,Экология,"Обычные лампы накаливания расходуют меньше электричества, чем светодиодные лампы той же яркости.",фейк,22,Светодиодная лампа при той же яркости потребляет в 5–10 раз меньше энергии. Лампа накаливания тратит большую часть энергии на тепло.
1633,Музыка,"Электрогитара — изобретение 1990-х, а до этого рок играли на акустических гитарах.",фейк,26,"Первые электрогитары появились в 1930-х годах, а в 1950-х стали массовыми. Без них не было бы рок-н-ролла."
1634,Космонавтика,"Космонавты на МКС ежедневно занимаются на тренажёрах около двух часов, чтобы сохранить мышцы и кости.",факт,50,"В невесомости мышцы и кости почти не нагружаются и быстро слабеют. На станции есть беговая дорожка, велотренажёр и силовой тренажёр."
1635,Климат и погода,Самые крупные градины бывают размером с дыню и весят почти килограмм.,факт,70,"Рекордная градина, выпавшая в США в 2010 году, была диаметром около 20 сантиметров. Такие градины пробивают крыши машин."
1636,Кибербезопасность,Первый вирус для мобильных телефонов появился лишь в 2010-х годах.,фейк,74,"Червь Cabir, распространявшийся по Bluetooth между телефонами на Symbian, обнаружили ещё в 2004 году."
1637,Астрономия,"На Марсе бывает снег из замёрзшего углекислого газа, выпадающий у полюсов.",факт,70,"Зимой в полярных районах Марса так холодно, что углекислый газ из атмосферы замерзает и оседает. Выпадает на Марсе и снег из водяного льда."
1638,Языки,В японском языке нет особых вежливых форм обращения к старшим.,фейк,46,"В японском развитая система вежливости: глаголы и слова меняются в зависимости от того, с кем говорят. Ошибиться с уровнем вежливости считается неловко."
1639,Вулканы,"Этна на Сицилии — самый активный вулкан Европы, извергающийся почти каждый год.",факт,58,Этна — ещё и самый высокий действующий вулкан Европы за пределами Кавказа. На её плодородных склонах живут сотни тысяч людей.
1640,Птицы,Почтового голубя можно отправить с письмом в любой незнакомый ему город по выбору хозяина.,фейк,62,"Почтовые голуби умеют лишь возвращаться домой. Поэтому их заранее перевозили туда, откуда нужно было отправить весточку."
1641,Морская жизнь,Омары и лангусты — два названия одного и того же животного.,фейк,60,"У омаров большие клешни, а у лангустов клешней нет, зато длинные усы и колючий панцирь. Это разные семейства ракообразных."
1642,Птицы,Страус — самая крупная из ныне живущих на Земле птиц.,факт,18,"Взрослый страус бывает выше двух с половиной метров и весит больше ста килограммов. Летать он не может, зато быстро бегает."
1643,Математика,У ленты Мёбиуса только одна сторона и только один край.,факт,55,"Такую ленту легко склеить из полоски бумаги, повернув один конец на пол-оборота. Если провести карандашом по середине, линия пройдёт по «обеим» сторонам и вернётся в начало."
1644,Астрономия,"Метеорный поток Персеиды, который виден каждый август, порождают осколки астероида, пересекающего орбиту Земли.",фейк,86,"Персеиды — это пыль кометы Свифта — Таттла. Каждый август Земля проходит через шлейф частиц, оставленных кометой на орбите."
1645,Грибы и микробы,"Чайный гриб — не гриб в обычном смысле, а сообщество бактерий и дрожжей.",факт,60,Эти микроорганизмы образуют плотную плёнку и сбраживают сладкий чай в кисловатый напиток — комбучу.
1646,Материалы,Самый тугоплавкий металл — вольфрам: он плавится лишь при температуре выше 3400 °C.,факт,62,"Поэтому из вольфрама делали нити ламп накаливания, которые раскаляются до 2500–3000 °C."
1647,Искусство,"Иконописцы пишут лики святых масляными красками, глядя на живых натурщиков.",фейк,70,"Традиционные иконы пишут яичной темперой по левкасу и следуют канонам, а не натуре. Изображение должно быть символическим, а не портретным."
1648,Повседневная жизнь,"Первые электрические утюги появились ещё в 1880-х годах, задолго до массовой электрификации.",факт,70,В 1882 году американец Генри Сили запатентовал электрический утюг. До этого утюги грели на плите или засыпали внутрь горячие угли.
1649,Материалы,"Алюминиевые изделия на воздухе ржавеют так же быстро, как железные.",фейк,46,"Алюминий покрывается тончайшей плёнкой оксида, которая защищает металл от дальнейшего разрушения. Поэтому алюминиевые конструкции служат десятилетиями без покраски."
1650,Вулканы,Тысячи шестигранных базальтовых колонн Дороги гигантов в Северной Ирландии образовались при остывании лавы.,факт,60,"Остывая, лава равномерно сжималась и растрескивалась на правильные многоугольники. По легенде, дорогу построил великан, чтобы дойти до Шотландии."
1651,Литература,Михаил Лермонтов погиб на дуэли с Жоржем Дантесом в 1841 году.,фейк,30,Лермонтов погиб в 1841 году на дуэли с Николаем Мартыновым. Дантес — противник Пушкина на дуэли 1837 года.
1652,Интернет,"Одной из первых фотографий во Всемирной паутине был снимок женской рок-группы, состоявшей из сотрудниц CERN.",факт,86,"Группа Les Horribles Cernettes пела о жизни физиков. Их фото выложили в 1992 году на сайте CERN, где тогда создавали веб."
1653,Насекомые,Медоносная пчела за всю свою жизнь производит около двенадцатой части чайной ложки мёда.,факт,86,"Летом рабочая пчела живёт всего несколько недель. Килограмм мёда — это труд тысяч пчёл, облетевших миллионы цветков."
1654,Анатомия,"Ушная сера бывает сухой или влажной, и тип зависит в основном от одного гена.",факт,86,"Сухая сера преобладает у жителей Восточной Азии, влажная — у большинства европейцев и африканцев. За это отвечает ген ABCC11."
1655,Археология,Археологи обнаружили на дне Средиземного моря руины легендарной затонувшей Атлантиды.,фейк,30,"Атлантиду описал Платон как нравоучительный миф, и никаких её остатков не найдено. Некоторые связывают легенду с извержением на острове Санторин."
1656,Древний мир,"Раскопки подтвердили, что спартанцы бросали в пропасть всех слабых младенцев.",фейк,86,"Легенду передаёт Плутарх, но в пропасти у Спарты, куда якобы бросали детей, нашли останки подростков и взрослых, а не младенцев."
1657,Психология,"В компании люди смеются во много раз чаще, чем наедине с собой.",факт,30,"Исследования показывают, что смех — прежде всего социальный сигнал. Люди часто смеются вовсе не над шутками, а чтобы поддержать разговор."
1658,Климат и погода,В индийской деревне Мавсинрам за год выпадает около 11 метров осадков.,факт,70,"Её считают одним из самых дождливых мест на Земле. Влажные муссонные ветры упираются в горы, и почти весь дождь выпадает летом."
1659,Растения,Самое большое семя в мире — у сейшельской пальмы: оно может весить больше пятнадцати килограммов.,факт,82,Двойной орех сейшельской пальмы созревает несколько лет. Раньше его находили в океане и считали плодом подводного дерева.
1660,Средневековье,"В средневековой Руси не существовало письменных законов, суд вёлся по обычаю.",фейк,64,Уже в XI веке появился свод законов «Русская правда». В нём подробно описаны наказания и штрафы.
1661,История медицины,"Королева Виктория отказалась от обезболивания при родах, считая его грехом.",фейк,86,В 1853 году королева Виктория рожала под хлороформом и была очень довольна. Её пример сделал обезболивание родов модным.
1662,Анатомия,Количество зубов у взрослых мужчин и женщин различается: у мужчин их больше.,фейк,30,У взрослого человека обычно 32 постоянных зуба независимо от пола. Зубов мудрости у некоторых людей бывает меньше.
1663,Инженерия,Останкинскую телебашню удерживают в вертикальном положении натянутые внутри стальные канаты.,факт,76,"Более сотни канатов стягивают бетонный ствол с основанием, и башня устойчива к ветру. Её фундамент уходит в землю всего на несколько метров."
1664,Интернет,Опубликованная в интернете страница остаётся доступной по своей ссылке навсегда.,фейк,46,Значительная часть старых ссылок со временем перестаёт работать: сайты закрываются и меняют адреса. Сохранять страницы помогают веб-архивы.
1665,Еда и кулинария,"Шоколад долго пили как напиток, а твёрдые плитки появились лишь в XIX веке.",факт,64,Ацтеки и майя пили горький напиток из какао. Первую шоколадную плитку для еды выпустила английская фирма в 1847 году.
1666,Вулканы,"Действующих вулканов не бывает в холодных краях, например во льдах Антарктиды.",фейк,50,"В Антарктиде есть действующий вулкан Эребус с озером лавы в кратере. Действующие вулканы есть и в Исландии, и на Камчатке."
1667,Млекопитающие,"Стаи косаток часто возглавляют пожилые самки, которые помнят, где найти еду в трудные годы.",факт,66,"Самки косаток живут до 90 лет и долго после окончания размножения. Их опыт помогает группе выживать, особенно когда мало рыбы."
1668,Кино,"В сотнях фильмов звучит один и тот же записанный в 1951 году крик, прозванный «криком Вильгельма».",факт,84,"Звукорежиссёры вставляют его ради шутки, например в «Звёздных войнах» и «Индиане Джонсе». Название пошло от персонажа, который кричал в одном из фильмов."
1669,Птицы,У большинства видов птиц самки окрашены ярче и наряднее самцов.,фейк,36,"Обычно всё наоборот: ярким оперением самцы привлекают самок, а самкам скромная окраска помогает прятаться на гнезде. Исключения встречаются, но они редки."
1670,XX век,Первым облетел Землю на самолёте без посадки советский лётчик Валерий Чкалов.,фейк,74,Чкалов в 1937 году совершил беспосадочный перелёт из Москвы через Северный полюс в США. Первый беспосадочный облёт Земли сделали американцы в 1949 году с дозаправками в воздухе.
1671,Еда и кулинария,Позеленевший на свету картофель становится даже полезнее благодаря накопившемуся хлорофиллу.,фейк,44,"Зелёный цвет — сигнал того, что в клубне накопился ядовитый соланин. Позеленевшие участки нужно срезать."
1672,Транспорт,"Грузовые поезда в России бывают длиной больше километра, с сотней вагонов.",факт,36,"Тяжёлые составы из сотни с лишним вагонов водят несколько локомотивов. Такие поезда перевозят уголь, руду и контейнеры."
1673,Анатомия,"Селезёнка — жизненно важный орган, и без неё человек не выживет.",фейк,52,"После удаления селезёнки люди живут долго, хотя чаще страдают от некоторых инфекций. Её функции частично берут на себя печень и лимфатическая система."
1674,География,На большом протяжении граница России и Китая проходит по реке Амур.,факт,52,Амур — одна из крупнейших рек мира. Китайцы называют её Хэйлунцзян — «река чёрного дракона».
1675,История медицины,Бактерии впервые увидел голландский торговец тканями Антони ван Левенгук в микроскоп собственного изготовления.,факт,42,В 1670-х годах Левенгук шлифовал крошечные линзы с увеличением в сотни раз и описал «анималькулей» в капле воды и зубном налёте.
1676,Языки,"Русский, украинский и белорусский языки относятся к одной восточнославянской группе.",факт,26,Все три языка происходят от древнерусского. Поэтому их носители во многом понимают друг друга.
1677,Еда и кулинария,Коричневый тростниковый сахар заметно полезнее белого благодаря витаминам и минералам.,фейк,50,"Коричневый сахар — тот же сахар с небольшой примесью патоки. Разница в минералах ничтожна, а калорийность почти одинакова."
1678,Повседневная жизнь,"Разметку на дорогах наносят обычной масляной краской, как на стены.",фейк,64,"Для разметки используют специальные краски и термопластик, которые наплавляют горячими. Часто в них добавляют стеклянные шарики, чтобы линии светились в свете фар."
1679,Искусство,Картину «Явление Христа народу» Александр Иванов писал около двадцати лет.,факт,84,"Над огромным полотном размером примерно 5,4 на 7,5 метра художник работал в Италии с 1837 по 1857 год. Он написал для него сотни этюдов."
1680,Грибы и микробы,"Одной минуты кипячения достаточно, чтобы уничтожить все бактерии вместе с их спорами.",фейк,72,"Споры некоторых бактерий, например возбудителя ботулизма, выдерживают кипячение часами. Их уничтожают при более высокой температуре в автоклавах."
1681,Еда и кулинария,Настоящий итальянский сыр пармезан по правилам выдерживают не меньше года.,факт,62,"По правилам пармезан зреет минимум 12 месяцев, а многие головки — два-три года. Его делают лишь в определённых провинциях Италии."
1682,Птицы,"Снегири прилетают к нам зимой из Арктики, где проводят лето.",фейк,74,"Снегири гнездятся в хвойных и смешанных лесах, в том числе в средней полосе России. Зимой они лишь перемещаются ближе к людям и становятся заметнее на фоне снега."
1683,Языки,"Иврит — пример языка, который возродили как разговорный после многих веков использования лишь в письменности.",факт,56,В конце XIX — начале XX века энтузиасты во главе с Элиэзером Бен-Иегудой начали говорить на иврите в быту. Сейчас он родной для миллионов людей.
1684,География,Москва — самый северный в мире город с населением больше миллиона человек.,фейк,62,"Самый северный город с населением больше миллиона — Санкт-Петербург. Он лежит примерно на 60° северной широты, более чем на четыре градуса севернее Москвы."
1685,Кино,"Персонажа Чебурашку придумали художники «Союзмультфильма» специально для мультфильма, а не писатель.",фейк,58,"Чебурашка появился в книге Эдуарда Успенского 1966 года. Мультфильм вышел в 1969 году, а привычный облик ему придал художник Леонид Шварцман."
1686,Космонавтика,Экипаж «Аполлона-8» первым из людей облетел Луну и увидел Землю как целый шар.,факт,66,В декабре 1968 года астронавты совершили десять витков вокруг Луны. Тогда же был сделан знаменитый снимок «Восход Земли».
1687,Авиация,"На крейсерской высоте пилоты могут приоткрыть окно кабины, чтобы проветрить её.",фейк,30,"На высоте 10 километров снаружи около −50 °C и очень разреженный воздух, а кабина находится под давлением. Окна кабины открывают лишь на земле."
1688,Океанология,Опреснённая вода Амазонки заметна в океане за сотни километров от устья.,факт,82,"Река ежесекундно выносит около 200 тысяч кубометров воды. Моряки прошлого находили пресную воду в открытом море, ещё не видя берега."
1689,История медицины,"Английский врач Уильям Гарвей в XVII веке доказал, что сердце гонит кровь по замкнутому кругу.",факт,58,"До этого господствовало учение Галена о том, что кровь постоянно образуется в печени и расходуется органами. Книга Гарвея вышла в 1628 году."
1690,Инженерия,Лифты в небоскрёбах едут не быстрее обычных — около метра в секунду.,фейк,70,"Скоростные лифты в небоскрёбах поднимаются со скоростью 10–20 метров в секунду. Кабины герметизируют, чтобы у пассажиров не закладывало уши."
1691,Химия,"Чем больше пены даёт моющее средство, тем лучше оно отмывает посуду.",фейк,44,"Пена — лишь признак пенообразователя в составе, и на силу очистки она почти не влияет. Средства для посудомоечных машин почти не пенятся, но отлично отмывают."
1692,Археология,"Во влажной почве Новгорода отлично сохраняются деревянные предметы, кожаная обувь и ткани.",факт,44,"Сырой слой без доступа воздуха замедляет гниение. Поэтому в Новгороде находят деревянные мостовые, ложки, игрушки и даже музыкальные инструменты."
1693,Химия,"Плоды быстрее дозревают рядом с бананами, потому что те выделяют газ этилен.",факт,62,"Этилен — растительный гормон, запускающий созревание. На складах им даже специально дозаривают бананы, привезённые зелёными."
1694,История медицины,Николай Пирогов одним из первых стал массово применять гипсовую повязку при переломах в военно-полевой хирургии.,факт,50,Гипс позволял надёжно обездвижить конечность и перевозить раненых. Пирогов широко использовал его во время Крымской войны.
1695,Кино,Самым первым полнометражным мультфильмом в истории стала «Белоснежка» студии Disney.,фейк,86,"Первый полнометражный мультфильм «Апостол» сняли в Аргентине в 1917 году, но он утрачен. Сохранился немецкий «Приключения принца Ахмеда» 1926 года."
1696,Литература,Весёлую сказку в стихах «Мойдодыр» про умывальник написал Самуил Маршак.,фейк,34,"«Мойдодыр» написал Корней Чуковский в 1923 году. Маршаку принадлежат, например, «Кошкин дом» и «Вот какой рассеянный»."
1697,Морская жизнь,"Бивень нарвала — это не рог и не кость, а зуб, прорастающий сквозь губу.",факт,76,"Чаще всего это левый клык самца длиной до трёх метров. В нём миллионы нервных окончаний, и он, вероятно, чувствует изменения воды."
1698,Астрономия,"Если уменьшить Солнце до размеров апельсина, ближайшая к нему звезда оказалась бы на расстоянии больше двух тысяч километров.",факт,86,До Проксимы Центавра около 40 триллионов километров. В таком масштабе Земля была бы песчинкой примерно в девяти метрах от апельсина-Солнца.
1699,Музыка,Легендарная группа The Beatles родом из английского портового города Ливерпуля.,факт,18,Группа сложилась в конце 1950-х годов. Музыканты начинали в ливерпульском клубе «Каверн».
1700,Насекомые,"Кровь у насекомых красная, как у человека, потому что в ней есть гемоглобин.",фейк,50,"Кровь насекомых — гемолимфа — обычно бесцветная, желтоватая или зеленоватая: в ней нет гемоглобина. Кислород к тканям доставляют не с кровью, а по трубочкам-трахеям."
