id,сфера,утверждение,тип,сложность_из_100,пояснение_после_ответа
401,XX век,Берлинская стена простояла 28 лет — с 1961 по 1989 год.,факт,32,"Границу перекрыли за одну ночь 13 августа 1961 года, сначала колючей проволокой, затем бетоном. Падение стены 9 ноября 1989 года стало символом конца холодной войны."
402,Искусство,Здание парижского Лувра с самого начала строили как художественный музей.,фейк,58,"Лувр начинался в XII веке как крепость, затем стал королевским дворцом. Музеем он стал лишь в 1793 году, после революции."
403,Средневековье,"Первые европейские университеты появились в Средние века — в Болонье, Париже и Оксфорде.",факт,38,Болонский университет ведёт историю с 1088 года и считается старейшим в Европе. Слово universitas означало сообщество преподавателей и студентов.
404,Психология,"Противоположности притягиваются: пары, сильно различающиеся характером и взглядами, в среднем крепче.",фейк,66,"Исследования раз за разом показывают обратное: людей больше тянет к похожим на себя по ценностям, взглядам и привычкам. Сходство чаще связано и с удовлетворённостью отношениями."
405,География,"Экватор пересекает южную часть Индии, поэтому там круглый год жарко.",фейк,38,"Экватор проходит заметно южнее Индии: самая южная точка её материковой части лежит около 8° северной широты. Экватор пересекает, например, Индонезию, Кению и Бразилию."
406,Археология,"Пещеру Ласко с первобытными рисунками обнаружили подростки, когда искали пропавшую собаку.",факт,62,В 1940 году четверо подростков нашли вход в пещеру на юго-западе Франции. Росписям на её стенах около 17 тысяч лет.
407,Млекопитающие,"Синий кит — самое крупное животное из всех известных, когда-либо живших на Земле.",факт,20,"Крупнейшие синие киты достигали примерно 30 метров в длину и веса порядка 150–190 тонн. Даже самые большие динозавры, по современным оценкам, были легче."
408,Языки,Слово «робот» впервые появилось в пьесе чешского писателя Карела Чапека.,факт,55,"В пьесе «R.U.R.» 1920 года так называли искусственных работников. Само слово, по словам Чапека, предложил его брат Йозеф, взяв за основу чешское robota — «подневольный труд»."
409,Эволюция,"Эволюция неизбежно ведёт к усложнению, и потомки устроены сложнее своих предков.",фейк,62,"Отбор поддерживает то, что помогает выжить в конкретных условиях. Многие паразиты и пещерные животные утратили органы и стали проще предков — например, слепые пещерные рыбы потеряли глаза."
410,Кибербезопасность,Вредоносные программы для iPhone — миф: заражать их злоумышленникам не удаётся.,фейк,52,"Для iPhone известны вредоносные программы, например шпионская Pegasus, заражавшая телефоны через уязвимости без действий владельца. Обновления системы закрывают такие дыры."
411,Растения,"Из семени финиковой пальмы, пролежавшего около двух тысяч лет, удалось вырастить живое растение.",факт,72,"Семена нашли при раскопках крепости Масада в Израиле, и в 2005 году одно из них проросло. Пальму назвали Мафусаилом."
412,Генетика,"Цвет глаз человека определяет не один ген, а несколько, поэтому его наследование не укладывается в простую школьную схему.",факт,64,"Главный вклад дают гены OCA2 и HERC2, но свою роль играют и другие. Поэтому у голубоглазых родителей изредка рождаются кареглазые дети."
413,Космонавтика,"НАСА потратило миллионы долларов бюджета на ручку для невесомости, а советские космонавты просто писали карандашами.",фейк,88,"Ручку с баллоном под давлением разработал Пол Фишер на собственные средства, а НАСА купило партию по нескольку долларов за штуку. Советская программа тоже закупила такие ручки: у карандашей крошится грифель, а дерево горит."
414,География,Берег Мёртвого моря лежит более чем на 400 метров ниже уровня Мирового океана.,факт,45,Это самая низкая точка суши на Земле. Из-за испарения и отвода воды уровень озера продолжает падать примерно на метр в год.
415,Кибербезопасность,Хакеры взламывают аккаунты в основном подбором паролей на мощных суперкомпьютерах.,фейк,56,Чаще всего пароли выманивают фишингом или берут из утечек и пробуют на других сайтах. Поэтому так важны уникальные пароли и второй фактор.
416,Анатомия,"После бритья волосы начинают отрастать заметно толще, темнее и гуще, чем были прежде.",фейк,38,"Бритва не меняет волосяной фолликул. Отросший волос кажется грубее из-за тупого среза, а темнее — потому что ещё не выгорел на солнце."
417,Химия,"Химический элемент технеций на Земле почти не встречается в природе и стал первым элементом, полученным искусственно.",факт,82,"Все изотопы технеция радиоактивны и за миллиарды лет почти полностью распались. Его получили в 1937 году из облучённого молибдена, а в природе позже нашли лишь следы в урановых рудах."
418,Медицина,"Сыпь, которая не бледнеет, если прижать к ней прозрачный стакан, может быть признаком опасной инфекции и требует срочной помощи.",факт,55,"Такие пятнышки — кровоизлияния под кожей, и они бывают при менингококковой инфекции, которая развивается за часы. Обычная сыпь от давления бледнеет."
419,Эволюция,В геноме многих современных людей сохранилась небольшая доля ДНК неандертальцев.,факт,42,Предки людей скрещивались с неандертальцами после выхода из Африки. У жителей Европы и Азии на неандертальское наследие приходится около 1–2% генома.
420,Языки,Немецкий язык едва не стал государственным языком США: в Конгрессе ему не хватило одного голоса.,фейк,86,"Это легенда. В 1795 году обсуждалось лишь предложение печатать некоторые законы также на немецком, и его отклонили. Голосования о государственном языке не было."
421,Письменность,"Древние римляне писали тексты, отделяя слова пробелами, как это делаем мы.",фейк,70,Римляне часто писали сплошным текстом или разделяли слова точками. Пробелы между словами распространились в раннем Средневековье.
422,Математика,"Если цену сначала поднять на 50%, а потом снизить на 50%, она вернётся к исходной.",фейк,36,"Снижение считается уже от выросшей цены. Из 100 рублей после подъёма получится 150, а после снижения — 75."
423,Морская жизнь,"Медузы Turritopsis способны омолаживаться, возвращаясь из взрослой стадии в стадию полипа.",факт,62,"При стрессе или повреждении медуза превращается обратно в полип, из которого со временем вырастают новые медузы. Поэтому её называют «бессмертной», хотя в природе она гибнет от хищников и болезней."
424,Инженерия,"Стальной мост летом и зимой имеет одну и ту же длину, с точностью до миллиметра.",фейк,34,"Сталь расширяется при нагреве, и длинный мост летом может удлиниться на десятки сантиметров. Для этого в мостах делают деформационные швы — зубчатые стыки в полотне."
425,Генетика,"По последовательности ДНК человек и шимпанзе различаются примерно наполовину, как далёкие друг от друга виды.",фейк,36,"Если сравнивать точечные замены, ДНК человека и шимпанзе совпадает примерно на 98–99%. С учётом вставок и выпадений участков расхождение составляет несколько процентов."
426,Языки,"Слово «шоколад» пришло в русский из французского, где оно означает «сладкая паста».",фейк,64,Слово пришло через испанский из языка ацтеков — науатль. Исходное название обозначало горький напиток из какао.
427,Литература,"Роман «Франкенштейн» писательница Мэри Шелли начала писать, когда ей было всего 18 лет.",факт,48,"Замысел возник летом 1816 года на Женевском озере, где компания друзей соревновалась в сочинении страшных историй. Роман вышел в 1818 году."
428,Птицы,"Птицы, как и люди, различают цвета с помощью трёх типов колбочек и не видят ультрафиолета.",фейк,86,"У многих птиц четыре типа колбочек, и они видят ультрафиолет. Перья, которые людям кажутся одинаковыми, для птиц могут выглядеть разными."
429,Эволюция,Первые люди застали живых тираннозавров и других крупных динозавров и охотились на них.,фейк,18,"Нептичьи динозавры вымерли около 66 миллионов лет назад, а первые представители рода Homo появились менее трёх миллионов лет назад. Между ними — десятки миллионов лет."
430,Вулканы,Вулкан Олимп на Марсе примерно в два с половиной раза выше Эвереста.,факт,50,"Высота Олимпа над окружающими равнинами около 22 километров, а основание по площади сравнимо с Польшей. На Марсе нет движения плит, и вулкан миллионы лет рос над одним источником магмы."
431,Космонавтика,"Первым рукотворным объектом, достигшим поверхности Луны, стала советская станция «Луна-2» в 1959 году.",факт,62,Станция врезалась в Луну 14 сентября 1959 года и доставила туда вымпелы с гербом СССР. Первую мягкую посадку совершила «Луна-9» в 1966 году.
432,Архитектура,"Минареты Тадж-Махала слегка наклонены наружу, чтобы при землетрясении не упасть на гробницу.",факт,86,Небольшой наклон сделан намеренно: при обрушении башни упали бы в сторону от главного здания. Издалека наклон почти незаметен.
433,Мозг и восприятие,"Оптические иллюзии действуют на людей с плохим зрением, а при идеальном зрении их не замечают.",фейк,20,"Иллюзии возникают из-за того, как мозг обрабатывает изображение, а не из-за качества оптики глаза. Человек с идеальным зрением поддаётся им так же."
434,Экономика и деньги,"Биткоин, запущенный в 2009 году, стал первой в истории попыткой создать цифровые деньги.",фейк,82,"Ещё в 1989 году Дэвид Чаум основал DigiCash с электронными деньгами, позже появились проекты e-gold, b-money и bit gold. Биткоин стал первой успешной децентрализованной криптовалютой."
435,Литература,Капитан Немо впервые появляется в романе Жюля Верна «Дети капитана Гранта».,фейк,60,"Немо впервые появляется в романе «Двадцать тысяч льё под водой» 1870 года, а его судьба раскрывается в «Таинственном острове»."
436,XX век,"В 1952 году Альберту Эйнштейну предложили стать президентом Израиля, но он отказался.",факт,76,"После смерти Хаима Вейцмана правительство Израиля предложило пост Эйнштейну. Он ответил, что у него нет ни опыта, ни способностей для работы с людьми на такой должности."
437,Интернет,Доступ к интернету в России появился лишь в начале 2000-х годов.,фейк,44,"Первые подключения к международной сети появились ещё в 1990 году, тогда же зарегистрировали домен .su, а домен .ru — в 1994-м."
438,Млекопитающие,Детёныш кенгуру рождается размером примерно с фасолину и сам заползает в сумку матери.,факт,45,Новорождённый весит меньше грамма и цепляется за шерсть передними лапками. В сумке он присасывается к соску и развивается ещё много месяцев.
439,Генетика,"Дальтонизм у мужчин встречается намного чаще, чем у женщин, потому что у мужчин одна X-хромосома.",факт,48,"Самые распространённые гены нарушения цветового зрения лежат на X-хромосоме. Женщине нужно получить такой вариант от обоих родителей, а мужчине достаточно одной копии."
440,Языки,"Больше всего людей в мире считает родным китайский язык, точнее его главную разновидность — путунхуа.",факт,20,"Родным путунхуа считают около 900 миллионов человек. По общему числу говорящих, включая тех, для кого язык не родной, первенство у английского."
441,Физика,"Самолёты, летящие на восток, долетают быстрее, потому что Земля поворачивается у них под крылом навстречу.",фейк,76,"Атмосфера вращается вместе с Землёй, так что самолёт на этом не выигрывает. Восточные рейсы в средних широтах быстрее из-за струйных течений — сильных западных ветров на высоте полёта."
442,География,"Столица Австралии — Сидней, крупнейший и самый известный город страны.",фейк,30,"Столица — Канберра, специально построенная в XX веке как компромисс между соперничавшими Сиднеем и Мельбурном."
443,Химия,"Пламя газовой плиты синее, потому что в бытовой газ специально добавляют краситель.",фейк,40,"Синий цвет даёт свечение молекул и радикалов при полном сгорании метана. В газ добавляют не краситель, а пахучее вещество, чтобы утечку можно было учуять."
444,Генетика,Большая часть ДНК человека не содержит инструкций для построения белков.,факт,62,"Кодирующие участки занимают лишь около полутора процентов генома. Остальное — регуляторные последовательности, повторы, остатки вирусов и участки с неясной функцией."
445,История медицины,"Гиппократ, которого называют отцом медицины, был арабским врачом времён Средневековья.",фейк,20,"Гиппократ — древнегреческий врач, живший около V–IV веков до н. э. на острове Кос. С его именем связана врачебная клятва."
446,Мозг и восприятие,"При одном из неврологических нарушений человек хорошо видит, но не узнаёт лица, даже лица близких.",факт,62,"Это прозопагнозия. Такие люди узнают знакомых по голосу, походке или одежде, а некоторым трудно узнать даже себя на фотографии."
447,Транспорт,"Беговел без педалей, на котором отталкиваются от земли ногами, появился раньше велосипеда с педалями.",факт,62,Немецкий изобретатель Карл Драйс показал свою «машину для бега» в 1817 году. Педали на переднем колесе появились лишь в 1860-х годах.
448,Эволюция,"Устойчивость бактерий к антибиотикам — пример эволюции, которую можно наблюдать за считанные годы.",факт,40,"Бактерии быстро размножаются, и под действием антибиотика выживают и оставляют потомство устойчивые особи. Поэтому неоправданный приём антибиотиков ускоряет появление устойчивых штаммов."
449,Экономика и деньги,"Российский рубль — самая старая из валют мира, которые используются до сих пор.",фейк,74,"Рубль упоминается с XIII века, но британский фунт стерлингов старше: его история ведётся с англосаксонских времён. Рубль — одна из старейших, но не самая старая валюта."
450,Океанология,"Уровень Мирового океана везде одинаков, поэтому от него удобно отсчитывать высоты по всему миру.",фейк,76,"Средний уровень моря в разных местах различается на десятки сантиметров из-за течений, ветров, солёности и температуры воды. Поэтому страны отсчитывают высоты от своих ориентиров — в России от уровня Балтийского моря в Кронштадте."
451,Кино,Первый публичный платный киносеанс братьев Люмьер прошёл в парижском кафе в 1895 году.,факт,40,"28 декабря 1895 года в «Гран-кафе» показали около десяти коротких фильмов. Легенда о зрителях, бежавших от прибывающего поезда, скорее всего, преувеличена."
452,Математика,"Если увеличить сторону квадрата вдвое, его площадь тоже вырастет вдвое.",фейк,14,"Площадь квадрата — это сторона, умноженная сама на себя, поэтому при удвоении стороны площадь растёт вчетверо. Так же ведёт себя площадь любой фигуры при увеличении масштаба."
453,Растения,"Мякоть кактусов хранит чистую питьевую воду, которой легко утолить жажду в пустыне.",фейк,50,"Сок большинства кактусов кислый и содержит вещества, вызывающие тошноту и расстройство желудка. Он не спасёт от жажды, а скорее усугубит обезвоживание."
454,География,"Волга впадает в Чёрное море, образуя в устье широкую дельту.",фейк,26,Волга впадает в Каспийское море — бессточное озеро. Её дельта — одна из крупнейших в Европе.
455,Физика,"Луч лазерной указки, направленный на Луну, расходится так, что пятно на лунной поверхности имеет в поперечнике сотни километров.",факт,86,"Даже у узкого луча есть небольшое расхождение — порядка тысячной доли радиана. На расстоянии 384 тысяч километров это даёт пятно размером в сотни километров, а атмосфера размывает луч ещё сильнее."
456,Интернет,Хештеги для поиска записей по темам впервые придумали в социальной сети Instagram.,фейк,58,"Использовать знак # для группировки сообщений предложил в Twitter разработчик Крис Мессина в 2007 году. Идея пришла из старых чатов IRC, где # обозначал каналы."
457,Авиация,"Посадку авиалайнера автоматика выполнить не может, и садят самолёт пилоты вручную.",фейк,74,Системы автоматической посадки существуют с 1960-х годов и позволяют садиться в густом тумане. Но решение о посадке и контроль всегда остаются за экипажем.
458,История медицины,Первую пересадку сердца от человека человеку провёл хирург Кристиан Барнард в Кейптауне в 1967 году.,факт,40,"Пациент Луис Вашканский прожил после операции 18 дней и умер от пневмонии. Долгая выживаемость стала возможной позже, с появлением лекарств, подавляющих отторжение."
459,Математика,Люки делают круглыми ради красоты: квадратная крышка работала бы так же надёжно.,фейк,52,"Квадратную крышку можно повернуть и уронить в колодец по диагонали, а круглая не провалится ни при каком положении. К тому же её легко катить."
460,Эволюция,"По происхождению термиты — близкая родня муравьёв, а вовсе не тараканов.",фейк,86,"Генетические данные показывают, что термиты — ветвь тараканов, перешедшая к общественной жизни. Сходство с муравьями возникло независимо, как приспособление к жизни колониями."
461,Материалы,"Алмаз — самый твёрдый природный материал, и расколоть его ударом молотка не получится.",фейк,56,"Твёрдость — это устойчивость к царапинам, а не к ударам. Алмаз довольно хрупок и может расколоться по плоскостям спайности, чем и пользуются огранщики."
462,Грибы и микробы,"В лесу встречаются грибы, мицелий и плодовые тела которых ночью светятся зеленоватым светом.",факт,46,"Свечение создаёт окисление особого вещества, люциферина, под действием фермента — похоже на реакцию у светлячков. Светящиеся гнилушки описывал ещё Аристотель."
463,Новое время,Аляску продала Соединённым Штатам Америки императрица Екатерина II в конце XVIII века.,фейк,36,"Аляску продали в 1867 году при Александре II за 7,2 миллиона долларов. Екатерина II умерла ещё в 1796 году."
464,Литература,Сюжет «Сказки о рыбаке и рыбке» Пушкин взял из сборника братьев Гримм.,факт,74,"В сказке Гриммов «О рыбаке и его жене» рыбак ловит волшебную камбалу, а его жадная жена требует всё больших богатств. Пушкин перенёс историю на русскую почву."
465,Грибы и микробы,"Если гриб приятно пахнет и не горчит, значит, он съедобен.",фейк,36,"Бледная поганка, одна из самых ядовитых, по отзывам выживших, вкусная и почти без запаха. Надёжного домашнего способа проверки нет — нужно точно знать вид."
466,Климат и погода,"Увидеть радугу на небе можно, только встав спиной к Солнцу.",факт,42,"Капли дождя преломляют и отражают солнечный свет обратно под углом около 42 градусов. Поэтому радуга всегда находится на стороне неба, противоположной Солнцу."
467,Вулканы,"Большинство вулканов Земли скрыто от глаз под водой, на дне океанов.",факт,46,"Основная часть вулканической активности приходится на срединно-океанические хребты, где плиты расходятся. Подводные извержения чаще всего проходят незамеченными."
468,Повседневная жизнь,"Пузырьки в газировке — это углекислый газ, растворённый в напитке под давлением.",факт,20,"Когда бутылку открывают, давление падает, и газ начинает выходить. Холодная газировка удерживает газ лучше, поэтому тёплая быстрее выдыхается."
469,Компьютеры и программирование,Операционную систему Linux создал Билл Гейтс как бесплатную альтернативу Windows.,фейк,28,"Ядро Linux в 1991 году начал писать финский студент Линус Торвальдс. Билл Гейтс — сооснователь Microsoft, создавшей Windows."
470,Еда и кулинария,Помидоры в Европе поначалу выращивали как декоративные растения и опасались их есть.,факт,50,"Томаты — родственники ядовитых паслёновых, и их плоды долго считали несъедобными. В кухню они вошли постепенно, сначала в Италии и Испании."
471,Археология,Горный город Мачу-Пикчу в перуанских Андах построили ацтеки в XV веке.,фейк,28,"Мачу-Пикчу возвели инки в XV веке. Ацтеки жили в Центральной Мексике, за тысячи километров от Перу."
472,Медицина,Эритроциты для переливания хранятся ограниченное время — обычно около шести недель.,факт,62,В холодильнике при 2–6 °C эритроцитную массу хранят в среднем 35–42 дня в зависимости от консерванта. Тромбоциты хранятся и того меньше — лишь несколько дней.
473,Спорт и игры,Охотничьи бумеранги австралийских аборигенов после броска описывали дугу и возвращались к охотнику.,фейк,80,"Боевые и охотничьи бумеранги летят прямо и далеко, чтобы поразить цель. Возвращающиеся бумеранги лёгкие и использовались в основном для игр и тренировки."
474,Математика,"По современным правилам математики единица не относится ни к простым, ни к составным числам.",факт,40,"Если бы единица считалась простой, разложение чисел на простые множители перестало бы быть единственным. Поэтому простыми называют числа больше единицы, у которых ровно два делителя."
475,Интернет,"Название Wi-Fi придумало брендинговое агентство, и изначально оно ничего не расшифровывало.",факт,78,Агентство Interbrand предложило созвучное Hi-Fi имя вместо технического названия стандарта IEEE 802.11b. Расшифровку Wireless Fidelity придумали позже как маркетинговый слоган.
476,Искусство,"Картину «Звёздная ночь» Ван Гог написал, находясь в лечебнице в Сен-Реми-де-Прованс.",факт,52,"Вид из окна палаты Ван Гог писал по памяти днём, дополнив его воображением. Картина 1889 года хранится в Музее современного искусства в Нью-Йорке."
477,Авиация,"Дверь авиалайнера на высоте может открыть сильный пассажир, резко потянув за ручку.",фейк,42,"Пассажирская дверь сначала открывается внутрь, а в полёте давление в салоне прижимает её к раме с силой в несколько тонн. Человеку не хватит сил её открыть."
478,Письменность,"В древнерусских рукописях вопрос обозначали тем же знаком, что и сегодня.",фейк,88,"В церковнославянских текстах вопросительным знаком служила точка с запятой — как в греческом письме, откуда её заимствовали. Привычный знак вопроса пришёл в русское письмо позже, из западноевропейской традиции."
479,Космонавтика,"Экипаж «Аполлона-13» после взрыва кислородного бака вернулся на Землю, используя лунный модуль как спасательную шлюпку.",факт,45,"Высадку на Луну отменили, корабль обогнул Луну и вернулся. Лунный модуль, рассчитанный на двоих примерно на двое суток, больше трёх суток поддерживал жизнь трёх астронавтов."
480,Древний мир,"Великую Китайскую стену в нынешнем виде в основном построили при династии Мин, спустя много веков после первых укреплений.",факт,76,"Первые стены возводили ещё в VII–III веках до н. э., но большинство сохранившихся каменных участков относится к XIV–XVII векам. Многие ранние стены были земляными и почти исчезли."
481,Повседневная жизнь,"Мыть руки лучше горячей водой, ведь она гораздо лучше убивает микробов на коже.",фейк,70,"Вода, которую выдерживают руки, недостаточно горяча, чтобы убить бактерии. В исследованиях тёплая и холодная вода с мылом одинаково хорошо смывали микробов."
482,Транспорт,"Брошенный в лужу бензина окурок, как в кино, неизбежно вызывает взрыв.",фейк,72,"В опытах тлеющая сигарета обычно не поджигает бензин: её температуры недостаточно для воспламенения паров. Но открытое пламя и искра поджигают его мгновенно, так что курить у бензина всё равно опасно."
483,Мозг и восприятие,"Человек видит окружающий мир с задержкой в несколько секунд, которая нужна мозгу на обработку.",фейк,44,"Зрительная обработка занимает порядка десятой доли секунды. Задержка в секунды сделала бы невозможными ни вождение, ни игру в мяч."
484,Спорт и игры,"Хоккейные шайбы перед матчем замораживают, чтобы они меньше подпрыгивали на льду.",факт,66,Замёрзшая резина твёрже и меньше пружинит. В профессиональных лигах шайбы хранят в морозильнике и меняют во время игры.
485,Средневековье,В средневековых библиотеках ценные книги приковывали цепями к полкам и столам.,факт,44,"Рукописная книга стоила очень дорого. Цепь позволяла читать книгу на месте, но не уносить её; такие библиотеки сохранились, например, в английском Херефорде."
486,Анатомия,"Глазное яблоко человека почти не растёт после рождения, поэтому у младенцев глаза кажутся такими большими.",фейк,76,"У новорождённого глазное яблоко около 16–17 мм в длину, а у взрослого — около 24 мм. Глаза младенца кажутся крупными потому, что голова и лицо ещё малы."
487,Средневековье,"В Средние века воду почти не пили и заменяли её пивом и вином, ведь чистой питьевой воды тогда было не найти.",фейк,66,"Люди пили воду из колодцев и родников, её упоминают в рецептах, монастырских уставах и советах врачей. Слабое пиво действительно было обычным питьём, но не из-за отказа от воды."
488,Еда и кулинария,"Дореволюционный салат «Оливье» готовили почти так же, как сегодня, — с колбасой и зелёным горошком.",фейк,72,"В старых рецептах были рябчики, раковые шейки, каперсы, оливки и особый соус. Колбаса и горошек появились в советское время."
489,Искусство,"Третьяковскую галерею основал московский купец Павел Третьяков, собиравший картины русских художников.",факт,24,"Третьяков начал собирать коллекцию в 1856 году, а в 1892 году подарил её Москве. Галерея стала одним из главных собраний русского искусства."
490,Астрономия,"Луна каждый год отдаляется от Земли примерно на 3,8 сантиметра.",факт,62,"Это измеряют, посылая лазерные импульсы на отражатели, оставленные на Луне. Удаление вызвано приливным взаимодействием, которое одновременно понемногу замедляет вращение Земли."
491,Письменность,Шрифт Брайля для незрячих читают пальцами: буквы составлены из выпуклых точек в ячейках по шесть.,факт,24,"Систему придумал Луи Брайль, сам потерявший зрение в детстве. Шесть точек дают 63 сочетания — хватает на буквы, цифры и знаки."
492,Археология,Каменный круг Стоунхенджа в Англии возвели кельтские жрецы-друиды для своих обрядов.,фейк,64,"Основные этапы строительства Стоунхенджа пришлись примерно на 3000–1500 годы до н. э. Друиды известны лишь с последних веков до нашей эры, то есть намного позже."
493,Химия,"Свежий запах после грозы отчасти создаёт озон, который образуется при электрических разрядах.",факт,45,"Молнии расщепляют молекулы кислорода, и атомы соединяются в озон — O₃. Человек чувствует его даже в ничтожных концентрациях; вклад в запах дают и вещества из намокшей почвы."
494,Еда и кулинария,"Оранжевая морковь широко распространилась благодаря голландским селекционерам, а раньше чаще встречалась фиолетовая и жёлтая.",факт,72,"Оранжевые сорта выводили в Нидерландах в XVI–XVII веках. Легенда о том, что цвет выбрали в честь принца Оранского, документально не подтверждена."
495,Насекомые,"Гусеницы некоторых бабочек-голубянок обманывают муравьёв, и те выкармливают их у себя в муравейнике.",факт,86,"Гусеница выделяет вещества, похожие на запах муравьиных личинок, и рабочие муравьи уносят её в гнездо. Там она кормится или поедает расплод хозяев."
496,Грибы и микробы,"Мухомор красный смертельно ядовит: одного гриба хватает, чтобы убить взрослого человека.",фейк,62,"Красный мухомор ядовит и есть его нельзя, но смертельные отравления им редки. Большинство смертей от грибов вызывает бледная поганка, которую путают со съедобными видами."
497,Искусственный интеллект,Чат-бот на нейросети сам дообучается на каждом разговоре и сразу становится умнее после беседы с вами.,фейк,64,"Параметры модели фиксируются после обучения и в разговоре не меняются. Функции «памяти» лишь сохраняют заметки, а новые версии модели выпускают после отдельного обучения."
498,Авиация,"Пассажиры «Конкорда», вылетевшие из Лондона утром, прибывали в Нью-Йорк по местному времени раньше, чем вылетели.",факт,74,"Полёт длился около трёх с половиной часов, а разница во времени между городами — пять часов. «Конкорд» летал примерно в два раза быстрее звука."
499,Морская жизнь,"Рыба-меч подогревает свои глаза и мозг особым органом, чтобы лучше видеть в холодной глубине.",факт,86,"У рыбы-меч возле глаз есть видоизменённая мышечная ткань, вырабатывающая тепло. Тёплые глаза быстрее реагируют на движение, что помогает охотиться на глубине, где вода холодная."
500,Транспорт,Встречные суда в море по международным правилам расходятся правыми бортами.,фейк,86,"По правилам предупреждения столкновений встречные суда отворачивают вправо и расходятся левыми бортами. Поэтому левый борт отмечают красным огнём, а правый — зелёным."
501,Еда и кулинария,"Если сначала обжарить мясо на сильном огне, корочка «запечатает» сок внутри.",фейк,78,"Опыты показывают, что обжаренное мясо теряет влаги не меньше, а то и больше. Корочку ценят за вкус и аромат, которые дают реакции Майяра."
502,Экономика и деньги,Первые бумажные деньги в России — ассигнации — выпустили при Екатерине II.,факт,62,"Ассигнации ввели в 1769 году, чтобы покрыть военные расходы. Со временем их печатали всё больше, и ассигнационный рубль заметно подешевел по сравнению с серебряным."
503,Насекомые,"Таракан, лишившийся головы, может прожить ещё несколько дней, а иногда и больше недели.",факт,38,"Дыхание у тараканов идёт через отверстия по бокам тела, а нервные узлы есть не только в голове. Без головы таракан в итоге погибает от обезвоживания, потому что не может пить."
504,Грибы и микробы,Некоторые микроорганизмы живут и размножаются в воде горячих источников при температуре выше 90 °C.,факт,52,"Таких любителей жары называют гипертермофилами, многие из них — археи. Устойчивые к нагреву ферменты термофилов используют, например, в методе ПЦР."
505,Изобретения,Первый работающий телефон изобрёл и запатентовал Томас Эдисон в 1870-х годах.,фейк,32,"Патент на телефон в 1876 году получил Александр Грэм Белл; о приоритете спорят также сторонники Антонио Меуччи и Элайши Грея. Эдисон лишь усовершенствовал микрофон, сделав телефон громче."
506,Эволюция,Предки лошадей были ростом с небольшую собаку и имели на ногах по нескольку пальцев.,факт,62,"Эогиппус, живший около 50 миллионов лет назад, был размером примерно с лису и обитал в лесах. По мере перехода к жизни в открытых степях ноги удлинялись, а число пальцев сократилось до одного."
507,Изобретения,Масса для лепки Play-Doh изначально продавалась как средство для чистки обоев от угольной копоти.,факт,78,"Когда дома перешли с угольного отопления на газ, спрос на очиститель упал. Выяснилось, что школьники лепят из него поделки, и продукт превратили в игрушку."
508,Физика,"Днём небо голубое, потому что молекулы воздуха рассеивают синий свет гораздо сильнее, чем красный.",факт,22,"Это рэлеевское рассеяние: чем короче волна, тем сильнее она рассеивается. На закате свет проходит через толщу воздуха, синяя часть теряется по пути, и небо у горизонта краснеет."
509,Средневековье,Собор Парижской Богоматери построили всего за год к коронации французского короля.,фейк,22,Строительство собора началось в 1163 году и в основном завершилось почти через два столетия. Готические соборы часто возводили на протяжении жизни нескольких поколений.
510,Сон,"Бокал спиртного перед сном улучшает качество сна, помогая дольше оставаться в глубокой фазе.",фейк,52,"Алкоголь помогает быстрее уснуть, но во второй половине ночи сон становится прерывистым, а быстрой фазы меньше. Утром человек чувствует себя хуже отдохнувшим."
511,Новое время,Исаак Ньютон руководил Королевским монетным двором и лично добивался казни фальшивомонетчиков.,факт,78,"Став смотрителем, а затем начальником монетного двора, Ньютон проводил перечеканку монет и сам допрашивал подозреваемых. Знаменитого фальшивомонетчика Уильяма Чалонера по его стараниям казнили в 1699 году."
512,Архитектура,Купол римского Пантеона почти два тысячелетия остаётся крупнейшим в мире куполом из неармированного бетона.,факт,72,"Диаметр купола — около 43 метров. Строители облегчили его кверху, добавляя в бетон пемзу, а в центре оставили круглое отверстие — окулус."
513,Изобретения,"Первые очки появились лишь в XIX веке, а до этого людям со слабым зрением ничем не помогали.",фейк,52,Очки для чтения появились в Италии в конце XIII века. А ещё раньше пользовались увеличительными камнями — полированными линзами из кварца или берилла.
514,Экономика и деньги,Первые монеты начали чеканить около VII века до н. э. в Лидии — царстве на территории нынешней Турции.,факт,62,Лидийские монеты делали из электрума — природного сплава золота и серебра — и ставили на них изображение льва. Затем чеканка быстро распространилась по греческим городам.
515,Насекомые,"Североамериканские цикады некоторых видов проводят под землёй 13 или 17 лет, а затем выходят все разом.",факт,62,"Личинки питаются соками корней, а потом огромные массы взрослых цикад появляются почти одновременно. По одной из гипотез, простые числа лет помогают не совпадать с циклами хищников."
516,Химия,При кипячении нитраты и тяжёлые металлы уходят из воды вместе с паром.,фейк,48,"Эти вещества не испаряются, а при выкипании части воды их концентрация даже растёт. Кипячение убивает микробов, но от химических загрязнений не очищает."
517,Письменность,В японской письменности одновременно используют три системы: иероглифы и две слоговые азбуки.,факт,42,"Иероглифы кандзи передают корни слов, хирагана — грамматические окончания и служебные слова, а катакана — в основном заимствования. Встречается и латиница."
518,Птицы,"Перелётные птицы в пасмурную погоду сбиваются с пути, ведь дорогу они находят по положению солнца.",фейк,58,"Птицы используют несколько «компасов»: солнце, звёзды, магнитное поле Земли, а также ориентиры и запахи. Поэтому облачность обычно не мешает перелёту."
519,Повседневная жизнь,Пальчиковые батарейки лучше хранить в холодильнике — так они дольше не разряжаются.,фейк,62,Современные щелочные и литиевые батарейки хорошо хранятся при комнатной температуре. В холодильнике на них может образоваться конденсат.
520,Изобретения,"Пылесос с самого начала был небольшим прибором, который хозяйки возили по комнатам.",фейк,82,"Один из первых моторных пылесосов, созданный Хьюбертом Бутом в 1901 году, был размером с повозку, и его возили лошади. Машина стояла на улице, а шланги протягивали в дом через окна."
521,Транспорт,"Первый в мире штраф за превышение скорости в 1896 году выписали водителю, ехавшему около 13 км/ч.",факт,84,Англичанин Уолтер Арнольд ехал со скоростью 8 миль в час при ограничении в 2 мили в час для самоходных экипажей в городе.
522,Компьютеры и программирование,"Закон Мура — физический закон природы, по которому число транзисторов в микросхемах удваивается каждые два года.",фейк,68,"Гордон Мур в 1965 году лишь подметил тенденцию в развитии отрасли. В последние годы рост заметно замедлился, упираясь в физические пределы."
523,XX век,Первую Нобелевскую премию мира в 1901 году получил основатель Красного Креста Анри Дюнан.,факт,66,Премию он разделил с французским пацифистом Фредериком Пасси. Дюнан к тому времени был разорён и жил в приюте в Швейцарии.
524,Изобретения,"Посудомоечную машину изобрела американка, уставшая от того, что слуги бьют её фарфор.",факт,62,"Джозефина Кокрейн в 1886 году запатентовала машину, где вода под напором омывала посуду в проволочных корзинах. Сначала её покупали рестораны и гостиницы."
525,Медицина,"Рентгеновский снимок зуба даёт дозу облучения больше, чем перелёт через Атлантику.",фейк,88,"Снимок одного зуба даёт около 0,005 миллизиверта, а трансатлантический перелёт — несколько сотых миллизиверта из-за космического излучения на высоте. Так что полёт даёт больше."
526,Инженерия,"Высоковольтные провода покрывают толстой изоляцией, иначе они убивали бы садящихся на них птиц.",фейк,64,"Провода ЛЭП обычно голые. Птица на одном проводе не пострадает, потому что между её лапами почти нет разности напряжений и ток через неё не идёт."
527,Геология,"Землетрясения чаще случаются в жаркую и безветренную погоду, её даже называют сейсмической.",фейк,44,"Землетрясения возникают на глубине в километры, где погода не ощущается. Статистика не находит связи между ними и температурой или ветром."
528,Растения,"Мимоза стыдливая складывает листья за считанные секунды, если к ним прикоснуться.",факт,38,"В основаниях листочков клетки быстро теряют воду, и лист опускается. Вероятно, так растение отпугивает травоядных и насекомых."
529,Экология,"Кислотные дожди вызывают в основном вулканы, а заводы и электростанции тут почти ни при чём.",фейк,56,Главная причина — выбросы диоксида серы и оксидов азота при сжигании угля и нефти. После ограничения этих выбросов в Европе и Северной Америке кислотность дождей заметно снизилась.
530,Сон,"Недосып за рабочую неделю легко отоспать за выходные, и последствия для организма исчезают без следа.",фейк,64,"В исследованиях сон «про запас» в выходные не устранял нарушений обмена веществ, вызванных недосыпом в будни. Регулярный режим полезнее попыток компенсировать недостаток."
531,Морская жизнь,"Косатка, которую за хищный нрав называют китом-убийцей, — разновидность крупной акулы.",фейк,30,"Косатка — зубатый кит из семейства дельфиновых, самый крупный дельфин. Она дышит воздухом и выкармливает детёнышей молоком."
532,Космонавтика,"Первыми животными, побывавшими в космосе, стали плодовые мушки, запущенные на трофейной ракете Фау-2 в 1947 году.",факт,86,"Американские учёные изучали, как космическое излучение влияет на живые организмы. Капсула с мушками поднялась выше 100 километров и вернулась на парашюте, а мушки выжили."
533,Кино,Первым полнометражным звуковым фильмом в истории стал «Броненосец „Потёмкин“» Сергея Эйзенштейна.,фейк,56,«Броненосец „Потёмкин“» 1925 года — немой фильм. Эпоху звукового кино открыл американский «Певец джаза» 1927 года.
534,Повседневная жизнь,"Обувь на высоком каблуке изначально придумали для женщин, чтобы они казались выше.",фейк,86,"Каблуки носили персидские всадники, чтобы нога держалась в стремени. В XVII веке каблуки вошли в моду среди европейских мужчин-аристократов."
535,Кино,Комедию «Иван Васильевич меняет профессию» по пьесе Булгакова снял Эльдар Рязанов.,фейк,34,Эту комедию 1973 года снял Леонид Гайдай по пьесе Михаила Булгакова. Рязанову принадлежат «Ирония судьбы» и «Служебный роман».
536,Космонавтика,"Алексей Леонов после первого выхода в открытый космос с трудом вернулся в корабль: его скафандр раздуло, и пришлось стравить часть воздуха.",факт,48,"В вакууме скафандр раздулся так, что Леонов не мог протиснуться в шлюз. Он самостоятельно снизил давление в скафандре и вошёл в шлюз головой вперёд, вопреки инструкции."
537,Древний мир,"Юлий Цезарь ввёл календарь, в котором раз в четыре года добавляли лишний день.",факт,38,"Юлианский календарь вступил в силу в 45 году до н. э. Позже выяснилось, что он отстаёт от солнечного года примерно на сутки за 128 лет, и в 1582 году появился григорианский."
538,История медицины,Инсулин впервые ввели больному диабетом в 1922 году — четырнадцатилетнему канадскому подростку.,факт,52,"До этого тяжёлый диабет первого типа быстро приводил к смерти. Леонард Томпсон после инъекций прожил ещё 13 лет, а открыватели инсулина получили Нобелевскую премию."
539,Кино,"Мультсериал «Ну, погоди!» снимали по официальной лицензии на «Тома и Джерри».",фейк,58,"«Ну, погоди!» — самостоятельная работа «Союзмультфильма», начатая в 1969 году режиссёром Вячеславом Котёночкиным. Лицензии на американских героев не было."
540,Спорт и игры,"В регби игроки могут отдавать пас руками вперёд, как в американском футболе.",фейк,60,"В регби пас руками разрешён только назад или вдоль линии. Продвигаться вперёд можно, неся мяч или выбивая его ногой."
541,Литература,Истории об Аладдине и Али-Бабе входили в «Тысячу и одну ночь» с самого начала.,фейк,88,"Этих сказок нет в древних арабских рукописях сборника. Их добавил французский переводчик Антуан Галлан в начале XVIII века, записав со слов рассказчика из Алеппо."
542,Океанология,"Гигантские волны-убийцы долго считали морскими байками, пока в 1995 году датчик на нефтяной платформе не зафиксировал волну высотой около 26 метров.",факт,78,"Это была волна Дропнер в Северном море — почти вдвое выше окружающих волн. После этого спутниковые наблюдения показали, что такие волны возникают не так уж редко."
543,Компьютеры и программирование,Первая советская электронная вычислительная машина МЭСМ заработала в Киеве в 1950 году.,факт,64,Её создали под руководством Сергея Лебедева. Машина занимала крыло здания и выполняла около трёх тысяч операций в минуту.
544,Психология,"Плацебо перестаёт действовать, как только пациенту честно говорят, что таблетка пустая.",фейк,86,"В ряде исследований «открытое плацебо» облегчало симптомы, например при синдроме раздражённого кишечника и хронической боли в спине, хотя пациенты знали, что таблетки пустые. Влияют сам ритуал лечения и ожидания."
545,Архитектура,"Амфитеатр Колизей в Древнем Риме вмещал, по оценкам, от 50 до 80 тысяч зрителей.",факт,40,"Амфитеатр открыли в 80 году. Зрителей быстро впускали и выпускали через десятки пронумерованных входов, а над трибунами натягивали тент от солнца."
546,Экология,"Численность диких тигров в последние годы продолжает падать, и нигде она не растёт.",фейк,70,"По оценкам, с 2010 года число диких тигров в мире выросло примерно с 3200 до 4500. Особенно заметный рост — в Индии, Непале и на Дальнем Востоке России."
547,Океанология,"Океан кажется синим лишь из-за отражения неба, а сама морская вода совершенно бесцветна.",фейк,66,"Вода слабо поглощает красный свет, и в толще она приобретает собственный голубой оттенок — это видно и под водой, и в пасмурную погоду. Отражение неба лишь добавляется к нему."
548,Транспорт,"Транссибирская магистраль от Москвы до Владивостока — самая длинная железная дорога мира, более 9000 километров.",факт,22,"Её длина около 9300 километров, а путь пересекает восемь часовых поясов. Основную часть магистрали построили в 1891–1916 годах."
549,Археология,"Статуи моаи на острове Пасхи — это огромные каменные головы, у которых нет туловищ.",фейк,70,"У моаи есть туловища, просто у многих статуй на склонах вулкана они засыпаны землёй. Раскопки открыли фигуры высотой в несколько метров."
550,История медицины,Джозеф Листер в XIX веке ввёл в хирургию антисептику на основе йода.,фейк,86,"Листер обрабатывал раны, инструменты и повязки карболовой кислотой — фенолом. Йодную настойку для обработки кожи стали широко применять позже, в начале XX века."
551,Млекопитающие,"Кожа белого медведя под мехом такая же белая, как его шерсть.",фейк,70,"Кожа белого медведя чёрная и хорошо поглощает тепло. Волоски же почти прозрачные и полые внутри, а белыми кажутся из-за рассеяния света."
552,Физика,Во время частичного солнечного затмения тени от листвы деревьев превращаются в множество маленьких серпиков.,факт,72,"Просветы между листьями работают как камеры-обскуры и проецируют на землю изображение Солнца. Обычно это кружочки, а во время затмения — серпы."
553,Птицы,"У многих дятлов подъязычный аппарат с языком так длинен, что огибает череп сзади.",факт,82,Язык дятла может далеко выдвигаться из клюва и доставать личинок из ходов в древесине. В спокойном состоянии его подъязычные кости охватывают череп петлёй.
554,Сон,"Кофеин мешает уснуть, блокируя в мозге рецепторы вещества, которое накапливается за день и вызывает сонливость.",факт,55,"Это вещество — аденозин. Кофеин не устраняет его, а лишь не даёт ему действовать, поэтому после окончания действия кофе усталость может навалиться с новой силой."
555,Мозг и восприятие,"Мозг Альберта Эйнштейна был заметно крупнее среднего, что и объясняло его гениальность.",фейк,66,Мозг Эйнштейна весил около 1230 граммов — даже немного меньше среднего для мужчин. Исследователи обсуждают лишь особенности отдельных участков его коры.
556,Вулканы,Японская гора Фудзи давно потухла и уже много тысяч лет не извергается.,фейк,62,"Фудзи — действующий вулкан. Последнее извержение было в 1707 году, и пепел тогда выпадал даже в Эдо — нынешнем Токио."
557,Материалы,Аэрогель — один из самых лёгких твёрдых материалов: он почти целиком состоит из воздуха.,факт,48,"В кремниевом аэрогеле воздух занимает свыше 99% объёма, а твёрдая часть образует тончайшую сетку. Он отлично удерживает тепло и применялся для теплоизоляции марсоходов."
558,Спорт и игры,Первые современные Олимпийские игры прошли в Афинах в 1896 году.,факт,22,Идею возрождения игр продвигал француз Пьер де Кубертен. В соревнованиях участвовали около 240 спортсменов из 14 стран.
559,Грибы и микробы,"Некоторые грибы способны питаться полиуретаном, разлагая этот пластик даже без доступа кислорода.",факт,82,"В 2011 году студенты Йельского университета нашли в лесах Эквадора гриб Pestalotiopsis microspora, который рос на полиуретане как на единственном источнике углерода. Это открытие изучают для переработки отходов."
560,Письменность,Иероглифическую письменность майя учёные до сих пор так и не смогли прочитать.,фейк,72,"В 1950-х годах советский учёный Юрий Кнорозов показал, что письмо майя сочетает знаки-слова и слоговые знаки. Сейчас большую часть надписей майя удаётся прочитать."
561,XX век,"Высадку на Луну в 1969 году показали по телевидению лишь в записи, через несколько дней после возвращения астронавтов.",фейк,34,"Выход Нила Армстронга на поверхность Луны транслировался в прямом эфире, и его смотрели сотни миллионов людей по всему миру."
562,Птицы,"Колибри умеют не только зависать на месте, но и летать задом наперёд.",факт,30,"Крылья колибри описывают в воздухе восьмёрку и создают подъёмную силу и при движении вперёд, и при обратном взмахе. Мелкие виды машут крыльями десятки раз в секунду."
563,Климат и погода,Смерчи обходят стороной крупные города и не пересекают широкие реки.,фейк,74,"Смерчи не раз разрушали городские кварталы, например в американских городах Мур и Джоплин, и переходили через реки. Считать город или реку защитой нельзя."
564,Архитектура,Храм Василия Блаженного на Красной площади построили по приказу Ивана Грозного в честь взятия Казани.,факт,36,"Собор Покрова на Рву возвели в 1555–1561 годах. Народное название он получил по имени юродивого Василия, похороненного у его стен."
565,Астрономия,Упавшие на Землю метеориты обычно лежат на месте падения раскалёнными докрасна и могут поджечь траву.,фейк,64,"В атмосфере оплавляется лишь тонкий внешний слой, а на последнем участке полёта камень тормозится и остывает. Найденные сразу после падения метеориты обычно тёплые или даже холодные на ощупь."
566,Археология,Древнейшим известным наскальным изображениям на индонезийском острове Сулавеси больше 45 тысяч лет.,факт,86,В пещерах Сулавеси нашли изображения диких свиней и сцены охоты. Они старше знаменитых росписей европейских пещер.
567,Химия,"Вода при замерзании расширяется, поэтому лёд плавает, а забытая в морозилке бутылка может лопнуть.",факт,20,"Молекулы воды в кристалле льда выстраиваются в ажурную решётку, которая занимает больше места, чем жидкость. Лёд примерно на 9% менее плотный, чем вода."
568,Морская жизнь,"Электрический угорь — вовсе не угорь, а родственник сомов и карпов.",факт,86,"Электрический угорь относится к гимнотообразным рыбам, близким к сомам и карпообразным. Сходство с настоящими угрями — лишь в вытянутой форме тела."
569,Насекомые,"Пауки — это насекомые, у которых восемь ног вместо шести.",фейк,20,"Пауки относятся к паукообразным, а не к насекомым. У них не только восемь ног, но и два отдела тела вместо трёх и нет усиков."
570,Археология,Возраст древесины по годичным кольцам можно определить не дальше чем на пару столетий в прошлое.,фейк,82,"Учёные составили непрерывные шкалы годичных колец длиной более 12 тысяч лет, соединив данные живых деревьев, старых построек и древесины из болот. По ним датируют находки с точностью до года."
571,Эволюция,"Ближайшие одноклеточные родственники животных — воротничковые жгутиконосцы, очень похожие на клетки губок.",факт,90,"Молекулярные данные показывают, что хоанофлагелляты — сестринская группа животных. Их клетки со жгутиком и воротничком почти неотличимы от особых клеток губок."
572,Геология,Исландия постепенно раздвигается: через неё проходит граница Северо-Американской и Евразийской плит.,факт,55,"Плиты расходятся примерно на 2 сантиметра в год. В национальном парке Тингвеллир можно пройти по разлому между ними, а в расщелине Сильфра — даже нырнуть."
573,Архитектура,"Готические соборы строили с толстыми глухими стенами и почти без окон, чтобы выдержать вес сводов.",фейк,64,"Благодаря аркбутанам — наружным опорным аркам — стены готических соборов стали тоньше и выше, а окна огромными, с витражами."
574,Экология,"В 1958 году в Китае массово истребляли воробьёв, и это привело к нашествию насекомых-вредителей.",факт,55,"Воробьёв считали вредителями зерна, но они поедали и насекомых. После кампании расплодилась саранча, что усугубило голод, и воробьёв исключили из списка врагов."
575,Древний мир,У Фермопил персидскую армию сдерживали триста спартанцев без поддержки других греков.,фейк,64,Вначале у Фермопил стояли несколько тысяч греков из разных полисов. В последний день со спартанцами остались сотни феспийцев и фиванцев.
576,Растения,Кофейные «зёрна» на самом деле семена красных ягод кофейного дерева.,факт,28,"Плоды кофейного дерева похожи на вишню, а внутри них обычно по два семени. Характерный вкус и аромат появляются только после обжарки."
577,Кино,"Рёв тираннозавра в «Парке юрского периода» смешали из голосов слонёнка, тигра и аллигатора.",факт,78,"Звукорежиссёр Гэри Ридстром собирал звуки животных и накладывал их друг на друга. Дыхание динозавра, по его рассказам, озвучил выдох кита."
578,Медицина,"Человеку во время эпилептического приступа нужно вставить в рот ложку, иначе он проглотит язык.",фейк,56,"Проглотить язык нельзя, а предмет во рту может сломать зубы или перекрыть дыхание. Нужно убрать опасные предметы вокруг, подложить что-то мягкое под голову и засечь время приступа."
579,Письменность,"Кириллицу назвали в честь святого Кирилла, хотя, по мнению большинства учёных, он создал другую азбуку — глаголицу.",факт,78,"Кирилл и Мефодий в IX веке создали глаголицу для славянских переводов. Кириллица возникла позже, вероятно, среди их учеников в Болгарии, на основе греческого письма."
580,Генетика,"В организме матери годами могут жить клетки её детей, проникшие туда во время беременности.",факт,86,Это явление называют микрохимеризмом: клетки плода обнаруживали в крови и органах женщин спустя десятилетия. Их роль для здоровья матери пока изучается.
581,География,Африканское государство Лесото со всех сторон окружено территорией другой страны — ЮАР.,факт,62,"Кроме Лесото, целиком внутри одной страны лежат только Ватикан и Сан-Марино. Вся территория Лесото находится выше 1400 метров над уровнем моря."
582,Авиация,"Самолёт держится в воздухе за счёт тяги двигателей, а крылья нужны лишь для устойчивости.",фейк,26,"Подъёмную силу создают крылья, а двигатели лишь разгоняют самолёт. Планёры летают часами вообще без двигателя."
583,Анатомия,Печень способна восстановить исходный объём после удаления значительной её части.,факт,45,"Оставшиеся клетки начинают делиться, и за несколько недель или месяцев орган почти возвращается к прежнему размеру. На этом основана пересадка части печени от живого донора."
584,Материалы,"Чугунная сковорода прочнее стальной и не трескается, даже если плеснуть в раскалённую холодной воды.",фейк,60,"Чугун твёрдый, но хрупкий, и резкий перепад температуры может его расколоть. Раскалённую чугунную посуду советуют остужать постепенно."
585,Изобретения,"Микроволновую печь придумали после того, как у инженера возле работающего радара растаяла шоколадка в кармане.",факт,32,В 1945 году Перси Спенсер заметил этот эффект и проверил его на кукурузе для попкорна. Первая микроволновка была ростом с человека и весила около 340 килограммов.
586,Искусственный интеллект,"Первые искусственные нейронные сети появились лишь в 2010-х годах, вместе с мощными видеокартами.",фейк,54,Перцептрон Фрэнка Розенблатта — обучаемую нейросеть — построили ещё в 1958 году. Видеокарты в 2010-х лишь позволили обучать гораздо более крупные сети.
587,Авиация,Молния в среднем примерно раз в год попадает в каждый пассажирский авиалайнер.,факт,66,"Ток проходит по металлической обшивке, которая работает как клетка Фарадея, и выходит наружу. Композитные корпуса современных самолётов усиливают проводящей сеткой."
588,Экология,Яркое ночное освещение городов сбивает с пути перелётных птиц и только что вылупившихся морских черепах.,факт,38,"Черепашата ползут к самому светлому горизонту, который в природе совпадает с морем, и на освещённых пляжах уходят к дорогам. Птицы теряют ориентацию и разбиваются о подсвеченные здания."
589,Интернет,Символ @ в адресах электронной почты впервые использовал инженер Рэй Томлинсон в 1971 году.,факт,62,"Томлинсону нужен был знак, отделяющий имя пользователя от имени компьютера, и он выбрал редкий символ @. Он же отправил первое сетевое электронное письмо."
590,Насекомые,"Муравьиная матка управляет жизнью колонии, раздавая рабочим муравьям указания, что делать.",фейк,72,"Матка лишь откладывает яйца. Работу колонии организуют простые взаимодействия множества муравьёв через запаховые сигналы, без единого командного центра."
591,Искусственный интеллект,"Беспилотные автомобили не могут ехать без интернета, потому что решения за них принимает удалённый сервер.",фейк,52,"Основные расчёты выполняет бортовой компьютер: связь слишком ненадёжна, чтобы от неё зависело торможение. Интернет используют для карт, обновлений и удалённой поддержки."
592,Эволюция,С появлением медицины и цивилизации человек как биологический вид перестал эволюционировать.,фейк,56,"Изменения продолжаются: например, способность взрослых усваивать молоко распространилась у скотоводческих народов за последние несколько тысяч лет. Меняются лишь факторы отбора."
593,Древний мир,Шестьдесят минут в часе и 360 градусов в окружности достались нам от вавилонской системы счёта по основанию 60.,факт,55,"Вавилонские математики записывали числа в шестидесятеричной системе. Число 60 удобно тем, что делится на 2, 3, 4, 5, 6, 10, 12, 15, 20 и 30."
594,Средневековье,"Знаменитый гобелен из Байё на самом деле не гобелен, а вышивка.",факт,86,"Это полотно длиной около 70 метров, на котором шерстяными нитками вышита история нормандского завоевания Англии в 1066 году. Гобелен же — тканая картина, где изображение создаётся самим переплетением нитей."
595,Музыка,"Моцарт в 14 лет записал по памяти «Мизерере» Аллегри, которое запрещалось исполнять и копировать за пределами Сикстинской капеллы.",факт,74,"По преданию, он прослушал произведение один-два раза и воспроизвёл его на бумаге. Вскоре запрет потерял смысл, и произведение стало широко известно."
596,Климат и погода,"Прогноз погоды на следующий день сбывается не чаще, чем угаданный бросок монетки.",фейк,36,"Современные прогнозы на сутки вперёд верно предсказывают температуру и осадки в большинстве случаев. Точность падает с удлинением срока, но прогноз на пять дней сейчас сопоставим с прогнозом на сутки несколько десятилетий назад."
597,Интернет,"Первым интернет-магазином в мире стал Amazon, открывшийся в 1995 году.",фейк,72,Ещё в 1994 году американский сайт NetMarket провёл одну из первых защищённых онлайн-покупок — компакт-диска. Книжный магазин Book Stacks работал в сети с 1992 года.
598,Птицы,Ворон и ворона — это самец и самка одного вида птиц.,фейк,36,"Ворон и серая ворона — разные виды одного рода. Ворон крупнее, иначе кричит и чаще держится парами вдали от городов."
599,Инженерия,"Норвежская газовая платформа «Тролль А» высотой около 470 метров — самое высокое сооружение, которое люди когда-либо перемещали.",факт,86,"Бетонную платформу построили у берега и в 1995 году отбуксировали в море, где она встала на дно на глубине более 300 метров. Над водой видна лишь её верхняя часть."
600,XX век,"Советский Союз распался в 1985 году, когда к власти пришёл Михаил Горбачёв.",фейк,20,В 1985 году Горбачёв возглавил страну и начал перестройку. СССР прекратил существование в декабре 1991 года.
601,Космонавтика,"Ракета выходит на орбиту, поднимаясь вертикально до нужной высоты и отключая там двигатели.",фейк,70,"Чтобы остаться на орбите, нужна огромная горизонтальная скорость — около 7,9 км/с у Земли. Поэтому вскоре после старта ракета наклоняется и большую часть топлива тратит на разгон вдоль горизонта."
602,Архитектура,"Кремль в России один — московский, и слово обозначает именно резиденцию власти.",фейк,26,"Кремль — это крепость в центре древнерусского города. Кремли сохранились, например, в Новгороде, Казани, Пскове, Нижнем Новгороде и Туле."
603,Океанология,"Поверхность Марса нанесена на карты подробнее, чем большая часть дна земного океана.",факт,45,"Толща воды не пропускает радиоволны и свет, и дно приходится снимать эхолотами с кораблей. Подробно, по оценкам, закартирована лишь примерно четверть океанского дна."
604,Растения,"Если снять кору кольцом вокруг ствола, дерево продолжит расти как ни в чём не бывало.",фейк,60,"Под корой проходит луб, по которому сахара из листьев идут к корням. После кольцевания корни голодают, и дерево постепенно погибает."
605,XX век,Первая мировая война началась с нападения Германии на Россию в августе 1914 года.,фейк,44,"Войну начала Австро-Венгрия, объявив её Сербии 28 июля 1914 года после убийства эрцгерцога Франца Фердинанда. Германия объявила войну России 1 августа."
606,Изобретения,Колёса у чемоданов появились одновременно с самими дорожными чемоданами ещё в XIX веке.,фейк,72,"Патент на чемодан на колёсиках получили лишь в 1970 году, а привычные вертикальные чемоданы с выдвижной ручкой появились в 1987 году."
607,Анатомия,"Зрачки расширяются не только в темноте, но и при сильном интересе или умственном напряжении.",факт,62,"Размером зрачка управляет вегетативная нервная система, которая реагирует и на возбуждение. Психологи используют это для оценки умственной нагрузки."
608,Средневековье,"Новгородские берестяные грамоты показывают, что читать и писать умели не только знатные люди, но и простые горожане.",факт,62,"Среди найденных грамот — деловые записки, письма и даже ученические упражнения мальчика Онфима с рисунками. Первую грамоту нашли в 1951 году, сейчас их больше тысячи."
609,Материалы,"Пластиковая бутылка, выброшенная в лесу, разлагается без следа примерно за один сезон.",фейк,20,"ПЭТ разлагается в природе очень медленно — по оценкам, столетиями, — и при этом дробится на микропластик. Поэтому бутылки лучше сдавать в переработку."
610,Насекомые,Дыры в шерстяной одежде прогрызают порхающие по квартире взрослые бабочки моли.,фейк,60,"Шерсть едят гусеницы моли, а взрослые бабочки вообще не питаются. Летающая по квартире моль лишь откладывает яйца."
611,Авиация,Самый опасный этап полёта авиалайнера — многочасовой крейсерский полёт на большой высоте.,фейк,40,"Большинство авиационных происшествий случается при взлёте, наборе высоты, заходе на посадку и посадке. На крейсерской высоте у экипажа больше всего времени и запаса высоты."
612,Кино,Фильм Джеймса Кэмерона «Титаник» 1997 года получил 11 премий «Оскар».,факт,45,Столько же наград получили лишь «Бен-Гур» и «Властелин колец: Возвращение короля». Это рекорд по числу «Оскаров» для одного фильма.
613,Физика,Пружинные весы покажут одинаковый вес человека на экваторе и на Северном полюсе.,фейк,86,"На экваторе притяжение чуть слабее, к тому же часть его компенсирует вращение Земли. В итоге там весы покажут примерно на полпроцента меньше — у человека массой 80 кг около 400 граммов."
614,Анатомия,Кожа — самый большой по площади и массе орган человеческого тела.,факт,25,"У взрослого площадь кожи около двух квадратных метров, а масса — несколько килограммов. Она защищает от микробов, регулирует температуру и участвует в выработке витамина D."
615,Искусственный интеллект,"Одна из первых программ-собеседников, ELIZA 1966 года, изображала психотерапевта, перефразируя реплики человека вопросами.",факт,62,"Программа не понимала смысла, а работала по шаблонам. Однако некоторые пользователи всерьёз привязывались к ней, чем удивили её создателя Джозефа Вейценбаума."
616,Вулканы,"Извержение Кракатау в 1883 году было слышно почти за пять тысяч километров, на острове Родригес в Индийском океане.",факт,72,Грохот там приняли за далёкую канонаду. Взрывная волна несколько раз обошла земной шар и была записана барометрами по всему миру.
617,Космонавтика,"Спускаемый аппарат возвращается с орбиты плавно, и его обшивка при входе в атмосферу почти не нагревается.",фейк,22,"Аппарат тормозится о воздух с огромной скорости, и газ перед ним раскаляется до тысяч градусов. Поэтому спускаемые аппараты покрывают толстой теплозащитой."
618,XX век,"Джон Кеннеди, сказав в Берлине «Ich bin ein Berliner», по ошибке назвал себя пончиком, и слушатели смеялись.",фейк,86,"Фраза грамматически правильна и выражает солидарность с жителями города. В самом Берлине пончик обычно называют иначе, а слушатели встретили речь овацией."
619,Насекомые,"По законам аэродинамики шмели не должны летать, и учёные до сих пор не понимают, как им это удаётся.",фейк,64,"Миф возник из грубого расчёта, где крыло шмеля приняли за неподвижное крыло самолёта. Шмель машет крыльями с большой частотой, создавая вихри, и его полёт давно объяснён."
620,Музыка,Самый продаваемый музыкальный альбом в истории — Thriller Майкла Джексона 1982 года.,факт,40,"По разным оценкам, продано более 70 миллионов экземпляров. Альбом поставил рекорды и по числу хитов, вышедших синглами."
621,Млекопитающие,"Отпечатки пальцев коал так похожи на человеческие, что их трудно различить даже под микроскопом.",факт,80,"Узоры у коал возникли независимо от приматов, вероятно, как помощь в хватании веток. Исследователи в шутку предупреждали, что такие отпечатки могут запутать криминалистов."
622,Математика,"В римских цифрах был особый знак для нуля, которым отмечали пустые разряды.",фейк,42,"Римская запись не позиционная, и пустые разряды в ней отмечать не нужно. Знака нуля в ней не было; средневековые учёные при необходимости писали слово nulla."
623,Авиация,"Белые полосы за самолётом — это не дым, а облака из ледяных кристаллов, в которые замерзает пар из выхлопа двигателей.",факт,34,"На большой высоте воздух очень холодный, и водяной пар из сгоревшего топлива быстро конденсируется и замерзает. В сухом воздухе такие следы исчезают быстро, во влажном держатся часами."
624,Транспорт,Поезда на магнитной подвеске разгонялись на испытаниях быстрее 600 км/ч.,факт,56,"В 2015 году японский маглев установил рекорд — 603 км/ч. Поезд парит над путём и не касается его, поэтому ему не мешает трение колёс."
625,География,"Точка суши, наиболее удалённая от любого океана, находится в Китае, в Синьцзяне.",факт,86,До ближайшего морского берега оттуда около 2500 километров. Недалеко от неё расположен город Урумчи — самый удалённый от моря крупный город мира.
626,Физика,"Термос сохраняет чай горячим благодаря особому слою вещества, которое медленно выделяет тепло.",фейк,22,"Термос ничего не нагревает, он лишь замедляет теплообмен. Между двойными стенками колбы откачан воздух, а зеркальное покрытие отражает тепловое излучение."
627,Сон,"Глубокий сон приходится в основном на утренние часы, незадолго до пробуждения.",фейк,76,Больше всего глубокого сна в первой половине ночи. Под утро преобладает быстрый сон — поэтому утренние сны бывают яркими и лучше запоминаются.
628,Спорт и игры,"Шахматы придумали в Древней Греции, где в них играли философы и полководцы.",фейк,50,"Предком шахмат считают индийскую игру чатуранга, появившуюся около VI века. Из Индии игра пришла в Персию, а затем в арабский мир и Европу."
629,Искусственный интеллект,В 2016 году программа AlphaGo обыграла в го одного из сильнейших игроков мира Ли Седоля.,факт,40,"Го считалось особенно трудной игрой для компьютеров из-за огромного числа возможных позиций. AlphaGo выиграла матч со счётом 4:1, сочетая нейросети с поиском ходов."
630,Астрономия,"Луна светится не только отражённым, но и собственным слабым светом, как остывающий уголь.",фейк,22,"Собственного видимого свечения у Луны нет: она отражает солнечный свет, причём довольно плохо — примерно как старый асфальт. Её тёмную часть иногда видно благодаря пепельному свету, отражённому от Земли."
631,Интернет,Первое доменное имя в зоне .com — symbolics.com — зарегистрировали в 1985 году.,факт,72,"Его зарегистрировала компьютерная компания Symbolics 15 марта 1985 года. Позже домен продали, и сейчас на нём музейная страница."
632,Астрономия,"Тёмное ночное небо служит одним из аргументов в пользу того, что Вселенная не вечна и не неизменна.",факт,86,"Это парадокс Ольберса: в бесконечной, вечной и неизменной Вселенной взгляд в любом направлении упирался бы в звезду, и небо сияло бы. Небо тёмное, потому что Вселенная имеет конечный возраст и расширяется."
633,Экология,"Одно взрослое дерево за год поглощает примерно столько же углекислого газа, сколько выбрасывает легковой автомобиль.",фейк,76,"Дерево поглощает порядка 20 килограммов CO₂ в год, а средний автомобиль выбрасывает несколько тонн. Чтобы компенсировать одну машину, нужна целая роща."
634,Материалы,"Графен — слой углерода толщиной в один атом — впервые получили, отслаивая графит обычным скотчем.",факт,70,"Андрей Гейм и Константин Новосёлов в 2004 году многократно расслаивали графит липкой лентой, пока не получили слои в один атом. В 2010 году за эти работы они получили Нобелевскую премию."
635,Химия,"Лучший проводник электричества среди металлов — золото, поэтому им покрывают контакты в электронике.",фейк,64,"Лучше всех проводит ток серебро, за ним идут медь и золото. Контакты золотят потому, что золото не окисляется и контакт остаётся надёжным годами."
636,Психология,"Человеку в беде охотнее помогают, когда рядом один свидетель, чем когда вокруг много людей.",факт,45,"Это эффект свидетеля: в толпе каждый ждёт, что поможет кто-то другой, и ответственность размывается. Если нужна помощь, лучше обратиться к конкретному человеку."
637,Вулканы,"Вулканический пепел — это обычная сажа, мягкая и безвредная, как зола от костра.",фейк,40,"Вулканический пепел состоит из острых частичек горной породы и вулканического стекла. Он раздражает лёгкие и глаза, обрушивает крыши и выводит из строя двигатели самолётов."
638,Повседневная жизнь,"Вода в кастрюле закипает заметно быстрее, если снять с неё крышку.",фейк,38,"Крышка удерживает тепло и пар, поэтому под ней вода закипает быстрее и с меньшим расходом энергии."
639,История медицины,"Флоренс Найтингейл прославилась как хирург, лично оперировавший раненых в Крымской войне.",фейк,42,"Найтингейл была медсестрой: она наладила уход за ранеными и санитарию в госпиталях, резко снизив смертность. Кроме того, она одной из первых применила статистические диаграммы в медицине."
640,Искусство,"Скульптуру «Давид» Микеланджело высек из огромной глыбы мрамора, которую другие мастера начали обрабатывать и бросили.",факт,64,Глыба десятилетиями лежала во дворе собора во Флоренции. Микеланджело за три года превратил её в пятиметровую статую.
641,Морская жизнь,"Морские рыбы постоянно пьют воду, а пресноводные почти не пьют.",факт,76,"Тело морской рыбы менее солёное, чем море, и вода уходит из него наружу — её приходится восполнять, выводя лишнюю соль через жабры. У пресноводных вода, наоборот, сама проникает внутрь, и они выделяют много мочи."
642,Млекопитающие,Быков на корриде приводит в ярость именно красный цвет плаща тореадора.,фейк,34,"Быки плохо различают красный: у них двухцветное зрение. Их раздражают резкие движения плаща и сама ситуация, а красный цвет выбран ради зрелищности."
643,Экология,Опустившийся на дно кит может десятилетиями кормить целое сообщество глубоководных организмов.,факт,80,"Сначала тушу объедают акулы и рыбы, затем черви и ракообразные, а бактерии годами разлагают жир в костях. На таких «островах» нашли виды, не известные больше нигде."
644,Экономика и деньги,"Монеты евро в 1, 2 и 5 центов отчеканены из чистой меди.",фейк,70,"Эти монеты делают из стали, покрытой медью, поэтому их притягивает магнит. Монеты в 10, 20 и 50 центов сделаны из сплава «северное золото»."
645,Математика,"Бесконечные множества бывают разного размера: действительных чисел больше, чем натуральных.",факт,68,"Георг Кантор доказал, что действительные числа нельзя пронумеровать натуральными: любой такой список пропустит какое-то число. Поэтому говорят, что мощность этих множеств различна."
646,Средневековье,За время охоты на ведьм в Европе казнили несколько миллионов человек.,фейк,72,"По оценкам историков, в XV–XVIII веках казнили примерно 40–60 тысяч человек. Большинство приговоров выносили светские суды, а пик охоты пришёлся на раннее Новое время."
647,Медицина,"Свежий ожог нужно сразу смазать сливочным маслом, чтобы быстрее снять жар.",фейк,26,Жир удерживает тепло и повышает риск инфекции. Первая помощь — охлаждать ожог прохладной проточной водой около 20 минут.
648,Музыка,У стандартного современного фортепиано ровно 100 клавиш — белых и чёрных вместе.,фейк,44,У современного фортепиано 88 клавиш: 52 белых и 36 чёрных. Такой диапазон установился в конце XIX века.
649,Кибербезопасность,"Шифр «Энигмы» помогло взломать то, что машина никогда не шифровала букву в саму себя.",факт,86,"Криптоаналитики прикладывали к перехвату предполагаемые фразы и отбрасывали положения, где буква совпадала сама с собой. Этот изъян резко сокращал число вариантов для перебора."
650,Сон,"Подростки по биологическим причинам склонны засыпать и просыпаться позже, чем дети и взрослые.",факт,45,"В подростковом возрасте суточные ритмы сдвигаются, и гормон мелатонин начинает вырабатываться позже вечером. Поэтому ранние уроки особенно тяжелы для старшеклассников."
651,Космонавтика,Полёт Юрия Гагарина длился больше суток и включал несколько витков вокруг Земли.,фейк,26,"Полёт 12 апреля 1961 года продолжался 108 минут, и «Восток» совершил один виток. Первым больше суток в космосе провёл Герман Титов в августе того же года."
652,Анатомия,"Сердце у большинства людей расположено в правой половине грудной клетки, под правым соском.",фейк,20,"Сердце находится почти посередине, за грудиной, и немного смещено влево. Правостороннее расположение встречается как редкая врождённая особенность."
653,Астрономия,"Если бы Солнце заменила чёрная дыра той же массы, она быстро затянула бы Землю внутрь.",фейк,72,"Притяжение на расстоянии Земли зависело бы только от массы, и орбита планеты не изменилась бы. Земля лишь осталась бы без света и тепла."
654,География,Байкал — самое глубокое озеро мира: его глубина превышает 1600 метров.,факт,20,Максимальная глубина Байкала — 1642 метра. В нём содержится около пятой части всей пресной озёрной воды планеты.
655,Кибербезопасность,"Один из первых сетевых червей, массово распространившихся по интернету, в 1988 году запустил студент.",факт,62,Червь Роберта Морриса из-за ошибки в коде многократно заражал одни и те же машины и вывел из строя тысячи компьютеров. Моррис стал первым осуждённым по американскому закону о компьютерном мошенничестве.
656,История медицины,"Первые контактные линзы в конце XIX века делали из стекла, и они закрывали почти всю видимую поверхность глаза.",факт,82,"В 1888 году немецкий врач Адольф Фик изготовил стеклянные линзы, опиравшиеся на склеру. Носить их можно было лишь несколько часов, а мягкие линзы появились только в 1960-х."
657,Интернет,"Чтобы письмо дошло, компьютер получателя должен быть включён в момент отправки.",фейк,34,"Письма хранятся на почтовых серверах, и получатель забирает их, когда подключится. Отправителю не важно, включён ли компьютер адресата."
658,Климат и погода,"В якутском Оймяконе зимой бывает холоднее, чем на Северном полюсе.",факт,64,"В Оймяконе фиксировали около −68 °C. Северный полюс находится посреди океана, который подогревает воздух снизу через лёд, и зимой там обычно −30…−40 °C."
659,Спорт и игры,"Баскетбол придумал учитель физкультуры Джеймс Нейсмит, и первые игры проходили с корзинами из-под персиков.",факт,36,В 1891 году Нейсмит повесил корзины на балкон спортзала. Мяч после попадания доставали лестницей или палкой — сетку без дна придумали позже.
660,Геология,"Гималаи продолжают расти, потому что Индийская плита по-прежнему давит на Евразийскую.",факт,38,"Индийская плита движется на север со скоростью несколько сантиметров в год. Из-за этого Гималаи поднимаются на несколько миллиметров в год, хотя эрозия и разрушает их."
661,Грибы и микробы,"Бактерии не умеют обмениваться генами друг с другом, и устойчивость к антибиотикам передаётся лишь по наследству.",фейк,86,"Бактерии передают друг другу гены через плазмиды, вирусы и поглощение ДНК из среды — это горизонтальный перенос генов. Так устойчивость может переходить даже между разными видами."
662,Кибербезопасность,"Мошенники умеют подделывать номер, который высвечивается на экране при входящем звонке.",факт,26,"Подмена номера позволяет выдать звонок за вызов из банка или полиции. Если звонят с тревожной новостью, лучше положить трубку и самому набрать официальный номер."
663,Языки,По современным словарным нормам слово «кофе» в разговорной речи допускается употреблять в среднем роде.,факт,40,"Строгой нормой остаётся мужской род — «чёрный кофе». Средний род, «чёрное кофе», словари с конца XX века отмечают как допустимый в разговорной речи."
664,Насекомые,"Муравьи-листорезы не едят срезанные листья, а выращивают на них грибы, которыми и питаются.",факт,55,"Муравьи пережёвывают листья в субстрат, на котором растут грибницы, и ухаживают за ними, удаляя плесень. Этот «сельскохозяйственный» союз существует миллионы лет."
665,Инженерия,Первое большое колесо обозрения построили специально для одних из Олимпийских игр.,фейк,56,Колесо Джорджа Ферриса высотой около 80 метров построили для Всемирной выставки 1893 года в Чикаго как ответ Эйфелевой башне.
666,Грибы и микробы,"Дрожжи, на которых поднимают тесто и варят пиво, — это одноклеточные грибы.",факт,28,"Дрожжи сбраживают сахар, выделяя углекислый газ, пузырьки которого разрыхляют тесто. Тот же процесс даёт спирт при изготовлении пива и вина."
667,Кино,"Первой полнометражной работой студии Disney стала «Белоснежка и семь гномов», вышедшая в 1937 году.",факт,38,"Многие предрекали провал затеи, называя её «безумием Диснея». Мультфильм стал кассовым хитом и открыл эпоху полнометражной анимации."
668,Вулканы,"Кальдера — это огромный кратер, который выбило в вулкане падение метеорита.",фейк,82,"Кальдера образуется, когда после мощного извержения опустевший магматический очаг проседает и вершина обрушивается внутрь. Такие провалы бывают десятки километров в поперечнике."
669,Птицы,"Куры совсем не умеют летать, потому что их крылья давно превратились в рудимент.",фейк,32,"Куры способны вспорхнуть на забор или ветку и пролететь несколько метров. Их дикий предок, банкивская джунглевая курица, летает заметно лучше."
670,Генетика,"Итоговый рост человека задан генами, и питание в детстве на него почти не влияет.",фейк,34,"Гены задают потенциал, но его реализация зависит от питания и здоровья в детстве. За XX век средний рост во многих странах вырос на 10 сантиметров и больше, хотя гены населения почти не изменились."
671,Еда и кулинария,"Суши изначально были способом сохранить рыбу: её квасили в рисе, а рис потом выбрасывали.",факт,66,"Рыбу месяцами выдерживали в варёном рисе, где шло брожение. Со временем рис стали есть вместе с рыбой, а в XIX веке в Эдо появились привычные быстрые суши."
672,Психология,"Шизофрения — это расстройство, при котором у человека появляется несколько разных личностей.",фейк,46,"Шизофрения связана с нарушениями мышления и восприятия, например с галлюцинациями и бредом. Раздвоение личности — отдельное, диссоциативное расстройство, не связанное с шизофренией."
673,Повседневная жизнь,В пожарной части американского Ливермора лампочка горит почти без перерывов больше ста лет.,факт,64,"Лампу с угольной нитью впервые включили в 1901 году. Долголетию помогают небольшая мощность и то, что её почти не выключают."
674,Древний мир,"Сократ не оставил ни одного собственного сочинения, и его взгляды известны лишь по трудам учеников.",факт,64,О Сократе мы знаем в основном по диалогам Платона и воспоминаниям Ксенофонта. Сам он предпочитал живую беседу записанному тексту.
675,Физика,"Пуля, выпущенная горизонтально, и пуля, уроненная с той же высоты, коснутся ровной земли почти одновременно.",факт,70,"Горизонтальная скорость не влияет на то, как быстро тело падает вниз. Небольшую разницу создают сопротивление воздуха и кривизна Земли."
676,История медицины,Джонас Солк запатентовал вакцину от полиомиелита и заработал на ней огромное состояние.,фейк,70,"Солк не патентовал вакцину. На вопрос, кому принадлежит патент, он ответил: «Людям. Разве можно запатентовать солнце?»"
677,Литература,"Жюль Верн описал полёт на Луну в снаряде, выпущенном из пушки, задолго до реальных космических полётов.",факт,22,"Роман «С Земли на Луну» вышел в 1865 году. Пушку Верн разместил во Флориде, откуда спустя столетие стартовали настоящие лунные экспедиции."
678,Грибы и микробы,"Бактерии появились на Земле позже, чем первые растения и животные.",фейк,24,Бактерии — одни из древнейших живых существ: их следам больше трёх миллиардов лет. Первые животные и наземные растения появились лишь сотни миллионов лет назад.
679,Медицина,Рану лучше всего промывать перекисью водорода: она убивает микробов и ускоряет заживление.,фейк,66,"Перекись действительно убивает микробов, но повреждает и здоровые клетки, замедляя заживление. Небольшие раны обычно советуют промывать чистой проточной водой."
680,Литература,"Над «Тремя мушкетёрами» Дюма работал вместе с Огюстом Маке, имя которого не указали на обложке.",факт,72,"Маке готовил планы и черновики, а Дюма их перерабатывал. Позже соавтор судился с Дюма за признание своего вклада."
681,Транспорт,Первый автомобиль с двигателем внутреннего сгорания построил американец Генри Форд.,фейк,32,"Первым практичным автомобилем считают трёхколёсную машину Карла Бенца 1885–1886 годов. Форд прославился позже, наладив массовый конвейерный выпуск «Модели Т»."
682,Морская жизнь,Гигантский кальмар известен лишь по легендам и выброшенным на берег останкам: снять его живым не удалось.,фейк,70,"В 2004 году японские исследователи впервые сфотографировали живого гигантского кальмара в океане, а в 2012 году его сняли на видео на глубине."
683,Генетика,"Эритроциты человека, как и другие клетки тела, несут в ядре полный набор ДНК.",фейк,70,"Зрелые эритроциты у человека и других млекопитающих лишены ядра, и в клетке остаётся больше места для гемоглобина. Поэтому для анализа ДНК из крови используют лейкоциты."
684,Новое время,Первую почтовую марку с клеевым слоем — «Чёрный пенни» — выпустили в Великобритании в 1840 году.,факт,62,"На марке был профиль королевы Виктории. До этого почту чаще всего оплачивал получатель, а тариф зависел от расстояния."
685,Океанология,"Гольфстрим переносит больше воды, чем все реки мира вместе взятые.",факт,64,"Течение переносит десятки миллионов кубометров воды в секунду, тогда как все реки мира вместе — около одного миллиона. Тёплые воды Гольфстрима смягчают климат Северо-Западной Европы."
686,Химия,"Фтор настолько активен, что в его струе загорается даже вода.",факт,76,"Фтор отнимает у воды водород, образуя фтороводород и выделяя кислород, и реакция идёт с пламенем. Это самый электроотрицательный химический элемент."
687,Архитектура,Биг-Бен — это официальное название часовой башни Вестминстерского дворца в Лондоне.,фейк,80,"Биг-Беном называют большой колокол внутри башни. Сама башня с 2012 года официально называется башней Елизаветы, а раньше — просто Часовой башней."
688,Искусство,Статуя Венеры Милосской лишилась рук при перевозке с острова Милос во Францию.,фейк,68,"Статую нашли в 1820 году на острове Милос уже без рук. Легенды о том, что руки отбили в стычке при погрузке, документально не подтверждены."
689,Психология,"Узнав исход события, люди склонны считать, что заранее его предвидели.",факт,40,"Это ошибка задним числом, или эффект «я так и знал». Знание результата незаметно меняет воспоминания о том, что человек думал раньше."
690,Древний мир,"Мумифицировали в Древнем Египте фараонов, а простых людей хоронили без бальзамирования.",фейк,44,"Мумии делали и для знати, и для зажиточных горожан, а более дешёвые способы были доступны и небогатым людям. Мумифицировали даже миллионы животных — кошек, ибисов, крокодилов."
691,Спорт и игры,"Хоккей с шайбой придумали в России, а уже оттуда он распространился в Канаду и США.",фейк,34,Современный хоккей с шайбой сложился в Канаде: первый матч по записанным правилам сыграли в Монреале в 1875 году. В СССР хоккей с шайбой стали развивать лишь с 1946 года.
692,Растения,"Лук и чеснок, как морковь и свёкла, относятся к корнеплодам.",фейк,46,"Луковица — это видоизменённый укороченный стебель с мясистыми листьями-чешуями. Корни у лука есть, но это тонкие мочки у донца."
693,Интернет,Первое видео на YouTube называется «Я в зоопарке» и длится всего 19 секунд.,факт,50,Его загрузил один из основателей сервиса Джавед Карим в апреле 2005 года. На видео он стоит у вольера со слонами в зоопарке Сан-Диего.
694,Новое время,Во время Бостонского чаепития колонисты выбросили в море партию чая в знак протеста против британских налогов.,факт,30,В декабре 1773 года в воду отправили 342 ящика чая Ост-Индской компании. Событие стало одним из шагов к войне за независимость США.
695,Океанология,"На больших глубинах вода в океане почти везде холодная — от 0 до 4 °C, даже под тропиками.",факт,36,"Солнце прогревает лишь верхние сотни метров, а в глубины опускается холодная плотная вода из полярных районов. Поэтому основная масса океана круглый год ледяная."
696,Новое время,Декларацию независимости США все делегаты подписали 4 июля 1776 года.,фейк,86,"4 июля Конгресс утвердил текст декларации, а большинство делегатов поставили подписи на чистовом экземпляре 2 августа. Некоторые подписали ещё позже."
697,Литература,"Эрнест Хемингуэй получил Нобелевскую премию по литературе именно за роман «Прощай, оружие!».",фейк,70,"Премию 1954 года Хемингуэю присудили за мастерство повествования, особо отметив повесть «Старик и море». «Прощай, оружие!» вышел ещё в 1929 году."
698,Повседневная жизнь,"Маленькая стрелка у значка бензоколонки на приборной панели показывает, с какой стороны у машины лючок бензобака.",факт,62,Стрелка помогает подъехать к колонке нужной стороной в чужой или арендованной машине. Такой подсказкой оснащают большинство современных автомобилей.
699,Музыка,Балет Чайковского «Лебединое озеро» имел огромный успех с первой же постановки в Москве.,фейк,78,"Премьера 1877 года в Большом театре прошла без большого успеха. Славу балет обрёл после постановки Петипа и Иванова в Петербурге в 1895 году, уже после смерти Чайковского."
700,Искусственный интеллект,"Нейросеть может уверенно выдумать несуществующий факт или источник, и такие ошибки называют галлюцинациями.",факт,28,"Языковые модели порождают правдоподобный текст, а не сверяются с базой фактов. Поэтому важные сведения от нейросети стоит проверять по надёжным источникам."
701,Геология,Самая глубокая скважина в мире — Кольская сверхглубокая — достигла глубины более 12 километров.,факт,48,"Бурение шло с 1970 года, и в 1989 году была достигнута отметка 12 262 метра. Дальше идти не удалось: на такой глубине было около 180 °C, и породы вели себя как пластилин."
702,Письменность,"Клинописью пользовались древние египтяне, высекая её знаки на стенах пирамид и храмов.",фейк,34,Клинопись появилась в Месопотамии у шумеров: знаки выдавливали на глиняных табличках заострённой палочкой. В Египте писали иероглифами.
703,Астрономия,"Ось вращения Урана наклонена почти на 98 градусов, и планета движется по орбите, будто лёжа на боку.",факт,62,"Из-за такого наклона полюса Урана по очереди десятилетиями обращены к Солнцу, а на другом полушарии в это время длится долгая ночь. Причиной, по одной из гипотез, стало древнее столкновение с крупным телом."
704,Материалы,"Золото можно раскатать в листок настолько тонкий, что сквозь него просвечивает зеленоватый свет.",факт,86,"Сусальное золото бывает толщиной около десятой доли микрометра — в сотни раз тоньше волоса. Такой слой частично пропускает свет, и на просвет листок выглядит зеленоватым."
705,Океанология,"В заливе Аляска воды двух океанов встречаются, но не смешиваются, образуя вечную видимую границу.",фейк,82,"Знаменитые снимки показывают мутную воду от тающих ледников рядом с чистой морской водой — и та и другая принадлежит Тихому океану. Разница в солёности и мутности держится какое-то время, но воды постепенно перемешиваются."
706,Искусство,"Картину «Утро в сосновом лесу» Иван Шишкин написал целиком сам, включая медведей.",фейк,72,"Медведей написал Константин Савицкий. Сначала картину подписали оба художника, но Павел Третьяков велел стереть подпись Савицкого."
707,Химия,Хлорный отбеливатель можно смешивать со средством с нашатырём для усиления эффекта: вещества не реагируют.,фейк,36,"Такая смесь выделяет ядовитые хлорамины, которые повреждают дыхательные пути. Средства с хлором нельзя смешивать ни с аммиаком, ни с кислотами."
708,Изобретения,"Ксерографию изобрёл патентный поверенный, которому надоело вручную переписывать и перерисовывать документы.",факт,84,"Честер Карлсон получил первую копию в 1938 году в самодельной лаборатории. Компании долго отказывались от изобретения, пока его не выпустила фирма, позже ставшая Xerox."
709,Психология,"Выплеснуть гнев, колотя подушку или боксёрскую грушу, — надёжный способ успокоиться и стать менее агрессивным.",фейк,62,"В экспериментах такая «разрядка» не снижала, а поддерживала агрессию. Лучше помогают пауза, отвлечение и спокойное обсуждение проблемы."
710,Еда и кулинария,"Картофель попал в Европу из Южной Америки, где его выращивали индейцы Анд.",факт,20,"Картофель в Андах возделывали тысячи лет, а испанцы привезли его в Европу в XVI веке. В России он широко распространился в основном в XIX веке."
711,Археология,"Археологи изучают окаменевшие экскременты древних людей, чтобы узнать, чем те питались и чем болели.",факт,44,"Такие находки называют копролитами. В них сохраняются семена, кости, пыльца, яйца паразитов и даже ДНК."
712,Вулканы,"В 1986 году озеро Ньос в Камеруне внезапно выбросило облако углекислого газа, от которого в окрестных деревнях погибло больше 1700 человек.",факт,86,"Вулканический газ годами копился в глубинных слоях озера и вырвался наружу разом. Теперь газ откачивают по трубам, чтобы не допустить повторения."
713,Древний мир,"После 476 года от Римской империи не осталось ни одного государства, считавшего себя её продолжением.",фейк,70,"В 476 году пала лишь Западная Римская империя. Восточная, которую мы называем Византией, считала себя Римской империей и просуществовала до 1453 года."
714,Еда и кулинария,Пасту в Италию привёз Марко Поло из путешествия в Китай.,фейк,86,"Сушёную пасту описывали на Сицилии ещё в XII веке, до рождения Марко Поло. Легенду популяризировал американский журнал производителей макарон в 1920-х годах."
715,Искусственный интеллект,"Термин «машинное обучение» появился ещё в 1959 году, в работе о программе для игры в шашки.",факт,86,"Артур Сэмюэл из IBM написал программу, которая улучшала игру, анализируя сыгранные партии. В итоге она стала играть лучше своего автора."
716,Геология,Земная кора плавает на сплошном подземном океане жидкой раскалённой лавы.,фейк,62,"Мантия в основном твёрдая, хотя за миллионы лет медленно течёт, как очень вязкое вещество. Расплавленная магма образуется лишь в отдельных очагах."
717,Материалы,"В середине XIX века алюминий стоил дороже золота, и Наполеон III подавал самым почётным гостям приборы из него.",факт,66,"Пока алюминий получали сложным химическим способом, он был редкостью. После изобретения электролитического способа в 1886 году цена рухнула, и металл стал повседневным."
718,Сон,"Храп — безобидная особенность, и обращаться из-за него к врачу незачем.",фейк,34,Громкий храп с остановками дыхания может быть признаком обструктивного апноэ сна. Это нарушение повышает риск гипертонии и других болезней и хорошо поддаётся лечению.
719,Мозг и восприятие,"Изображение на сетчатке глаза перевёрнуто, а мозг обрабатывает его так, что мир кажется правильным.",факт,38,"Хрусталик, как линза фотоаппарата, переворачивает картинку. Мозг сопоставляет зрительные сигналы с движениями и другими ощущениями, поэтому верх и низ мы воспринимаем привычно."
720,Генетика,"Разнояйцевые близнецы похожи друг на друга генетически так же, как однояйцевые.",фейк,22,Разнояйцевые близнецы развиваются из двух разных яйцеклеток и похожи генетически как обычные братья и сёстры. Однояйцевые возникают из одной оплодотворённой яйцеклетки.
721,Языки,Слово «хулиган» — исконно русское и существует в языке с древности.,фейк,72,"Слово пришло из английского на рубеже XIX–XX веков, по распространённой версии — от фамилии скандального ирландского семейства. В России оно быстро прижилось благодаря газетам."
722,Инженерия,"Арочные плотины изгибают навстречу течению, чтобы давление воды прижимало бетон к скалистым берегам.",факт,66,"Такая плотина работает как арка, лежащая на боку: нагрузка передаётся в стены ущелья. Поэтому её можно сделать гораздо тоньше гравитационной плотины той же высоты."
723,Авиация,"Командир и второй пилот авиалайнера часто едят разную еду, чтобы при пищевом отравлении не пострадали оба.",факт,50,"Многие авиакомпании требуют, чтобы пилоты ели блюда из разных порций или приготовленные разными способами. Это страховка на случай испорченной еды."
724,Спорт и игры,Самый долгий теннисный матч в истории длился больше 11 часов и растянулся на три дня.,факт,74,"В 2010 году на Уимблдоне Джон Изнер обыграл Николя Маю, а пятый сет закончился со счётом 70:68. Позже правила изменили, введя тай-брейк в решающем сете."
725,Морская жизнь,"Акуле, остановившейся хотя бы на несколько минут, грозит удушье, какого бы вида она ни была.",фейк,76,"Некоторым акулам действительно нужно двигаться, чтобы вода проходила через жабры. Но многие, например усатые акулы-няньки, прокачивают воду сами и подолгу лежат на дне."
726,Медицина,"Перед операцией под общим наркозом не едят, чтобы содержимое желудка не попало в дыхательные пути.",факт,30,"Наркоз подавляет защитные рефлексы, и пища из желудка может попасть в лёгкие и вызвать тяжёлую пневмонию. Поэтому перед плановой операцией назначают период голодания."
727,Транспорт,"Двигатель машины нужно прогревать на холостом ходу около 15–20 минут, даже летом.",фейк,40,"Современным двигателям с впрыском достаточно полминуты-минуты, после чего лучше плавно тронуться. Долгий прогрев на месте лишь тратит топливо и загрязняет воздух."
728,Компьютеры и программирование,"Чтобы избавиться от компьютерных вирусов, обычно достаточно просто перезагрузить заражённый компьютер.",фейк,22,"Большинство вредоносных программ прописывается в автозагрузку и запускается снова вместе с системой. Нужна проверка антивирусом, а иногда и переустановка системы."
729,Инженерия,Туннель под Ла-Маншем длиной свыше 50 километров соединяет Великобританию и Францию.,факт,36,Около 38 километров туннеля проходит под морским дном — это самый длинный подводный участок среди железнодорожных туннелей мира. Движение открыли в 1994 году.
730,Геология,"Зыбучий песок может затянуть человека с головой, как это показывают в кино.",фейк,72,"Плотность зыбучего песка примерно вдвое больше плотности тела, поэтому человек погружается лишь примерно до пояса. Опасность в другом: выбраться трудно, и можно застрять до прилива или переохладиться."
731,Анатомия,"Главная причина ломких ногтей — нехватка кальция, ведь ногти в основном состоят из него.",фейк,62,"Ногти состоят из белка кератина, а кальция в них немного. Ломкость чаще связана с пересушиванием, частым контактом с водой и моющими средствами."
732,XX век,Блокада Ленинграда во время Великой Отечественной войны продолжалась почти 900 дней.,факт,22,Блокада длилась 872 дня — с сентября 1941 по январь 1944 года. Связь с большой землёй зимой поддерживала «Дорога жизни» по льду Ладожского озера.
733,Млекопитающие,Дикобраз при опасности выстреливает иглами во врага на расстояние нескольких метров.,фейк,40,"Стрелять иглами дикобраз не умеет. Он поворачивается к врагу спиной и бросается назад, а иглы легко отделяются и застревают в коже нападающего."
734,Языки,Слово «пельмень» пришло из финно-угорских языков и буквально означает «хлебное ухо».,факт,72,"Предполагают, что оно восходит к коми или удмуртскому «пельнянь»: «пель» — ухо, «нянь» — хлеб. Форма пельменя действительно напоминает ушко."
735,Средневековье,"Средневековые замки в Европе изначально возводили из прочного камня, а не из дерева.",фейк,60,"Первые замки X–XI веков часто были деревянными укреплениями на насыпном холме. Каменные стены и башни распространились позже, по мере роста богатства и военных угроз."
736,Искусство,Под слоем краски «Чёрного квадрата» Малевича исследователи обнаружили более ранние изображения.,факт,78,"В 2015 году рентгеновский анализ показал под квадратом две цветные композиции. На полотне нашли и надпись, сделанную, вероятно, рукой автора."
737,Сон,Короткий дневной сон в 10–20 минут помогает взбодриться и обычно не оставляет чувства разбитости.,факт,32,"За такое время человек не успевает погрузиться в глубокий сон. Разбитость чаще бывает после долгого дневного сна, когда просыпаешься из глубокой фазы."
738,Математика,Ноль как полноценное число с правилами вычислений впервые описали индийские математики.,факт,55,"В VII веке Брахмагупта сформулировал правила сложения и вычитания с нулём. Раньше у вавилонян был лишь знак для пустого разряда, а не самостоятельное число."
739,Вулканы,"Пемза тяжелее воды и тонет, как другие камни вулканического происхождения.",фейк,55,"Пемза пронизана пузырьками газа, и многие её куски держатся на плаву. После подводных извержений по океану дрейфуют пемзовые «плоты» площадью в сотни квадратных километров."
740,Экология,"Торфяные болота занимают около 3% суши, но хранят больше углерода, чем вся древесина лесов мира.",факт,72,"Торф накапливается тысячелетиями, потому что во влажной бескислородной среде растения почти не разлагаются. Осушение и пожары на болотах выпускают этот углерод в атмосферу."
741,Древний мир,"Клеопатра VII, последняя царица Египта, происходила из древнего рода коренных египетских фараонов.",фейк,62,"Клеопатра принадлежала к династии Птолемеев, основанной одним из полководцев Александра Македонского. По свидетельствам античных авторов, она первой в династии выучила египетский язык."
742,Мозг и восприятие,"Наука выделяет у человека пять органов чувств, и других способов ощущать мир у нас нет.",фейк,50,"Кроме зрения, слуха, вкуса, обоняния и осязания, есть чувство равновесия, ощущение положения тела, температуры и боли. Счёт «пять чувств» восходит к Аристотелю."
743,Психология,"В кратковременной памяти человек одновременно удерживает лишь несколько элементов, например цифр или слов.",факт,30,"Классическая оценка — около семи элементов, современные исследования говорят скорее о четырёх. Поэтому длинные номера телефонов удобнее запоминать группами."
744,Растения,"Растения растут в основном днём, на солнце, а ночью их рост останавливается.",фейк,76,"Днём растения запасают энергию фотосинтезом, а стебли многих видов вытягиваются сильнее всего ночью и на рассвете. Суточный ритм роста у разных растений устроен по-разному."
745,История медицины,Первую публичную операцию под эфирным наркозом провели в Бостоне в 1846 году.,факт,55,"Дантист Уильям Мортон дал пациенту эфир, и хирург удалил опухоль на шее без крика боли. Новость за несколько месяцев облетела мир, а в России эфирный наркоз уже в 1847 году применял Пирогов."
746,Экология,"Использованное стекло не поддаётся переработке, и бутылки приходится закапывать на свалках.",фейк,20,Стекло перерабатывается многократно без потери качества: бой переплавляют в новую тару. Это экономит сырьё и энергию.
747,Мозг и восприятие,"В сетчатке есть клетки, которые реагируют на свет без участия палочек и колбочек и помогают настраивать суточные ритмы.",факт,86,Эти ганглиозные клетки содержат пигмент меланопсин и особенно чувствительны к синему свету. Поэтому яркий свет экранов вечером может сдвигать время засыпания.
748,Музыка,Песню «Интернационал» сочинили советские поэт и композитор вскоре после революции 1917 года.,фейк,66,"Текст написал француз Эжен Потье в 1871 году, после Парижской коммуны, а музыку в 1888 году — Пьер Дегейтер. В 1918–1944 годах «Интернационал» был гимном Советской России и СССР."
749,Археология,"Обычно чем глубже лежит культурный слой при раскопках, тем он древнее.",факт,20,"Со временем новые отложения ложатся поверх старых, поэтому археологи ведут раскопки слой за слоем. Порядок иногда нарушают ямы, норы животных и перекопы."
750,Климат и погода,"Снежинки, выпавшие в одном снегопаде, одинаковы по форме, как отпечатанные по трафарету.",фейк,24,"Форма снежинки зависит от температуры и влажности на всём пути её роста, и две крупные снежинки практически не совпадают. В одном снегопаде можно увидеть звёздочки, иголки и пластинки."
751,Астрономия,"Самая горячая планета Солнечной системы — Венера, хотя Меркурий расположен ближе к Солнцу.",факт,38,"Плотная углекислая атмосфера Венеры создаёт сильнейший парниковый эффект, и у поверхности держится около 460 °C. Меркурий почти лишён атмосферы, и его ночная сторона сильно остывает."
752,Музыка,"У классической гитары обычно шесть струн, а у русской балалайки — три.",факт,18,"Балалайка с треугольным корпусом — один из символов русской народной музыки. Бывают балалайки разных размеров, от примы до контрабаса."
753,Новое время,В битве при Ватерлоо армию Наполеона погубили сильные морозы и глубокий снег.,фейк,30,"Битва при Ватерлоо прошла 18 июня 1815 года. Мороз сыграл роль при отступлении из России в 1812 году, а при Ватерлоо Наполеону помешали дождь, размокшая земля и подход прусской армии."
754,Еда и кулинария,Глутамат натрия вызывает у большинства людей головную боль и недомогание — «синдром китайского ресторана».,фейк,64,"В двойных слепых исследованиях люди при обычных количествах в еде реагировали на глутамат так же, как на плацебо. Глутамат естественно содержится в помидорах, сыре и грибах."
755,Кибербезопасность,Капча с искажёнными буквами надёжно отличает людей от ботов: программы её решить не могут.,фейк,62,Современные системы распознавания решают искажённые капчи лучше людей. Поэтому сервисы перешли к анализу поведения пользователя и другим проверкам.
756,Компьютеры и программирование,"Один из первых электронных компьютеров, ЭНИАК, весил 27 тонн и занимал целый зал.",факт,38,"ЭНИАК заработал в 1945–1946 годах и содержал около 18 тысяч электронных ламп. Программировали его, переключая провода и тумблеры."
757,Инженерия,"Ширина колеи на российских железных дорогах — 1520 миллиметров, больше, чем в большинстве стран Европы.",факт,52,"В Западной Европе стандартная колея — 1435 миллиметров, поэтому на границе вагоны переставляют на другие тележки или используют поезда с раздвижными колёсными парами."
758,Физика,"Звук мощного взрыва в космосе разносится на огромные расстояния, ведь в пустоте его ничто не заглушает.",фейк,18,"Звук — это колебания вещества, и в вакууме ему не по чему распространяться. Грохот космических сражений в кино добавлен ради зрелищности."
759,Искусство,Направление поп-арт придумал американский художник Энди Уорхол в начале 1960-х годов.,фейк,76,"Поп-арт зародился в Великобритании в середине 1950-х годов, в работах Ричарда Гамильтона и Эдуардо Паолоцци. Уорхол стал самым известным представителем направления позже."
760,Новое время,"Французская революция началась со штурма Бастилии, где томились сотни политических заключённых.",фейк,70,"14 июля 1789 года в Бастилии нашлось лишь семеро узников — фальшивомонетчики, душевнобольные и аристократ, заключённый по просьбе семьи. Крепость брали прежде всего ради пороха."
761,Экономика и деньги,На банкнотах Банка России изображены виды российских городов и их достопримечательности.,факт,20,"Каждый номинал посвящён определённому городу или региону: на купюрах изображены памятники архитектуры, мосты и набережные."
762,Астрономия,"Если смотреть на Солнце из космоса, его свет выглядит отчётливо жёлтым, как на детских рисунках.",фейк,66,"Солнце излучает во всём видимом диапазоне, и за пределами атмосферы его свет белый. Желтоватый оттенок добавляет атмосфера, которая сильнее рассеивает синюю часть спектра."
763,Морская жизнь,"Каракатица — это плоская рыба, близкая родственница скатов и камбалы.",фейк,40,"Каракатица — головоногий моллюск, родственник осьминогов и кальмаров. Под кожей у неё внутренняя раковина — сепиоидная кость."
764,Климат и погода,"Град может выпадать даже в самую жаркую летнюю погоду, при плюс тридцати.",факт,20,"Градины образуются в мощных грозовых облаках, где восходящие потоки поднимают капли туда, где сильный мороз. У земли может быть жарко, а в нескольких километрах над ней — ниже −20 °C."
765,Океанология,"Самые высокие волны в открытом море поднимают подводные течения, а не ветер.",фейк,40,"Обычные морские волны создаёт ветер: чем он сильнее, чем дольше дует и чем больше разгон над водой, тем выше волны. Исключение — цунами, которые вызывают землетрясения и оползни."
766,Искусственный интеллект,"Нейросети, рисующие картинки, хранят внутри готовые изображения из обучающей выборки и склеивают из них коллаж.",фейк,66,"Такие модели хранят не картинки, а миллиарды числовых параметров, описывающих закономерности изображений, и рисуют новое изображение из шума. Изредка модель почти дословно воспроизводит картинку, очень часто встречавшуюся в обучении, но это исключение."
767,Инженерия,Пирамида Хеопса оставалась самым высоким сооружением на Земле вплоть до появления небоскрёбов.,фейк,86,"Около 1311 года её превзошёл собор в английском Линкольне со шпилем высотой около 160 метров. Сама пирамида, лишившись облицовки и вершины, сейчас ниже исходных 146 метров."
768,Повседневная жизнь,Рифлёный край у монет изначально защищал их от срезания кусочков драгоценного металла.,факт,62,"Раньше монеты делали из золота и серебра, и мошенники срезали с краёв металл. Насечка на гурте сразу выдавала такие монеты."
769,Письменность,"Букву «ё» в русский алфавит ввели в XVIII веке, а популяризировал её Николай Карамзин.",факт,64,"Использовать букву предложила княгиня Екатерина Дашкова в 1783 году. Одной из первых её применили в печати в 1790-х годах, в том числе в альманахе Карамзина."
770,Компьютеры и программирование,Самые первые компьютерные игры создали для домашних компьютеров в середине 1970-х годов.,фейк,76,"Уже в 1958 году физик Уильям Хигинботам показал на осциллографе игру «Теннис для двоих», а в 1962 году студенты MIT написали Spacewar!"
771,Психология,"Лотерейный билет, выбранный самостоятельно, человек ценит выше, чем выданный ему наугад, хотя шансы на выигрыш одинаковы.",факт,66,"В опыте Эллен Лангер 1975 года участники просили за «свой» билет в несколько раз больше денег, чем за выданный. Это проявление иллюзии контроля."
772,Музыка,Гимн России и гимн СССР звучат на одну и ту же музыку композитора Александра Александрова.,факт,30,Мелодия была написана в 1939 году и в 1944-м стала гимном СССР. В 2000 году её утвердили как музыку гимна России с новым текстом Сергея Михалкова.
773,Архитектура,"Первые высотные здания на стальном каркасе, ставшие небоскрёбами, появились в Нью-Йорке.",фейк,64,"Первым небоскрёбом часто называют 10-этажное здание страховой компании в Чикаго, построенное в 1885 году на стальном каркасе. Нью-Йорк подхватил моду позже."
774,Млекопитающие,В дикой природе ленивцы спят около 18–20 часов в сутки.,фейк,86,"Эту цифру получили, наблюдая ленивцев в неволе. Датчики на диких трёхпалых ленивцах в Панаме показали около 10 часов сна в сутки."
775,Климат и погода,Ураганам дают мужские и женские имена в зависимости от их силы.,фейк,60,"Имена берут по порядку из заранее утверждённых списков, где мужские и женские чередуются. Имена самых разрушительных ураганов исключают из списков навсегда."
776,Медицина,"Сильный удар в грудь в строго определённый момент сердечного цикла может остановить сердце, даже не повредив тканей.",факт,82,"Это сотрясение сердца: удар мячом или шайбой в уязвимую долю секунды вызывает фибрилляцию желудочков. Чаще всего так страдают молодые спортсмены, и спасает быстрая дефибрилляция."
777,Компьютеры и программирование,Первый серийный жёсткий диск IBM 1956 года весил около тонны и хранил 5 миллионов символов.,факт,64,Накопитель IBM 350 состоял из 50 металлических пластин диаметром 61 сантиметр. Его сдавали в аренду за несколько тысяч долларов в месяц.
778,Языки,"Английский относится к романским языкам, потому что большинство его слов пришло из латыни через французский.",фейк,50,"Английский — германский язык, родственный немецкому и нидерландскому: германские у него грамматика и самые частые слова. Заимствований из французского и латыни в нём действительно очень много."
779,Кибербезопасность,"Длинная фраза из нескольких случайных слов может быть надёжнее короткого пароля из букв, цифр и символов.",факт,40,"Стойкость пароля к перебору сильнее всего зависит от длины. Фразу из четырёх-пяти случайных слов легче запомнить и труднее подобрать, чем «Pa$5w0rd»."
780,Компьютеры и программирование,Слово «байт» придумал инженер IBM Вернер Бухгольц в 1956 году.,факт,86,"Бухгольц нарочно написал byte вместо bite («кусочек»), чтобы слово не путали с bit. Сначала размер байта не был строго равен восьми битам."
781,Литература,Лев Толстой написал роман «Война и мир» всего примерно за один год.,фейк,30,Работа над романом заняла около шести лет — с 1863 по 1869 год. Толстой многократно переделывал отдельные главы.
782,Экономика и деньги,"Слово «доллар» придумали в США, когда вводили собственную национальную валюту.",фейк,72,Название восходит к талеру — серебряной монете XVI века из серебра рудников Иоахимсталя в Чехии. В английском слово dollar появилось задолго до образования США.
783,Анатомия,"Одной из мышц предплечья у части людей нет вовсе, и её отсутствие легко проверить, сведя большой палец с мизинцем.",факт,74,"Длинная ладонная мышца отсутствует примерно у каждого седьмого человека. Если при сведении пальцев и сгибании кисти на запястье не проступает сухожилие, скорее всего, этой мышцы нет."
784,Птицы,"Полярная крачка каждый год летает из Арктики в Антарктику и обратно, преодолевая десятки тысяч километров.",факт,45,"Датчики показали, что крачки пролетают за год в среднем 70–90 тысяч километров, петляя вслед за ветрами. За жизнь набирается расстояние, сопоставимое с несколькими полётами к Луне и обратно."
785,Кино,"Голливуд стал столицей кино потому, что там находились первые студии Томаса Эдисона.",фейк,82,"Студии Эдисона были в Нью-Джерси и Нью-Йорке. Кинематографисты перебрались в Калифорнию ради солнца и мягкого климата, а заодно подальше от патентных претензий компании Эдисона."
786,Материалы,"Бумагу изначально делали из древесины, а из тряпок её стали изготавливать позже, как более дорогую.",фейк,72,"Веками бумагу делали из растительных волокон и тряпья — льняного и хлопкового. Массовое производство из древесины началось лишь в середине XIX века, когда тряпья перестало хватать."
787,Геология,"Атомы золота образовались в недрах Земли, где огромное давление превращает другие металлы в золото.",фейк,86,"Золото, как и другие тяжёлые элементы, образовалось задолго до Земли — при слиянии нейтронных звёзд и в других мощных космических событиях. Геологические процессы лишь собирают его в жилы и россыпи."
788,Математика,Для общего уравнения пятой степени не существует формулы корней через арифметические действия и извлечение корней.,факт,86,"Это доказали Руффини и Абель в начале XIX века, а Галуа объяснил, почему так происходит. Для уравнений второй, третьей и четвёртой степени такие формулы есть."
789,Новое время,Санкт-Петербург был основан Петром I в 1703 году в устье Невы.,факт,18,"Город заложили на Заячьем острове, где началось строительство Петропавловской крепости. Вскоре Петербург стал столицей России."
790,Растения,Кукурузы в дикой природе нет: её предок теосинте — растение с крошечными колосками по нескольку зёрен.,факт,82,Земледельцы Мексики тысячи лет отбирали растения с более крупными початками. Так из скромного злака получилась современная кукуруза.
791,Музыка,Скрипка — древнейший смычковый инструмент: на ней играли ещё в Античности.,фейк,62,"Смычковые инструменты появились примерно в IX–X веках, а скрипка в привычном виде сложилась в Италии в XVI веке. Античные струнные — лира и кифара — были щипковыми."
792,Птицы,"Кукушка подбрасывает яйца в чужие гнёзда, а вылупившийся кукушонок выталкивает из гнезда яйца хозяев.",факт,26,"Приёмные родители выкармливают кукушонка, даже когда он становится намного крупнее их самих. Яйца кукушки часто похожи по окраске на яйца хозяев гнезда."
793,Млекопитающие,"Каланы во время сна на воде иногда держатся друг за друга лапами, чтобы их не разнесло течением.",факт,40,"Ещё каланы заворачиваются в стебли морских водорослей, которые служат им якорем. Группы отдыхающих каланов называют «плотами»."
794,Геология,"Внутреннее ядро Земли твёрдое, хотя его температура сравнима с температурой поверхности Солнца.",факт,74,"В центре Земли около 5000 °C и больше, но огромное давление не даёт железу и никелю расплавиться. Внешнее ядро, где давление меньше, остаётся жидким."
795,Кибербезопасность,"Заклеив веб-камеру, можно больше не опасаться шпионских программ на своём компьютере.",фейк,24,"Наклейка закрывает только объектив. Шпионская программа по-прежнему может читать файлы, перехватывать нажатия клавиш и включать микрофон."
796,Мозг и восприятие,"Запахи особенно легко пробуждают воспоминания, отчасти потому что их сигналы быстро попадают в области мозга, связанные с памятью и эмоциями.",факт,62,"Обонятельные сигналы, в отличие от зрительных и слуховых, идут в миндалину и связанные с гиппокампом области, минуя таламус. Поэтому знакомый запах может мгновенно вернуть детское воспоминание."
797,Климат и погода,"Самая низкая температура воздуха, измеренная метеостанцией, — −89,2 °C на антарктической станции «Восток».",факт,52,"Рекорд −89,2 °C зафиксирован 21 июля 1983 года. Спутники отмечали на поверхности снега в Антарктиде и более низкие значения, около −98 °C."
798,Экономика и деньги,"Бумажные деньги впервые появились в Китае, на несколько столетий раньше, чем в Европе.",факт,28,Государственные бумажные деньги ввели в Китае при династии Сун в XI веке. В Европе первые банкноты выпустил шведский банк в 1661 году.
799,География,Больше всего часовых поясов среди всех стран мира — одиннадцать — у России.,фейк,86,"Если учитывать заморские территории, рекорд у Франции — двенадцать поясов, от Французской Полинезии до Новой Каледонии. У России их одиннадцать."
800,Сон,"Во сне человек плохо чувствует запахи, и даже запах дыма часто не будит спящего.",факт,82,"В опытах сильный запах почти не будил людей в глубоком сне, тогда как громкий звук будил. Поэтому для защиты от пожара нужны звуковые датчики дыма."
