id,сфера,утверждение,тип,сложность_из_100,пояснение_после_ответа
1,Экономика и деньги,Самую крупную по номиналу банкноту в истории выпустили в Венгрии в 1946 году — сто квинтиллионов пенгё.,факт,74,Это единица с двадцатью нулями. Гиперинфляция в послевоенной Венгрии стала самой сильной из зафиксированных: цены удваивались примерно каждые 15 часов.
2,Компьютеры и программирование,Удалённый из корзины файл мгновенно стирается с диска без следа.,фейк,34,"Обычно система лишь помечает место как свободное, и данные остаются, пока их не перезапишут. Поэтому специальные программы нередко восстанавливают удалённые файлы."
3,Интернет,"Доменную зону .tv изначально создали для телекомпаний, а позже передали маленькому островному государству.",фейк,70,".tv с самого начала была национальным доменом Тувалу. Страна сдаёт её в коммерческое использование, и доход составляет заметную часть её бюджета."
4,География,"Рим расположен севернее Нью-Йорка, а зима в итальянской столице при этом заметно мягче.",факт,72,"Рим находится примерно на 41,9° северной широты, а Нью-Йорк — на 40,7°. Европа кажется теплее и «южнее» благодаря Гольфстриму и западным ветрам с океана."
5,Интернет,Сочетание символов :-) как знак шутки в сетевых сообщениях предложил профессор информатики в 1982 году.,факт,58,"Скотт Фальман из Университета Карнеги—Меллона написал об этом на университетской электронной доске объявлений, чтобы отличать шутки от серьёзных сообщений. Там же он предложил и :-( для серьёзных."
6,Древний мир,Древние египтяне при мумификации извлекали сердце и хранили его в особом сосуде вместе с другими органами.,фейк,86,"Сердце обычно оставляли в теле: считалось, что на загробном суде его взвешивают против пера истины. В канопы помещали печень, лёгкие, желудок и кишечник."
7,Насекомые,"Медоносная пчела погибает, ужалив другое насекомое, потому что её жало застревает в хитиновом панцире.",фейк,88,"Зазубренное жало застревает в эластичной коже млекопитающих и отрывается вместе с частью брюшка. Хитиновые покровы насекомых его не удерживают, поэтому, защищая улей от чужаков, пчела может жалить повторно."
8,Растения,"Подсолнечник следит за солнцем лишь в молодости: распустившиеся соцветия замирают, глядя на восток.",факт,88,"Молодые растения днём поворачиваются с востока на запад, а ночью обратно. Взрослые корзинки остаются обращёнными на восток: утреннее тепло привлекает больше опылителей."
9,Грибы и микробы,Грибница одного опёнка в лесу штата Орегон раскинулась почти на десять квадратных километров — это один из крупнейших организмов планеты.,факт,64,"Генетический анализ показал, что это один организм, возраст которого оценивают в тысячи лет. Над землёй его выдают лишь осенние грибы и погибшие от него деревья."
10,Искусственный интеллект,"Языковые модели, отвечая на вопрос, каждый раз ищут информацию в интернете, даже если им не подключили поиск.",фейк,46,"Без подключённого поиска модель отвечает на основе закономерностей, выученных при обучении. Поэтому она может не знать о свежих событиях или уверенно ошибаться."
11,Птицы,Яйцо киви может весить до пятой части массы самки — это одно из самых крупных яиц относительно тела птицы.,факт,62,"Желток занимает большую часть яйца, и птенец вылупляется почти самостоятельным. Незадолго до кладки самке трудно даже нормально питаться — места в теле почти не остаётся."
12,Океанология,"Море солёное потому, что в него постоянно просачивается соль из огромных подземных соляных пластов.",фейк,60,"Соли в океан приносят в основном реки, растворяющие горные породы, а также подводные гидротермальные источники. Вода испаряется, а соли остаются и за миллионы лет накапливаются."
13,Искусственный интеллект,Знаменитый шахматный автомат «Турок» XVIII века на самом деле управлялся спрятанным внутри человеком.,факт,44,"Изобретатель Вольфганг фон Кемпелен показывал его при европейских дворах, и автомат обыгрывал многих зрителей. Разгадка — сильный шахматист в ящике под доской."
14,Компьютеры и программирование,Слово «компьютер» появилось вместе с первыми электронными вычислительными машинами в 1940-х годах.,фейк,70,"В английском языке слово computer веками обозначало человека, который производит вычисления. Целые отделы «компьютеров», часто женщин, считали таблицы для астрономии и артиллерии."
15,Млекопитающие,"Верблюд долго обходится без питья не потому, что хранит воду в горбу: горб — это запас жира.",факт,25,"Жир в горбе — запас энергии; когда верблюд голодает, горб обвисает. Воду верблюд экономит иначе: у него очень концентрированная моча, сухой помёт и эритроциты, выдерживающие резкие перепады."
16,Искусство,"Образ викингов в рогатых шлемах основан на шлемах, найденных археологами в их погребениях.",фейк,64,Рогатых шлемов викингов не находили. Образ закрепили художники XIX века и костюмы к операм Вагнера в 1870-х годах.
17,Растения,"Арахис цветёт над поверхностью земли, а его бобы созревают в почве.",факт,52,"После опыления цветоножка удлиняется и вдавливает завязь в почву, где и развиваются бобы. Поэтому арахис часто называют земляным орехом, хотя с ботанической точки зрения это не орех."
18,Кибербезопасность,"С хорошим антивирусом можно не бояться фишинга и спокойно вводить пароль на странице, пришедшей по ссылке из письма.",фейк,18,"Фишинг обманывает человека, а не компьютер: поддельная страница может вообще не содержать вредоносного кода. Надёжнее проверять адрес сайта и пользоваться менеджером паролей, который не подставит пароль на чужом домене."
19,Химия,"Благородные газы получили своё название, потому что их впервые выделили в придворных лабораториях европейских монархов.",фейк,64,"Название — аналогия с «благородными» металлами: эти элементы почти не вступают в реакции. Аргон, неон, криптон и ксенон открыли в 1890-х годах в Лондоне Уильям Рамзай и его коллеги."
20,Еда и кулинария,Популярный салат «Цезарь» назван в честь римского полководца Гая Юлия Цезаря.,фейк,50,Салат придумал ресторатор Цезарь Кардини в мексиканской Тихуане в 1920-х годах. Его назвали по имени автора.
21,Архитектура,Эмпайр-стейт-билдинг высотой более 380 метров построили чуть больше чем за год.,факт,66,"Работы шли настолько быстро, что в отдельные недели прибавлялось по нескольку этажей. Здание открылось в 1931 году и почти сорок лет оставалось самым высоким в мире."
22,Климат и погода,"Зарницы — это особый вид беззвучных молний, возникающих в жаркие ночи без грозы.",фейк,72,"Зарницы — отсветы обычной грозы, находящейся так далеко, что гром не долетает. Звук грома редко слышен дальше 15–20 километров, а вспышки видны гораздо дальше."
23,Спорт и игры,Ферзь с самого появления шахмат был самой сильной фигурой на доске.,фейк,72,"В средневековых шахматах его предшественник ходил лишь на одну клетку по диагонали. Дальнобойным ферзь стал в конце XV века, и игра заметно ускорилась."
24,Медицина,"При пересадке почки собственные почки пациента часто не удаляют, а донорскую размещают ниже, в области таза.",факт,72,"Новую почку подключают к подвздошным сосудам и мочевому пузырю — так проще операция. Старые почки убирают лишь при особых показаниях, поэтому у многих пациентов после пересадки три почки."
25,Повседневная жизнь,"Зубы лучше чистить сразу после кислой еды или газировки, чтобы кислота не успела повредить эмаль.",фейк,76,"Кислота временно размягчает эмаль, и щётка сразу после еды может её стирать. Стоматологи советуют подождать хотя бы полчаса или прополоскать рот водой."
26,Кино,Кинг-Конга в фильме 1933 года снимали с помощью кукол ростом меньше полуметра.,факт,72,"Модели с металлическим каркасом снимали покадрово, чуть меняя позу между кадрами. Для крупных планов построили большую механическую голову и руку."
27,XX век,Француженки получили право голосовать на выборах раньше большинства европейских женщин — ещё до Первой мировой войны.,фейк,82,"Во Франции женщины получили избирательное право лишь в 1944 году и впервые проголосовали в 1945-м. Это позже, чем в Великобритании, Германии и даже Турции."
28,Литература,Лев Толстой стал одним из первых лауреатов Нобелевской премии по литературе.,фейк,62,"Толстого не раз выдвигали, но премию он так и не получил. Узнав о выдвижении, он просил не присуждать ему награду."
29,Анатомия,Сердце может ещё некоторое время сокращаться после извлечения из тела.,факт,58,"Импульсы для сокращений генерирует собственный водитель ритма — синусовый узел в стенке правого предсердия. Поэтому пересаженное сердце бьётся, хотя нервы, связывающие его с мозгом, перерезаны."
30,Млекопитающие,"Самка жирафа рожает, опустившись на колени, чтобы детёныш не падал с большой высоты.",фейк,74,"Жирафы рожают стоя, и детёныш падает с высоты около полутора–двух метров. Удар помогает разорвать плодные оболочки и стимулирует первый вдох."
31,Кино,Гудение световых мечей в «Звёздных войнах» создали из звука старого кинопроектора и помех от телевизора.,факт,66,"Звукорежиссёр Бен Бёртт записал гул проектора и наводку от кинескопа на неэкранированный кабель микрофона. Эффект взмаха получали, двигая микрофон перед динамиком."
32,География,"Корабли проходят Панамский канал без шлюзов, потому что уровень двух океанов там одинаков.",фейк,58,"Средняя часть канала проходит через искусственное озеро Гатун на высоте около 26 метров. Суда поднимают и опускают шлюзами, заполняемыми пресной водой."
33,Птицы,"Вороны узнают лица конкретных людей и годами помнят тех, кто им навредил.",факт,45,"В опытах в Сиэтле учёные ловили ворон в определённых масках. Птицы потом годами бранили людей в этих масках, и тревогу подхватывали даже вороны, не пойманные ни разу."
34,Спорт и игры,По правилам футбола размер поля строго одинаков на всех стадионах мира.,фейк,62,"Правила допускают диапазон: для международных матчей длина поля от 100 до 110 метров, а ширина от 64 до 75. Поэтому поля разных стадионов различаются."
35,Изобретения,"Колесо для повозок человечество изобрело раньше, чем гончарный круг для изготовления посуды.",фейк,86,"По археологическим данным, гончарный круг появился в Месопотамии раньше колёсных повозок. Возможно, именно вращающийся круг подсказал идею колеса на оси."
36,Математика,"Тщательно перетасованная колода из 52 карт почти наверняка лежит в порядке, которого ещё ни разу не было за всю историю.",факт,52,"Число возможных порядков — 52!, примерно 8×10⁶⁷. Даже если бы все люди тасовали по колоде в секунду с начала существования Вселенной, они не перебрали бы и ничтожной доли вариантов."
37,Психология,"Люди систематически переоценивают, насколько часто окружающие разделяют их мнения и решения.",факт,42,"Это эффект ложного консенсуса. В опыте 1977 года студенты, согласившиеся ходить по кампусу с рекламным щитом, считали, что согласится и большинство других, а отказавшиеся — что большинство откажется."
38,Мозг и восприятие,"Во время быстрых скачков взгляда мозг частично подавляет зрение, поэтому мы не видим смазанной картинки.",факт,82,"Это саккадическое подавление. Глядя в зеркало попеременно на свой левый и правый глаз, вы не увидите их движения, хотя человек рядом его заметит."
39,Климат и погода,"Снег не может выпадать, если температура воздуха у земли выше нуля.",фейк,62,"Снег нередко идёт и при нескольких градусах тепла: снежинки не успевают растаять, падая через тонкий тёплый слой. Особенно это вероятно при сухом воздухе."
40,География,"Антарктида холоднее Арктики в основном потому, что зима в Южном полушарии длиннее.",фейк,76,"Главная причина — рельеф: Антарктида — материк с ледяным щитом высотой в среднем около двух с половиной километров. Арктика же — океан, покрытый льдом, и вода под ним смягчает холод."
41,Инженерия,"Лондонский пешеходный мост Миллениум пришлось закрыть через два дня после открытия, потому что его раскачивали шаги людей.",факт,52,"Мост слегка качнулся, пешеходы непроизвольно подстраивали шаг под раскачивание и усиливали его. Установка демпферов заняла почти два года."
42,Морская жизнь,"Золотая рыбка забывает случившееся примерно через три секунды, и дрессировке она не поддаётся.",фейк,28,"В опытах золотые рыбки месяцами помнили сигналы, связанные с кормлением, а также учились нажимать рычаг в определённое время суток."
43,Птицы,"Почуяв опасность, страус прячет голову в песок, надеясь, что так его не заметят.",фейк,22,"Страусы пригибают голову к земле, чтобы переворачивать яйца в ямке-гнезде или затаиться, и издалека это похоже на голову в песке. При опасности они убегают со скоростью до 70 км/ч."
44,Океанология,"Морская вода замерзает не при нуле, а примерно при −1,9 °C, потому что растворённая соль мешает образованию льда.",факт,30,"Растворённые соли понижают температуру замерзания. При образовании морского льда большая часть соли вытесняется, поэтому лёд получается гораздо преснее воды."
45,Археология,"Самые древние известные каменные орудия старше, чем самые ранние известные представители рода Homo.",факт,90,"Орудия из Ломекви в Кении датируются примерно 3,3 миллиона лет, а древнейшие находки рода Homo — около 2,8 миллиона. Значит, камень могли обрабатывать и более древние гоминины."
46,Изобретения,Для одной из первых сохранившихся фотографий с натуры понадобилась выдержка длиной во много часов.,факт,56,"Снимок Жозефа Нисефора Ньепса «Вид из окна в Ле Гра» (около 1826–1827 годов) требовал выдержки, по разным оценкам, от восьми часов до нескольких дней. Поэтому солнце на нём освещает здания с обеих сторон."
47,Млекопитающие,"Глаза у летучих мышей не работают, и в полёте они полагаются на эхолокацию.",фейк,42,"Все летучие мыши видят, а крупные крыланы вообще полагаются в основном на зрение и обоняние. Эхолокация — дополнительный инструмент у насекомоядных видов."
48,Генетика,"Если съесть генетически модифицированный продукт, его гены могут встроиться в ДНК человека.",фейк,25,"При переваривании ДНК любой пищи — модифицированной или нет — расщепляется. Мы ежедневно съедаем гены растений и животных, и они не становятся нашими."
49,Геология,Магнитные полюса Земли за всю её историю ни разу не менялись местами.,фейк,60,Инверсии магнитного поля происходили сотни раз. Их записала застывающая лава на океанском дне: полосы с противоположной намагниченностью подтвердили теорию движения плит.
50,Материалы,"Резинка, которую резко растянули, заметно нагревается — это можно почувствовать, приложив её к губам.",факт,68,"При растяжении длинные молекулы каучука упорядочиваются, и выделяется тепло. Если растянутой резинке дать остыть и резко отпустить, она охладится."
51,Искусственный интеллект,"Нейросеть, распознающую изображения, можно обмануть, изменив в картинке пиксели так незаметно, что человек разницы не увидит.",факт,62,"Такие изображения называют состязательными примерами. Похожие атаки удавались и в реальном мире — например, с помощью наклеек на дорожных знаках."
52,Психология,"Людям кажется, что их нелепую одежду заметит гораздо больше окружающих, чем замечает на самом деле.",факт,60,"Это «эффект прожектора». В опыте 2000 года студенты в футболке с портретом немодного певца полагали, что её заметила половина аудитории, а на деле — примерно четверть."
53,Астрономия,"Полярная звезда — самая яркая звезда ночного неба, и путешественники веками ориентировались по её блеску.",фейк,28,"По яркости Полярная не входит даже в первую десятку, ярче всех на ночном небе Сириус. Полярная ценна тем, что почти не смещается: она находится вблизи северного полюса мира."
54,Компьютеры и программирование,Первый вирус для компьютеров IBM PC написали преступники ради кражи банковских паролей.,фейк,70,"Первым вирусом для IBM PC обычно называют Brain 1986 года. Его написали два брата — владельцы компьютерного магазина в Лахоре: вирус заражал загрузочные сектора дискет и выводил их имена, адрес и телефон."
55,Транспорт,В первые десятилетия поезда лондонского метро ходили на паровой тяге.,факт,44,"Первую линию открыли в 1863 году. Тоннели прокладывали неглубоко, с вентиляционными проёмами, но дым всё равно был серьёзной проблемой, пока линии не электрифицировали."
56,XX век,На Рождество 1914 года солдаты противоборствующих армий на Западном фронте местами устроили неофициальное перемирие.,факт,30,"Солдаты выходили на нейтральную полосу, обменивались подарками, хоронили погибших и, по некоторым свидетельствам, играли в футбол. Командование затем запретило подобные братания."
57,Мозг и восприятие,"Некоторые операции на мозге проводят, пока пациент в сознании и разговаривает с хирургом.",факт,50,"В ткани мозга нет болевых рецепторов, поэтому обезболивают кожу и оболочки. Разговор помогает хирургу не задеть участки, отвечающие за речь или движения."
58,Археология,"Радиоуглеродным методом можно определить возраст каменного орудия, измерив количество углерода в самом камне.",фейк,62,"Метод работает только с остатками организмов — деревом, углём, костями, тканями — и примерно до 50 тысяч лет назад. Каменные орудия датируют косвенно: по органике и слоям, в которых их нашли."
59,Письменность,Строчные и заглавные буквы в латинском алфавите различали уже в Древнем Риме.,фейк,74,"Римляне писали одним рядом знаков. Строчные буквы сложились в раннем Средневековье, особенно в каролингском минускуле, а сочетать их с заглавными в одном тексте стали ещё позже."
60,Средневековье,"Средневековые переписчики иногда оставляли на полях рукописей жалобы на холод, усталость и плохие чернила.",факт,64,"Такие заметки на полях сохранились во многих манускриптах. Переписка книги могла длиться месяцами, и для писцов это была изнурительная работа."
61,Еда и кулинария,"При тушении спиртное испаряется без остатка, и в соусе на вине алкоголя не остаётся.",фейк,66,"Спирт уходит постепенно. По данным Министерства сельского хозяйства США, после 15 минут тушения остаётся около 40 процентов, а даже после двух с половиной часов — около 5."
62,Генетика,"Кошки трёхцветного окраса — с белыми, рыжими и чёрными пятнами — почти всегда оказываются самками.",факт,50,"Ген рыжей окраски находится на X-хромосоме, и для сочетания рыжего и чёрного нужны две разные X-хромосомы. Трёхцветные коты встречаются редко и обычно имеют набор хромосом XXY."
63,Изобретения,Томас Эдисон первым в мире создал лампу накаливания — до него таких ламп никто не делал.,фейк,64,"Лампы накаливания создавали и до Эдисона, в том числе англичанин Джозеф Суон и русский инженер Александр Лодыгин. Заслуга Эдисона — долговечная лампа и целая система электроснабжения."
64,Древний мир,В Древней Греции Олимпийские игры проводились каждый год в разгар лета.,фейк,30,"Античные Олимпийские игры проходили раз в четыре года, и этот промежуток — олимпиада — служил единицей летоисчисления."
65,Литература,Джордж Оруэлл написал роман «1984» в 1984 году как хронику текущих событий.,фейк,18,Роман опубликован в 1949 году — это антиутопия о будущем. Оруэлл умер в 1950 году.
66,Искусство,Картина Рембрандта «Ночной дозор» изображает дневную сцену: ночной она стала казаться из-за потемневшего лака.,факт,86,"Настоящее название — «Выступление стрелковой роты капитана Франса Баннинга Кока». Прозвище появилось, когда слои лака и копоти сильно затемнили полотно."
67,География,Крупнейшее по площади озеро мира называют морем — это Каспий.,факт,28,"Каспийское море — бессточный водоём, отделённый от океана. Вода в нём слабосолёная, а исторически его называли морем за размеры."
68,Геология,"Нефть, которую сейчас добывают, образовалась в основном из останков динозавров.",фейк,55,"Главный источник нефти — морской планктон и водоросли, которые оседали на дно и без доступа кислорода превращались в углеводороды. Многие месторождения вообще старше динозавров."
69,Кино,"В фильме «Империя наносит ответный удар» Дарт Вейдер говорит: «Люк, я твой отец».",фейк,70,"В оригинале реплика звучит как «Нет, я твой отец». Искажённую версию знают и повторяют так часто, что её приводят как пример коллективной ложной памяти."
70,Химия,"Поваренная соль состоит из двух элементов, каждый из которых в чистом виде опасен.",факт,28,"Натрий — мягкий металл, бурно реагирующий с водой, а хлор — ядовитый газ, применявшийся как боевое отравляющее вещество в Первую мировую. Соединившись, они образуют устойчивый и безвредный кристалл."
71,История медицины,«Чумные доктора» в масках с длинным клювом появились во время Чёрной смерти XIV века.,фейк,86,"Костюм с клювом, куда клали ароматные травы, впервые описан в XVII веке, и его изобретение приписывают французскому врачу Шарлю де Лорму. Во время эпидемии XIV века такой одежды не было."
72,Грибы и микробы,"Бактерии в кишечнике здорового человека вредны для него, и иммунитет всю жизнь пытается от них избавиться.",фейк,18,"Кишечная микробиота помогает переваривать клетчатку, синтезирует некоторые витамины и мешает закрепиться болезнетворным микробам."
73,Математика,"Если бы лист бумаги толщиной 0,1 мм можно было сложить пополам 42 раза, стопка достала бы до Луны.",факт,72,"Каждое сложение удваивает толщину: 0,1 мм × 2⁴² ≈ 440 000 км, а до Луны в среднем около 384 000 км. На деле обычный лист удаётся сложить лишь 7–8 раз."
74,Спорт и игры,"Кёрлингисты трут лёд щётками, чтобы затормозить камень и не дать ему проскочить мимо «дома».",фейк,72,"Натирание слегка нагревает лёд, уменьшает трение, и камень проходит дальше и прямее. Чтобы камень остановился раньше, игроки просто перестают тереть."
75,Авиация,Первый полёт братьев Райт в 1903 году был короче размаха крыльев современного широкофюзеляжного авиалайнера.,факт,68,"Самолёт «Флайер» пролетел около 37 метров за 12 секунд. Размах крыльев Boeing 747 — около 60–68 метров в зависимости от версии, а Airbus A380 — почти 80."
76,Океанология,"Айсберги образуются из замёрзшей морской воды, и их лёд солёный на вкус.",фейк,64,"Айсберги откалываются от ледников, которые образовались из спрессованного снега, поэтому их лёд пресный. Из-за этого не раз обсуждали идею буксировать айсберги к засушливым берегам как источник питьевой воды."
77,Средневековье,Средневековые горожане почти не мылись и считали посещение бань грехом.,фейк,52,"В средневековых городах были распространены общественные бани. Упадок банного дела наступил позже, в эпоху эпидемий XVI века, когда бани стали считать рассадником болезней."
78,Инженерия,При строительстве плотины Гувера бетон охлаждали трубами с холодной водой — иначе он остывал бы больше века.,факт,74,"Тепло химической реакции цемента в таком огромном объёме уходило бы крайне медленно, а неравномерное остывание вызвало бы трещины. Бетон заливали отдельными блоками и прокачивали через трубы охлаждённую воду."
79,Кино,"Механическая акула на съёмках «Челюстей» так часто ломалась, что Спилберг стал показывать её реже, и фильм от этого стал страшнее.",факт,54,"Съёмочная группа прозвала акулу Брюсом. Напряжение пришлось строить на музыке, плавниках и точке зрения хищника."
80,Авиация,"Давление в салоне авиалайнера в полёте поддерживают не как на уровне моря, а примерно как на высоте двух километров.",факт,62,"Полное давление уровня моря потребовало бы более прочного и тяжёлого фюзеляжа. Поэтому в полёте у пассажиров могут закладывать уши, а бутылки из-под воды при посадке сминаются."
81,Музыка,Нотный стан из пяти линеек придумали в XX веке для записи джаза.,фейк,28,"Линейная нотация сложилась в Средние века: Гвидо д’Ареццо применял четыре линии, а пятилинейный стан стал нормой к XVI–XVII векам."
82,XX век,"Шлюпок на «Титанике» было меньше, чем требовали британские правила того времени.",фейк,88,"Устаревшие правила рассчитывали число шлюпок по тоннажу, а не по числу пассажиров, и «Титаник» даже превышал требования. После катастрофы правила изменили: мест в шлюпках должно хватать всем."
83,Материалы,"Проволока из сплава никеля и титана, согнутая при комнатной температуре, при нагреве возвращается к прежней форме.",факт,62,"Это нитинол — сплав с памятью формы: при нагреве его кристаллическая решётка перестраивается в исходное состояние. Нитинол применяют в медицине, например в саморасширяющихся стентах."
84,Математика,"Если монета пять раз подряд упала орлом, при шестом броске решка становится вероятнее.",фейк,25,"У честной монеты нет памяти: броски независимы, и шансы остаются 50 на 50. Эту ошибку называют «ошибкой игрока»."
85,Кибербезопасность,"Современные стандарты безопасности рекомендуют заставлять пользователей менять пароль каждый месяц, даже без признаков взлома.",фейк,80,"Американский стандарт NIST советует не требовать периодической смены без признаков взлома: люди начинают выбирать предсказуемые пароли вроде «Пароль1», «Пароль2». Важнее длина, уникальность и второй фактор."
86,Спорт и игры,"Знаменитый «Тетрис» придумал программист, работавший в Вычислительном центре Академии наук СССР.",факт,26,Алексей Пажитнов создал игру в 1984 году на компьютере «Электроника-60». Название соединяет «тетрамино» — фигуры из четырёх квадратов — и «теннис».
87,Физика,Из-за низкого давления на вершине Эвереста вода в открытой кастрюле закипает уже примерно при 70 °C.,факт,30,"Атмосферное давление там втрое ниже, чем на уровне моря, а температура кипения падает вместе с давлением. Сварить яйцо вкрутую в открытой кастрюле на такой высоте очень трудно."
88,Анатомия,"На теле человека волосяных фолликулов на единицу площади примерно столько же, сколько у шимпанзе.",факт,90,"Человек не столько потерял волосы, сколько сделал большинство из них тонкими и короткими пушковыми. Густые терминальные волосы сохранились лишь на немногих участках."
89,Астрономия,"Звёзды мерцают, потому что термоядерные реакции в их недрах идут не непрерывно, а быстрыми вспышками.",фейк,45,"Мерцание создаёт земная атмосфера: потоки воздуха разной температуры по-разному преломляют свет точечного источника. С орбиты звёзды выглядят ровными, а планеты мерцают слабее, потому что видны как крошечные диски."
90,История медицины,"Лоботомию запретили вскоре после её появления, сразу признав метод жестоким.",фейк,55,"Лоботомию широко применяли в 1930–1950-х годах, а её автор Эгаш Мониш получил Нобелевскую премию 1949 года. От метода отказались в основном после появления антипсихотических лекарств."
91,Экономика и деньги,"В Германии 1923 года, в разгар гиперинфляции, купюрами топили печи, потому что так выходило дешевле, чем покупать дрова.",факт,30,"Цены росли так быстро, что зарплату выдавали по нескольку раз в день, а люди сразу бежали её тратить. К ноябрю 1923 года доллар стоил около 4,2 триллиона марок."
92,Кибербезопасность,"Компьютерный червь Stuxnet физически повреждал центрифуги для обогащения урана, изменяя скорость их вращения.",факт,62,"Одновременно он показывал операторам нормальные показания. Это один из первых известных случаев, когда вредоносная программа нанесла физический ущерб промышленному оборудованию."
93,Сон,"Взрослому хватает для здоровья четырёх часов сна, если приучить мозг сразу переходить в глубокую фазу.",фейк,28,"Управлять фазами сна по желанию нельзя, а взрослым обычно нужно не менее семи часов. Хроническое недосыпание связано с ухудшением памяти, иммунитета и обмена веществ."
94,Древний мир,"Колосс Родосский стоял, расставив ноги над входом в гавань, и корабли проплывали между ними.",фейк,75,"Ни один античный автор так статую не описывает, а бронзовая фигура высотой около 30 метров не смогла бы перекрыть гавань. Этот образ появился на гравюрах гораздо позже."
95,Искусственный интеллект,Термин «искусственный интеллект» впервые появился в заявке на летний научный семинар.,факт,72,Его использовали Джон Маккарти и его соавторы в 1955 году в предложении провести семинар в Дартмутском колледже. Семинар 1956 года считают рождением ИИ как области науки.
96,Эволюция,"У коренного населения Африки зубы мудрости почти не вырастают, потому что эта черта исчезла там раньше всего.",фейк,76,"Всё наоборот: по данным метаанализов, врождённое отсутствие третьих моляров реже всего встречается именно у выходцев из Африки. Чаще его находят у жителей Азии."
97,Грибы и микробы,"Лишайник — отдельный вид гриба, который научился сам производить хлорофилл.",фейк,66,"Лишайник — союз гриба с водорослью или цианобактерией: фотосинтезирует партнёр, а гриб даёт защиту и воду. Грибы хлорофилла не имеют."
98,Средневековье,Эпидемия чумы в середине XIV века унесла жизни примерно трети или даже половины населения Европы.,факт,30,"«Чёрная смерть» так резко сократила число работников, что во многих областях выросла оплата труда и ослабла зависимость крестьян."
99,Искусство,В эпоху Возрождения синий пигмент ультрамарин получали из лазурита и ценили на вес дороже золота.,факт,54,"Лазурит везли из Афганистана, а очистка пигмента была трудоёмкой. Заказчики оговаривали в контрактах, сколько ультрамарина пойдёт на одежды Мадонны."
100,Космонавтика,Человек без скафандра в открытом космосе почти мгновенно разрывается от внутреннего давления.,фейк,45,"Кожа и ткани достаточно прочны, чтобы удержать тело, оно лишь отекает. Главная опасность — нехватка кислорода: сознание теряется примерно через 10–15 секунд."
101,Изобретения,"Консервную банку и нож для её открывания изобрели одновременно, как единый комплект.",фейк,68,"Жестяные консервные банки появились в 1810-х годах, а удобные консервные ножи — лишь спустя десятилетия. Солдаты открывали банки штыками, ножами и даже выстрелами."
102,Морская жизнь,"Глаз осьминога устроен без слепого пятна, в отличие от человеческого.",факт,78,"У осьминога нервные волокна подходят к светочувствительным клеткам сзади, и зрительному нерву не нужно проходить сквозь сетчатку. Сходство глаз осьминога и человека возникло независимо."
103,Архитектура,"Традиционное эскимосское иглу строят из блоков льда, вырезанных из замёрзших озёр.",фейк,52,"Традиционное иглу складывают из блоков плотного слежавшегося снега. Снег хорошо удерживает тепло благодаря воздуху внутри, и температура в иглу может быть на десятки градусов выше, чем снаружи."
104,Кино,"Первым полнометражным мультфильмом, целиком созданным на компьютере, стала «История игрушек».",факт,28,Фильм студии Pixar вышел в 1995 году. На вычисление одного кадра уходило от нескольких минут до многих часов.
105,Математика,Знак равенства придумали древние египтяне: две черты изображали уравновешенные чаши весов.,фейк,56,"Знак «=» ввёл валлийский математик Роберт Рекорд в 1557 году. Он объяснил выбор тем, что нет ничего более равного, чем две параллельные линии одинаковой длины."
106,Физика,"Вода в бассейнах ядерных реакторов светится голубым, потому что частицы движутся в ней быстрее света в этой же воде.",факт,74,"Это излучение Вавилова—Черенкова, открытое в 1934 году. Скорость света в вакууме частицы не превышают, но в воде свет идёт примерно на четверть медленнее, и быстрые электроны его «обгоняют»."
107,Мозг и восприятие,"Глаза видят, испуская слабые лучи, которые отражаются от предметов и возвращаются обратно.",фейк,18,"Такую идею высказывали ещё античные мыслители, но глаз ничего не испускает: он улавливает свет, отражённый предметами или излучённый ими."
108,Насекомые,"Шмели способны на ощупь узнать шар или куб, которые до этого только видели, но не трогали.",факт,86,Такой перенос между зрением и осязанием показали в экспериментах 2020 года. Это говорит о внутреннем представлении формы предмета даже у насекомых.
109,Архитектура,"Исторический центр Венеции стоит на огромном количестве деревянных свай, вбитых в илистое дно лагуны.",факт,46,"В воде и иле почти нет кислорода, поэтому древесина не гниёт, а со временем даже уплотняется, пропитываясь минералами. Многие сваи служат уже несколько столетий."
110,Древний мир,"Пирамиду Хеопса, по данным археологов, строили не рабы, а организованные бригады работников, которых кормили и лечили.",факт,56,"Рядом с Гизой раскопали посёлок строителей с пекарнями и их гробницы. Скелеты показывают следы лечения переломов, а надписи сохранили шутливые названия бригад."
111,Генетика,"У человека самый большой геном среди живых существ, ведь наш организм один из самых сложных.",фейк,70,"Размер генома не отражает сложность организма. У японского растения вороний глаз (Paris japonica) геном примерно в 50 раз больше человеческого, а у некоторых двоякодышащих рыб — в десятки раз."
112,Океанология,"Приливы вызывает вращение Земли, которое расплёскивает воду в океанах, как в тазу.",фейк,30,Приливы создаёт притяжение Луны и в меньшей мере Солнца. Поэтому высота приливов меняется вместе с фазами Луны: самые сильные бывают в новолуние и полнолуние.
113,Эволюция,"Жирафы обзавелись длинной шеей, потому что их предки всю жизнь тянулись к листьям и передавали вытянутую шею потомкам.",фейк,30,Это ламарковское объяснение не подтвердилось: приобретённые при жизни изменения тела не наследуются. Длинная шея закрепилась в результате отбора.
114,Вулканы,Извержение индонезийского вулкана Тамбора в 1815 году привело к «году без лета» в Европе и Северной Америке.,факт,58,"Выброшенные в стратосферу частицы ослабили солнечный свет, и в 1816 году снег выпадал летом, а урожаи гибли. Той же дождливой летней порой Мэри Шелли начала писать «Франкенштейна»."
115,Авиация,Включённый в полёте мобильный телефон может вывести из строя двигатели самолёта.,фейк,28,Двигатели не зависят от радиосигналов. Ограничения связаны в основном с возможными помехами в наушниках пилотов и нагрузкой на наземные сети; многие авиакомпании сегодня разрешают связь на борту.
116,Языки,"В финском языке нет грамматического рода, и одно и то же местоимение hän означает и «он», и «она».",факт,38,"Род не выражается ни у существительных, ни у прилагательных. Зато в финском около пятнадцати падежей."
117,Материалы,"Паутинная нить в пересчёте на массу прочнее на разрыв, чем многие виды стали.",факт,44,"Прочность главной страховочной нити паука достигает примерно гигапаскаля при плотности почти в шесть раз меньше, чем у стали. Вдобавок нить сильно растягивается, поглощая энергию удара."
118,Новое время,"Джордж Вашингтон, первый президент США, носил зубные протезы, вырезанные из дерева.",фейк,70,"Протезы Вашингтона делали из слоновой кости, металла и настоящих человеческих и животных зубов. Дерево для этого не подходило: оно разбухает от слюны."
119,Астрономия,"Если бы Солнце мгновенно исчезло, Земля ещё восемь с лишним минут двигалась бы по прежней орбите.",факт,66,"Изменения гравитационного поля распространяются со скоростью света. В 2017 году наблюдение слияния нейтронных звёзд подтвердило, что гравитационные волны и свет идут с одной скоростью."
120,Археология,Терракотовую армию обнаружили археологи во время плановой экспедиции по указаниям древних летописей.,фейк,66,"Первые фрагменты фигур в 1974 году случайно нашли крестьяне, копавшие колодец. Лишь затем к месту прибыли археологи."
121,Растения,"Растения в спальне ночью поглощают так много кислорода, что держать их там опасно.",фейк,40,"Ночью растения действительно дышат, но расход кислорода ничтожен по сравнению с дыханием человека. Он не представляет угрозы даже в небольшой комнате."
122,Письменность,"Цифры, которыми мы пользуемся, изобрели в Аравии — отсюда их название «арабские».",фейк,48,"Десятичная позиционная система с нулём возникла в Индии. Европейцы узнали её через арабских учёных, поэтому и назвали цифры арабскими, а сами арабы называют их индийскими."
123,Кибербезопасность,Одним из самых распространённых паролей в утёкших базах годами остаётся «123456».,факт,20,"Аналитики, изучающие утечки, из года в год находят его в верхней части списков. Такой пароль подбирается мгновенно."
124,Транспорт,Первую дальнюю поездку на автомобиле Бенца совершила его жена Берта — без ведома мужа.,факт,60,В 1888 году Берта Бенц с двумя сыновьями проехала около ста километров. По дороге она покупала бензин в аптеке и чистила топливопровод шпилькой.
125,Геология,Скандинавия до сих пор поднимается после таяния ледникового щита — на побережье Ботнического залива почти на сантиметр в год.,факт,74,Под тяжестью льда толщиной в несколько километров земная кора прогнулась и теперь медленно распрямляется. Из-за этого площадь суши Финляндии ежегодно немного увеличивается.
126,Космонавтика,"Экипаж МКС парит в невесомости, потому что на высоте станции земное притяжение почти исчезает.",фейк,76,"На высоте около 400 км притяжение Земли составляет примерно 90% от привычного. Невесомость возникает потому, что станция и экипаж непрерывно падают вокруг Земли с одинаковым ускорением."
127,Вулканы,"Ветер может вытягивать капли гавайской лавы в тонкие золотистые нити, похожие на волосы.",факт,86,Их называют «волосами Пеле» — в честь богини вулканов в гавайской мифологии. Застывшие стеклянные нити бывают длиной в десятки сантиметров.
128,Космонавтика,"Программы бортового компьютера «Аполлонов» хранились в памяти, которую вручную «плели» из проволоки и крошечных ферритовых колец.",факт,76,"В такой памяти провод, продетый сквозь кольцо, означал единицу, а проведённый мимо — ноль. Исправить готовую программу было нельзя без изготовления нового модуля, поэтому код проверяли особенно тщательно."
129,Психология,В знаменитых опытах Милгрэма почти никто из участников не согласился дойти до максимального «удара током».,фейк,60,"В базовой версии эксперимента около двух третей участников по настоянию экспериментатора доходили до отметки 450 вольт. Удары были ненастоящими, но участники об этом не знали."
130,Искусство,"Микеланджело расписывал потолок Сикстинской капеллы, лёжа на спине на лесах.",фейк,86,"Он работал стоя, запрокинув голову, на лесах собственной конструкции. В шуточном сонете Микеланджело жаловался, что борода упирается в небо, а краска капает на лицо."
131,Психология,"Случайное число, увиденное перед оценкой, заметно сдвигает ответ человека в сторону этого числа.",факт,64,"Это эффект якоря. В опыте Тверски и Канемана участники, у которых колесо фортуны выпадало на 65, оценивали долю африканских стран в ООН заметно выше тех, у кого выпадало 10."
132,Мозг и восприятие,"Мозг весит около двух процентов массы тела, но в покое расходует пятую часть энергии организма.",факт,42,"Больше всего энергии уходит на поддержание электрических потенциалов нейронов и передачу сигналов. Запасов у мозга почти нет, поэтому он сильно зависит от постоянного притока глюкозы и кислорода."
133,Интернет,"Интернет и Всемирная паутина — одно и то же, и то и другое придумал Тим Бернерс-Ли.",фейк,42,"Интернет — глобальная сеть компьютеров, её основы разрабатывались с конца 1960-х. Бернерс-Ли в 1989–1991 годах создал веб — систему страниц и ссылок, работающую поверх интернета."
134,Повседневная жизнь,Резиновая подошва кроссовок надёжно защищает человека от удара молнии во время грозы.,фейк,50,"Молния пробивает километры воздуха, и несколько сантиметров резины для неё ничего не значат. В грозу защищает укрытие в здании или закрытом автомобиле с металлическим кузовом."
135,География,"Аляска одновременно самый северный, самый западный и самый восточный штат США.",факт,78,"Алеутские острова пересекают 180-й меридиан, и часть их лежит в Восточном полушарии. Поэтому по долготе крайняя восточная точка США тоже находится на Аляске."
136,Физика,"Молния не бьёт дважды в одно и то же место, ведь заряд там уже израсходован.",фейк,20,"Высокие объекты получают удары регулярно: в Эмпайр-стейт-билдинг молния попадает в среднем около двадцати раз в год. Каждый разряд — новый процесс, и прошлый удар ему не мешает."
137,Языки,"Исландский язык за тысячу лет изменился так сильно, что современные исландцы не могут читать средневековые саги в оригинале.",фейк,64,"Исландский изменился относительно мало, и исландцы читают саги со сравнительно небольшими трудностями. Этому помогают языковой пуризм и привычка создавать новые слова из собственных корней."
138,Вулканы,"Жители Помпей погибли под потоками раскалённой лавы, которая залила город в 79 году.",фейк,58,"Помпеи засыпали пепел и пемза, а затем город накрыли раскалённые пирокластические потоки. Благодаря пеплу сохранились дома, фрески и даже хлеб в печах."
139,Письменность,Корейский алфавит хангыль был специально придуман в XV веке по указу короля.,факт,56,"Его разработали при короле Седжоне и обнародовали в 1446 году, чтобы грамоту могли освоить простые люди. Очертания некоторых согласных изображают положение органов речи."
140,Кибербезопасность,"Мошенники регистрируют адреса сайтов с буквами из других алфавитов, неотличимыми на вид от латинских.",факт,58,"Например, кириллическая «а» выглядит так же, как латинская a. Такие атаки называют гомографическими; браузеры борются с ними, иногда показывая адрес в техническом виде."
141,История медицины,"В начале XX века тяжёлую форму сифилиса лечили, намеренно заражая пациентов малярией.",факт,88,"Высокая лихорадка губила возбудителя сифилиса, а малярию затем лечили хинином. Автор метода Юлиус Вагнер-Яурегг получил за него Нобелевскую премию 1927 года."
142,Новое время,"Мария-Антуанетта, узнав, что у народа нет хлеба, сказала: «Пусть едят пирожные».",фейк,68,"Нет свидетельств, что королева это говорила. Похожую фразу о «великой принцессе» приводит Руссо в «Исповеди», написанной, когда Мария-Антуанетта была ещё ребёнком."
143,Насекомые,Медоносные пчёлы сообщают сородичам направление к цветам с помощью особого танца.,факт,26,"В «виляющем танце» угол пробежки относительно вертикали показывает направление относительно Солнца, а длительность — расстояние. За расшифровку этого языка Карл фон Фриш получил Нобелевскую премию."
144,Инженерия,"Каменная арка держится за счёт раствора, склеивающего камни, и без него сразу рассыпается.",фейк,70,"Арка работает на сжатие: камни упираются друг в друга, передавая нагрузку на опоры. Многие древние арки сложены вообще без раствора — сухой кладкой."
145,Спорт и игры,Олимпийские «золотые» медали современных игр почти целиком сделаны из серебра.,факт,44,По правилам МОК они должны содержать не менее шести граммов золота в покрытии. Последние медали из чистого золота вручались в 1912 году.
146,Средневековье,"Пояса верности широко применяли средневековые рыцари, отправляясь в крестовые походы.",фейк,74,"Надёжных свидетельств их использования в Средние века нет. Большинство музейных экземпляров, по заключению историков, изготовлены в XVIII–XIX веках."
147,XX век,В школьные годы Альберт Эйнштейн плохо учился и даже проваливал экзамены по математике.,фейк,45,"Эйнштейн отлично знал математику ещё подростком. Миф связывают с его неудачей на вступительном экзамене в Цюрихский политехникум, где он недобрал баллы по нематематическим предметам."
148,Языки,Латынь давно исчезла из официального обихода и сегодня встречается разве что в научных названиях и медицинских рецептах.,фейк,60,Латынь — официальный язык Святого престола: на ней до сих пор издают папские энциклики и другие важнейшие документы. Для современных понятий в Ватикане даже выпустили словарь новой латинской лексики.
149,Музыка,У государственного гимна Испании нет официального текста — его исполняют без слов.,факт,66,"«Марча Реаль» — один из старейших гимнов Европы. Тексты к нему предлагали не раз, но ни один не был утверждён официально."
150,Архитектура,Криволинейные «паруса» Сиднейского оперного театра выкроены из поверхности одной сферы.,факт,86,Архитектор Йорн Утзон долго не мог найти способ рассчитать и построить оболочки произвольной формы. Решение — вырезать все сегменты из сферы одного радиуса — позволило изготавливать их из типовых элементов.
151,Анатомия,Самая маленькая кость человека — стремечко в среднем ухе — меньше рисового зерна.,факт,28,Стремечко длиной около 3 мм передаёт колебания от барабанной перепонки во внутреннее ухо. Вместе с молоточком и наковальней оно образует цепочку слуховых косточек.
152,Материалы,"Кевларовый бронежилет останавливает пулю, потому что волокна плавятся от трения и спекаются в сплошную пластину.",фейк,70,"Кевлар не плавится, а при сильном нагреве (выше 400 °C) разлагается. Пулю останавливают многочисленные слои сверхпрочных волокон, которые растягиваются и распределяют энергию удара по большой площади."
153,Авиация,Иллюминаторы в самолётах делают со скруглёнными углами лишь из эстетических соображений.,фейк,50,"В острых углах концентрируются напряжения, и металл быстрее устаёт. Катастрофы первых реактивных лайнеров «Комета» в 1954 году отчасти связывают с трещинами у углов прямоугольных вырезов."
154,Интернет,"Аквариум, поставленный между роутером и компьютером, усиливает сигнал Wi-Fi: вода хорошо проводит радиоволны.",фейк,56,"Вода сильно поглощает излучение на частотах Wi-Fi 2,4 ГГц — на этом отчасти основан нагрев в микроволновке. Аквариум, наоборот, ослабит сигнал."
155,Мозг и восприятие,"Собственный голос в записи кажется нам чужим, потому что обычно мы слышим его ещё и через кости черепа.",факт,28,"Когда мы говорим, звук доходит до внутреннего уха не только по воздуху, но и по костям черепа, которые лучше передают низкие частоты. В записи этой составляющей нет, поэтому голос кажется выше и непривычнее."
156,Математика,"В игре с тремя дверями, где ведущий, зная, где приз, открывает одну пустую дверь, смена выбора удваивает шансы на выигрыш.",факт,80,"Это задача Монти Холла: исходная дверь выигрывает с вероятностью 1/3, а смена — с вероятностью 2/3. Важно условие: ведущий знает, где приз, и открывает только пустую дверь."
157,Экология,Общая масса людей на Земле почти в десять раз больше массы всех диких млекопитающих.,факт,74,"Такую оценку дала работа 2018 года. Если добавить скот, соотношение становится ещё резче: дикие млекопитающие составляют лишь несколько процентов массы всех млекопитающих планеты."
158,Морская жизнь,"Медузы извлекают кислород из воды с помощью тонких жабр, спрятанных под краем купола.",фейк,56,"Жабр у медуз нет: кислород проходит в клетки прямо через тонкие стенки тела. Тело медузы почти целиком состоит из воды, и путь для диффузии короткий."
159,Инженерия,Римский акведук в город Ним на протяжении около 50 км опускался в среднем лишь примерно на 25 сантиметров на километр.,факт,72,"Вода шла самотёком, и уклон приходилось выдерживать очень точно. Частью этого акведука является знаменитый мост Пон-дю-Гар."
160,Сон,"Заразительная зевота — чисто человеческая черта: животные не начинают зевать, видя зевающего сородича.",фейк,70,"Заразительную зевоту наблюдали, например, у шимпанзе, бонобо и волков. А собаки могут зевать, увидев зевающего человека."
161,Экономика и деньги,"Первые банкоматы начали выдавать наличные раньше, чем появились кредитные карты.",фейк,62,"Карта Diners Club, одна из первых универсальных платёжных карт, появилась в 1950 году. Первый банкомат, выдававший наличные, заработал в Лондоне в 1967 году."
162,Кино,"Актёр, лично пришедший за антипремией «Золотая малина», по правилам теряет право номинироваться на «Оскар» в том же году.",фейк,74,"Такого правила нет. В 2010 году Сандра Буллок лично получила «малину» за худшую женскую роль, а на следующий вечер — «Оскар» за лучшую."
163,Кибербезопасность,"Если сильно охладить модуль оперативной памяти, данные в нём могут сохраняться минутами после отключения питания.",факт,86,Исследователи в 2008 году показали «атаку холодной загрузки»: они охлаждали модули баллончиком и извлекали из них ключи шифрования. Обычно данные в выключенной памяти исчезают за секунды.
164,Интернет,"Файлы в облачном хранилище физически нигде не записаны и существуют в виде сигналов, циркулирующих по сети.",фейк,22,"Облако — это серверы в дата-центрах, где файлы хранятся на обычных дисках, как правило в нескольких копиях. Такие центры потребляют очень много электроэнергии."
165,Искусство,"Эрмитаж держит в штате кошек, которые с XVIII века охраняют музей от мышей и крыс.",факт,30,"Кошки живут в подвалах музея, за ними присматривают сотрудники. В Эрмитаже даже проводят ежегодный День эрмитажного кота."
166,Климат и погода,"Грозовые облака иногда порождают кратковременные вспышки гамма-излучения, которые фиксируют спутники.",факт,88,"Земные гамма-вспышки открыли в 1990-х годах с помощью орбитальной обсерватории, созданной для наблюдения космических источников. Электроны в грозе разгоняются до огромных энергий."
167,Анатомия,"Примерно после 25 лет кости взрослого человека превращаются в неживой минеральный каркас, который уже не обновляется.",фейк,44,"Кость — живая ткань: остеокласты разрушают старую ткань, а остеобласты строят новую. У взрослого за год обновляется порядка десяти процентов скелета."
168,Еда и кулинария,"Шампиньоны, кримини и портобелло — это один и тот же вид гриба на разных стадиях роста или разных сортов.",факт,74,"Все они — Agaricus bisporus. Белые шампиньоны — молодые грибы, коричневые кримини — более тёмный сорт, а портобелло — раскрывшиеся взрослые грибы."
169,Океанология,Крупнейший водопад Земли находится под водой — в Датском проливе между Гренландией и Исландией.,факт,80,"Холодная плотная вода из северных морей переливается через подводный порог и стекает по склону, опускаясь примерно на 3,5 км. Расход этого потока во много раз больше, чем у любого водопада на суше."
170,Химия,"Железо ржавеет от соли, поэтому гвоздь в стакане пресной воды остаётся блестящим сколь угодно долго.",фейк,30,"Для ржавления достаточно воды и кислорода: железо корродирует и в пресной воде, и во влажном воздухе. Соль лишь ускоряет процесс, повышая электропроводность воды."
171,Медицина,Регулярный приём больших доз витамина C защищает большинство людей от простуды.,фейк,68,"Обзоры клинических испытаний показали, что у обычных людей постоянный приём витамина C не снижает частоту простуд. Снижение наблюдали лишь у людей при экстремальной физической нагрузке, например у марафонцев."
172,Авиация,"В самолёте еда кажется пресноватой отчасти потому, что сухой воздух и пониженное давление притупляют восприятие соли и сладкого.",факт,56,"Исследования показали снижение чувствительности к солёному и сладкому примерно на треть. Вкус томатного сока при этом страдает меньше, поэтому его охотно заказывают в полёте."
173,Насекомые,"Бабочки распознают вкус листьев и нектара с помощью рецепторов, расположенных на ногах.",факт,50,"На лапках у них есть вкусовые рецепторы: садясь на лист, самка «пробует» его, чтобы решить, подходит ли растение для гусениц."
174,Повседневная жизнь,Съеденные сладости заметно усиливают у детей гиперактивность и мешают им сосредоточиться.,фейк,72,"Двойные слепые исследования не нашли, что сахар влияет на поведение детей. Зато родители, которые думали, что ребёнок съел сахар, оценивали его поведение как более активное."
175,Экономика и деньги,Центральные банки выпускают деньги строго в пределах своих золотых запасов.,фейк,50,Большинство стран отказались от золотого стандарта в XX веке; США окончательно прекратили обмен долларов на золото для иностранных правительств в 1971 году. Сегодня деньгами управляют через процентные ставки и другие инструменты.
176,Музыка,Название музыкального инструмента «фортепиано» в переводе с итальянского означает «громко-тихо».,факт,44,"Инструмент позволял менять громкость силой удара по клавише, чего не умел клавесин. Первое фортепиано создал итальянский мастер Бартоломео Кристофори около 1700 года."
177,Экономика и деньги,"На острове Яп в Микронезии деньгами служили огромные каменные диски, которые при смене владельца могли даже не передвигать.",факт,66,"Все жители знали, кому принадлежит тот или иной камень. Известен случай, когда камень утонул при перевозке, но продолжал считаться чьей-то собственностью, лёжа на дне."
178,Повседневная жизнь,"До появления будильников в Британии были люди, которые за плату будили рабочих, стуча длинной палкой в окна.",факт,60,"Профессию называли knocker-upper. Она была распространена в промышленных городах в XIX и начале XX века, особенно на севере Англии."
179,Инженерия,"Высотные здания проектируют так, чтобы их верхушка совсем не отклонялась от ветра.",фейк,44,"Небоскрёбы рассчитаны на раскачивание: верхушка самых высоких зданий в сильный ветер может смещаться на десятки сантиметров. Инженеры стремятся не исключить колебания, а сделать их незаметными для людей."
180,Транспорт,Правостороннее движение в Европе ввёл ещё Юлий Цезарь специальным указом.,фейк,58,"Такого указа нет, а следы от колёс у римской каменоломни в Британии указывают скорее на левостороннее движение. Распространение правостороннего движения в Европе часто связывают с эпохой Наполеона."
181,Анатомия,"Язык разделён на вкусовые зоны: сладкое ощущают кончиком, а горькое — корнем.",фейк,38,«Карта языка» возникла из неверно истолкованной немецкой работы 1901 года. Рецепторы всех основных вкусов распределены по всей поверхности языка.
182,Экология,Около трёх четвертей ведущих продовольственных культур мира в той или иной мере зависят от опыления животными.,факт,56,"По оценкам ФАО и IPBES, опылители повышают урожай или качество многих фруктов, овощей, орехов и масличных. Основные злаки — пшеница, рис и кукуруза — опыляются ветром."
183,Птицы,Фрегаты во время многодневных перелётов над океаном способны спать прямо в воздухе.,факт,76,"Датчики активности мозга показали, что в многодневном полёте фрегаты дремлют короткими эпизодами, иногда одним полушарием. В сумме у них выходит меньше часа сна в сутки против полусуток на суше."
184,Изобретения,"Порох впервые получили средневековые европейские алхимики, которые искали рецепт эликсира бессмертия.",фейк,50,"Порох изобрели в Китае не позднее IX века, и действительно даосские алхимики, искавшие эликсир бессмертия. В Европе он появился лишь в XIII веке."
185,История медицины,"Кровопускание забросили ещё в Средние века, как только врачи поняли его вред.",фейк,58,"Кровопускание оставалось обычной процедурой вплоть до XIX века. В 1799 году больному Джорджу Вашингтону за сутки выпустили около двух с половиной литров крови, что, возможно, ускорило его смерть."
186,Сон,"За одну ночь человек обычно видит несколько снов, хотя утром помнит лишь немногие из них.",факт,24,"Фазы быстрого сна повторяются примерно каждые 90 минут, 4–6 раз за ночь. Сон лучше запоминается, если проснуться прямо во время него."
187,Транспорт,"Сажу добавляют в резину автомобильных шин ради цвета, ведь на чёрной резине не так заметна дорожная грязь.",фейк,78,"Технический углерод, то есть сажа, многократно повышает прочность и износостойкость резины и защищает её от ультрафиолета. Ранние шины без него были светлыми и изнашивались гораздо быстрее."
188,География,"В Южной Америке есть природный канал, по которому вода перетекает из бассейна Ориноко в бассейн Амазонки.",факт,86,"Река Касикьяре отделяется от Ориноко и впадает в Риу-Негру, приток Амазонки. Об этой бифуркации ещё в 1800 году подробно писал Александр фон Гумбольдт."
189,Климат и погода,"Снег кажется белым, хотя каждый отдельный кристаллик льда в нём прозрачен.",факт,28,"Множество граней снежинок рассеивают весь видимый свет почти одинаково, и смесь всех цветов воспринимается как белый."
190,Материалы,"Обычное оконное стекло пропускает ультрафиолет почти так же, как воздух, и у закрытого окна можно обгореть не хуже, чем на пляже.",фейк,66,"Обычное стекло задерживает почти весь ультрафиолет типа B, который в основном и вызывает солнечные ожоги. Излучение типа A оно пропускает заметно, поэтому кожа у окна всё же стареет от солнца."
191,Климат и погода,"Облака держатся в небе потому, что состоят из водяного пара, а пар легче воздуха.",фейк,74,"Видимые облака состоят из крошечных капель и кристаллов льда, а не из пара — пар невидим. Капли настолько малы, что падают очень медленно, а восходящие потоки удерживают их."
192,Письменность,"Самые ранние записи клинописью — не мифы и не законы, а хозяйственные учёты зерна, скота и пива.",факт,64,Письменность в Месопотамии выросла из учёта в храмовых хозяйствах. Литературные тексты вроде «Эпоса о Гильгамеше» появились гораздо позже.
193,Транспорт,Бригада уборщиков готовит поезд синкансэн к обратному рейсу на конечной станции Токио примерно за семь минут.,факт,55,"За это время уборщики собирают мусор, протирают столики, проверяют багажные полки и разворачивают кресла по ходу движения. Эту работу называют «семиминутным чудом»."
194,Геология,В известняках на вершине Эвереста встречаются окаменелые раковины морских животных.,факт,52,"Верхняя часть горы сложена известняками, образовавшимися на дне древнего океана. Столкновение Индийской и Евразийской плит подняло эти слои почти на девять километров."
195,Еда и кулинария,Куриные яйца с коричневой скорлупой питательнее и полезнее яиц с белой скорлупой.,фейк,35,Цвет скорлупы зависит от породы курицы и не влияет на питательность. Состав яйца определяют кормление и условия содержания.
196,Новое время,Во время Французской революции вводили десятичное время: сутки из 10 часов по 100 минут.,факт,74,"Декрет 1793 года сделал его обязательным, выпускали даже часы с десятичным циферблатом. Но привыкнуть к нему не удалось, и через полтора года обязательное применение отменили."
197,Изобретения,"Застёжку-липучку придумали, разглядев под микроскопом, как репейник цепляется за шерсть собаки.",факт,36,Швейцарский инженер Жорж де Местраль увидел на колючках крошечные крючки. Так появилась застёжка из двух лент — с крючками и с петлями.
198,Литература,"Сказки братьев Гримм изначально собирали для детей, и в первых изданиях не было жестоких сцен.",фейк,66,Первые издания были ближе к научному собранию фольклора и содержали даже больше жестокости. В последующих изданиях Вильгельм Гримм смягчал тексты для семейного чтения.
199,Грибы и микробы,Бактерия Deinococcus radiodurans выдерживает дозы радиации в тысячи раз выше смертельной для человека.,факт,74,"Её выделили в 1956 году из мясных консервов, которые не удалось стерилизовать облучением. Бактерия быстро восстанавливает разорванную на куски ДНК."
200,Языки,Слово «окей» произошло от армейского сокращения «0 killed» в сводках Гражданской войны в США.,фейк,72,"Выражение появилось раньше войны, в 1839 году в бостонской газете, как шуточное сокращение неграмотного написания «oll korrect». Популярности добавила президентская кампания Мартина Ван Бюрена."
201,Еда и кулинария,В 1830-х годах в США продавали таблетки из экстракта томатов как лекарство от несварения и других болезней.,факт,70,"Моду запустил врач Джон Кук Беннетт, приписывавший помидорам целебные свойства, и вскоре появились «томатные таблетки» разных производителей. Когда выяснилось, что во многих из них томатов нет вовсе, мода быстро сошла на нет."
202,Медицина,Люди с одной копией гена серповидноклеточной анемии лучше защищены от тяжёлой малярии.,факт,70,"Поэтому этот вариант гена распространён в регионах, где малярия веками была частой. Две копии гена вызывают тяжёлую болезнь, а одна даёт преимущество — классический пример балансирующего отбора."
203,Интернет,"Более 95% межконтинентального интернет-трафика передаётся по подводным кабелям, а не через спутники.",факт,40,"Оптоволоконные кабели на дне океана пропускают несравнимо больше данных и дают меньшую задержку. Спутники используют в основном там, где кабелей нет или их не хватает."
204,Сон,Будить лунатика опасно: резкое пробуждение может вызвать у него остановку сердца.,фейк,64,"Доказательств такой опасности нет. Разбуженный лунатик обычно просто растерян; его рекомендуют мягко отвести обратно в постель, потому что больший риск — травма во время хождения."
205,Интернет,"Первый в истории веб-сайт, созданный в CERN, снова доступен по своему исходному адресу.",факт,54,"Тим Бернерс-Ли запустил его в 1991 году на странице info.cern.ch. В 2013 году CERN восстановил сайт, чтобы сохранить его как часть истории интернета."
206,Древний мир,В Древнем Риме мочу собирали и использовали для стирки и отбеливания тканей.,факт,50,"Аммиак из застоявшейся мочи хорошо удалял жир. Император Веспасиан ввёл налог на её сбор, и с этим связывают выражение «деньги не пахнут»."
207,Материалы,"Нержавеющую сталь защищает от ржавчины тончайший слой золота, который наносят на заводе.",фейк,30,"Нержавейку защищает хром в составе сплава: на поверхности образуется прозрачная плёнка оксида хрома, которая после царапины восстанавливается сама."
208,Морская жизнь,"Рыба-клоун появляется на свет самкой, а с возрастом становится самцом.",фейк,80,"У рыб-клоунов всё наоборот: они рождаются самцами. Самая крупная рыба в группе — самка, и если она погибает, крупнейший самец превращается в самку."
209,Химия,"Резкий «запах хлорки» у бассейна тем сильнее, чем чище и лучше продезинфицирована вода.",фейк,86,"Характерный запах дают в основном хлорамины — продукты реакции хлора с потом, мочой и другими загрязнениями. В хорошо обслуживаемом бассейне этот запах слабее."
210,Компьютеры и программирование,"Первым программистом часто называют Аду Лавлейс, описавшую алгоритм для вычислительной машины, которую так и не построили.",факт,38,"В 1843 году она опубликовала заметки об аналитической машине Чарльза Бэббиджа, включая алгоритм вычисления чисел Бернулли. Лавлейс предполагала, что такие машины смогут работать не только с числами, но и с музыкой."
211,Эволюция,"У питонов и удавов, как и у других змей, от задних конечностей не осталось ни единой косточки.",фейк,72,"У питонов и удавов сохранились рудименты таза и бедра, а снаружи видны маленькие «шпоры» по бокам от клоаки. Самцы пользуются ими во время ухаживания."
212,Спорт и игры,Пять олимпийских колец обозначают пять видов спорта первых современных Олимпийских игр.,фейк,45,"Пьер де Кубертен связывал кольца с пятью частями света, объединёнными олимпийским движением. Цвета колец и белый фон встречаются во флагах многих стран."
213,Физика,"Старинные оконные стёкла толще внизу: хотя стекло кажется твёрдым, за столетия оно медленно стекает под собственным весом.",фейк,66,"Вязкость стекла при комнатной температуре так велика, что заметное течение заняло бы время больше возраста Вселенной. Неравномерность — следствие старой технологии выдувания, и такие стёкла нередко вставляли толстым краем вверх."
214,Компьютеры и программирование,Первая компьютерная мышь была деревянной коробочкой с двумя металлическими колёсиками.,факт,56,"Её прототип создали в 1960-х годах Дуглас Энгельбарт и Билл Инглиш. Одно колесо отслеживало движение по горизонтали, другое — по вертикали."
215,Еда и кулинария,"Орех кешью растёт снаружи на конце мясистого плода, похожего на яблоко или перец.",факт,62,"Сочное «кешью-яблоко» едят и делают из него напитки. Сам орех в скорлупе содержит едкие вещества, поэтому его обжаривают и очищают перед продажей."
216,Математика,"Цифры числа π после очень длинного участка начинают повторяться, просто период ещё никто не вычислил.",фейк,52,"В 1761 году Иоганн Ламберт доказал, что π иррационально, а значит, его десятичная запись не может стать периодической. Сегодня известно более ста триллионов знаков π."
217,Письменность,"Символ @ в итальянском языке называют «улиткой», а в нидерландском — «обезьяньим хвостиком».",факт,50,"По-русски его зовут «собакой», по-венгерски — «червячком», по-гречески — «уточкой». Символ задолго до электронной почты использовался в торговых записях."
218,Морская жизнь,Возраст одной гренландской акулы по радиоуглеродному анализу хрусталика глаза оценили в 272–512 лет.,факт,60,"Такой разброс — погрешность метода, но даже нижняя граница делает гренландскую акулу самым долгоживущим известным позвоночным. Половой зрелости эти акулы, по оценкам, достигают лишь примерно к 150 годам."
219,XX век,"Прямая линия связи между Москвой и Вашингтоном, созданная после Карибского кризиса, изначально была телетайпной, а не телефонной.",факт,86,"Линию запустили в 1963 году, чтобы избежать опасных задержек дипломатической переписки. Письменный канал считался надёжнее: он уменьшал риск неверного устного перевода."
220,Архитектура,Египетские пирамиды в Гизе изначально были облицованы шероховатым тёмным камнем.,фейк,70,"Пирамиды покрывала гладкая облицовка из белого известняка, и они сияли на солнце. Большую часть облицовки в Средние века разобрали на постройки Каира; остатки сохранились у вершины пирамиды Хефрена."
221,Материалы,"Серебряные ложки со временем темнеют, потому что серебро медленно окисляется кислородом воздуха.",фейк,86,"Тёмный налёт — это сульфид серебра: металл реагирует с соединениями серы, например с сероводородом в воздухе или веществами из яиц и лука. С кислородом при комнатной температуре серебро почти не взаимодействует."
222,Компьютеры и программирование,"Из двух процессоров быстрее работает тот, у которого выше тактовая частота, независимо от архитектуры.",фейк,44,"Скорость зависит и от архитектуры: сколько операций выполняется за такт, числа ядер, объёма кэша. Процессоры с меньшей частотой нередко обгоняют более «гигагерцовые» модели прошлых лет."
223,История медицины,"Игнац Земмельвейс резко снизил смертность рожениц, заставив врачей мыть руки хлорной известью, но многие коллеги отвергли его идею.",факт,40,"В 1840-х годах в венской клинике родильная горячка в отделении, где работали врачи после вскрытий, уносила гораздо больше жизней, чем у акушерок. Признание пришло лишь после работ Пастера и Листера."
224,Эволюция,"Слоны по происхождению ближе к ламантинам и даманам, чем к носорогам.",факт,88,"Хоботные, сирены и даманы образуют общую группу, возникшую в Африке. Внешнее сходство слонов и носорогов — результат приспособления к похожему образу жизни крупных растительноядных."
225,Кино,Гигантскую надпись HOLLYWOOD на холме в Лос-Анджелесе поставили как памятник киноиндустрии.,фейк,72,В 1923 году буквы установили как рекламу жилого района Hollywoodland. Последние четыре буквы убрали в 1949 году.
226,Химия,"Сухой лёд при обычном давлении не тает в лужу, а сразу превращается в газ.",факт,18,"Твёрдый углекислый газ при атмосферном давлении сублимирует при −78,5 °C. Жидкий CO₂ существует лишь при давлении выше примерно пяти атмосфер."
227,Астрономия,"Хвост кометы тянется позади неё вдоль траектории полёта, как инверсионный след за самолётом.",фейк,70,"Хвост направлен от Солнца: его выдувают давление солнечного излучения и солнечный ветер. Когда комета удаляется от Солнца, хвост оказывается впереди неё."
228,Анатомия,"Клетки, выстилающие желудок изнутри, живут недолго: уже через несколько дней их сменяют новые.",факт,55,"Эпителий постоянно повреждается кислотой и ферментами, поэтому быстро заменяется. Защиту дополняет слой слизи с бикарбонатом, нейтрализующим кислоту у самой стенки."
229,Медицина,"Вакцина БЦЖ названа по инициалам трёх врачей, впервые испытавших её на себе.",фейк,72,БЦЖ означает «бацилла Кальмета — Герена»: вакцину создали французские учёные Альбер Кальмет и Камиль Герен. Её первое применение у человека — у младенца — состоялось в 1921 году.
230,Грибы и микробы,Грибок-паразит заставляет заражённых муравьёв забираться на растение и намертво вцепляться в лист перед смертью.,факт,50,"Кордицепс однобокий (Ophiocordyceps) выбирает высоту и влажность, выгодные для гриба. Затем из головы муравья вырастает плодовое тело, рассеивающее споры на других муравьёв."
231,Архитектура,Колонны Парфенона строго вертикальны и имеют одинаковую толщину по всей высоте.,фейк,86,Колонны слегка утолщены в средней части и немного наклонены внутрь. Такие «поправки» противодействовали оптическим искажениям и придавали храму живость.
232,Письменность,"Знак & — это слитые латинские буквы e и t, образующие слово «и».",факт,64,"Лигатура et встречается ещё в римских надписях. В английских школах амперсанд когда-то произносили в конце алфавита, и из этого сочетания вышло его название."
233,Компьютеры и программирование,"Название GNU — рекурсивная аббревиатура, которая расшифровывается через саму себя.",факт,70,"GNU означает «GNU’s Not Unix» — «GNU — не Unix». Такие аббревиатуры — традиционная шутка программистов: например, название PHP расшифровывают как «PHP: Hypertext Preprocessor»."
234,Мозг и восприятие,Регулярное прослушивание музыки Моцарта в раннем детстве заметно и надолго повышает IQ ребёнка.,фейк,58,Исследование 1993 года показало лишь кратковременное улучшение в пространственных задачах у студентов. Последующие метаанализы не нашли устойчивого влияния музыки Моцарта на интеллект.
235,Космонавтика,За полгода на орбите космонавт может вырасти на несколько сантиметров.,факт,38,"Без земной тяжести межпозвонковые диски расправляются, и позвоночник удлиняется — по данным NASA, рост может увеличиться примерно на 3 процента. После возвращения на Землю прежний рост восстанавливается."
236,Химия,"При смешивании пищевой соды с уксусом выделяется горючий газ, и этот опыт опасно проводить у плиты.",фейк,36,"Реакция даёт углекислый газ, который не горит и не поддерживает горение. На этом основан школьный опыт, где «невидимый газ» из стакана гасит свечу."
237,Археология,Каменные столбы Гёбекли-Тепе в Турции воздвигнуты более чем на шесть тысяч лет раньше Стоунхенджа.,факт,74,"Комплекс возник примерно 11 500 лет назад — ещё до появления земледелия. Это поколебало мнение, что монументальные святилища строили только оседлые земледельцы."
238,Насекомые,"Светлячки светятся благодаря колониям светящихся бактерий, живущих в их брюшке.",фейк,76,"Светлячки производят свет сами: в фонариках фермент люцифераза окисляет вещество люциферин. Светящихся бактерий используют некоторые рыбы и кальмары, но не светлячки."
239,Литература,"Фраза «Элементарно, Ватсон!» дословно встречается в рассказах Конан Дойла о Шерлоке Холмсе.",фейк,86,"В оригинальных рассказах Холмс говорит «элементарно» и обращается к Ватсону, но вместе этих слов нет. Знаменитая фраза закрепилась благодаря более поздним пересказам и фильмам."
240,Растения,"Корни большинства деревьев уходят вглубь примерно на столько же, на сколько поднимается их крона.",фейк,86,"У большинства деревьев основная масса корней находится в верхнем метре почвы, зато раскидываются корни широко — нередко дальше края кроны."
241,Генетика,"Даже у однояйцевых близнецов, почти идентичных генетически, узоры отпечатков пальцев различаются.",факт,34,"Узор папиллярных линий зависит не только от генов, но и от условий в утробе: давления, положения плода, скорости роста пальцев. Поэтому даже у генетически почти идентичных близнецов узоры различаются."
242,Млекопитающие,Собаки не различают цветов и видят окружающий мир в чёрно-белых и серых тонах.,фейк,40,"У собак два типа колбочек, и они различают синие и жёлто-зелёные оттенки. Хуже всего собака отличает красный от зелёного — примерно как человек с одной из форм дальтонизма."
243,Литература,"Прототипом Шерлока Холмса отчасти послужил преподаватель медицины, у которого учился Артур Конан Дойл.",факт,56,"Хирург Джозеф Белл из Эдинбурга поражал студентов, угадывая по мелочам профессию и прошлое пациентов. Конан Дойл сам называл его образцом для своего сыщика."
244,Психология,"Чтобы новое действие стало автоматической привычкой, большинству людей хватает около трёх недель регулярных повторений.",фейк,64,"В исследовании 2009 года на выработку автоматизма уходило в среднем около двух месяцев, а у разных людей — от 18 до 254 дней. Цифра «21 день» пошла из популярной книги 1960 года о самовосприятии после пластических операций."
245,Генетика,"Группу крови ребёнок наследует от матери, потому что определяющий её ген находится в митохондриях.",фейк,46,"Ген системы AB0 расположен на девятой хромосоме в ядре клетки, и ребёнок получает по копии от каждого родителя. Поэтому у ребёнка может быть группа крови, которой нет ни у отца, ни у матери."
246,Экология,"Кролики в Австралии расплодились до сотен миллионов особей от пары десятков зверьков, выпущенных в 1859 году ради охоты.",факт,44,Без естественных врагов и при мягком климате кролики стали бедствием: уничтожали пастбища и вытесняли местных животных. Для их сдерживания в XX веке специально завозили вирус миксоматоза.
247,Материалы,"Бетон твердеет не потому, что высыхает, а из-за химической реакции цемента с водой — поэтому он схватывается даже под водой.",факт,56,"При гидратации цемента растут кристаллы, скрепляющие песок и щебень. Прочность бетон набирает годами, а свежую заливку специально поливают, чтобы она не пересохла раньше времени."
248,Экология,"Большое тихоокеанское мусорное пятно — плотный плавучий остров мусора, по которому можно пройти пешком.",фейк,62,"Пятно в основном состоит из рассеянного пластика, включая множество мелких частиц. Концентрация мусора там высокая, но сплошной «суши» нет, и со спутника пятно не видно."
249,Эволюция,"Из всех ныне живущих животных ближайшие родственники китов — бегемоты, а не тюлени или моржи.",факт,64,"Молекулярные данные и ископаемые находки показывают, что киты произошли от древних парнокопытных. Общий предок китов и бегемотов жил более 50 миллионов лет назад."
250,Экология,"По тому, какие лишайники растут на стволах деревьев, можно судить о чистоте воздуха.",факт,36,"Многие лишайники чувствительны к диоксиду серы и другим загрязнителям. В городах с грязным воздухом исчезают кустистые и листоватые виды, остаются лишь стойкие накипные."
251,География,Гренландия по площади больше Африки — именно так она выглядит на многих картах мира.,фейк,24,"Африка больше Гренландии примерно в 14 раз. Искажение даёт проекция Меркатора, которая сильно растягивает области вблизи полюсов."
252,Океанология,"В открытом океане цунами поднимает волну высотой в десятки метров, которую хорошо видно с кораблей.",фейк,70,"Над большими глубинами высота волны цунами обычно меньше метра, хотя её длина достигает сотен километров. Корабль в открытом море её почти не замечает, а огромной волна становится у берега."
253,История медицины,"Первые стетоскопы, появившиеся в начале XIX века, были прямыми деревянными трубками.",факт,54,"Рене Лаэннек в 1816 году, стесняясь прикладывать ухо к груди молодой пациентки, свернул трубкой лист бумаги и услышал сердце лучше, чем обычно. Затем он стал вытачивать деревянные трубки."
254,Искусственный интеллект,В 1997 году шахматный компьютер Deep Blue выиграл матч у чемпиона мира Гарри Каспарова.,факт,22,Годом ранее Каспаров выиграл первый матч против этой машины. Deep Blue анализировал около 200 миллионов позиций в секунду.
255,Эволюция,С точки зрения современной биологической систематики птицы — это уцелевшая ветвь динозавров.,факт,30,"Птицы происходят от мелких хищных тероподов, родственников велоцирапторов. Поэтому биологи говорят, что вымерли не все динозавры, а только нептичьи."
256,Анатомия,"Если пересчитать рёбра на рентгеновских снимках, у мужчин окажется на одно ребро меньше, чем у женщин.",фейк,22,"У людей обоего пола обычно по 12 пар рёбер. Изредка встречаются лишние шейные или поясничные рёбра, но от пола это не зависит."
257,Компьютеры и программирование,"Многие компьютерные системы хранят время как число секунд с 1 января 1970 года, и в 32-битном формате этот счётчик переполнится в январе 2038 года.",факт,74,Это «проблема 2038 года». Максимальное знаковое 32-битное число секунд будет достигнуто 19 января 2038 года; современные системы переходят на 64-битный счётчик.
258,Новое время,"Наполеон был примерно среднего для французов своего времени роста, а миф о его малом росте отчасти связан с разницей французских и английских дюймов.",факт,52,"Рост Наполеона составлял около 169 см. Образ «маленького капрала» поддерживали британские карикатуры и то, что рядом с ним часто находились высокие гвардейцы."
259,Экология,"Если разрубить дождевого червя пополам, из двух половинок вырастут два полноценных червя.",фейк,55,"У многих видов при удачном стечении обстоятельств выживает лишь передняя часть и отращивает новый хвост. Задняя половина обычно погибает, так как не может восстановить головной конец."
260,Археология,Большую часть своей работы археологи посвящают раскопкам и изучению костей динозавров.,фейк,16,"Динозаврами занимаются палеонтологи. Археология изучает прошлое людей по материальным следам их деятельности — орудиям, постройкам, погребениям."
261,Химия,"Золото растворяется в смеси двух кислот, хотя каждая из них по отдельности его не берёт.",факт,48,"Это «царская водка» — смесь концентрированных азотной и соляной кислот. В 1940 году химик Дьёрдь де Хевеши растворил в ней нобелевские медали коллег, чтобы их не захватили нацисты, а после войны из осаждённого золота медали отлили заново."
262,Литература,Автор «Алисы в Стране чудес» Льюис Кэрролл преподавал математику в Оксфорде.,факт,28,"Его настоящее имя — Чарльз Доджсон. Он писал работы по логике и геометрии, а в его сказках много логических парадоксов и игр со словами."
263,Насекомые,"Жук-бомбардир отпугивает врагов струёй горячей едкой жидкости, которую нагревает химическая реакция почти до 100 °C.",факт,72,"В особой камере брюшка смешиваются гидрохинон и перекись водорода с ферментами. Реакция идёт с хлопком, а струю жук может направить почти в любую сторону."
264,Млекопитающие,"Коренные зубы слона, как резцы у грызунов, растут всю жизнь и не успевают стачиваться.",фейк,86,"У слона за жизнь сменяется шесть комплектов коренных зубов, которые выдвигаются вперёд один за другим. Когда стачивается последний комплект, старый слон может погибнуть от истощения."
265,Средневековье,"Рыцари в полных латах были так тяжелы, что садились на коня с помощью подъёмного крана.",фейк,44,"Полный доспех весил обычно 15–25 кг и распределялся по всему телу. Рыцарь мог в нём бегать, вставать с земли и вскакивать в седло; кран — выдумка из позднейших спектаклей и фильмов."
266,Растения,"Некоторые растения, атакованные гусеницами, выделяют летучие вещества, чтобы привлечь ос — врагов этих гусениц.",факт,70,"Например, кукуруза, повреждённая гусеницами, «зовёт» наездников, откладывающих в гусениц яйца. Смесь веществ отличается от запаха простой механической поломки листа."
267,Еда и кулинария,"Лимон — древний дикий вид, от которого произошли апельсины и грейпфруты.",фейк,86,"Лимон — гибрид, возникший при скрещивании цитрона и горького апельсина. Грейпфрут — тоже гибрид, а дикими предками большинства цитрусовых считаются цитрон, помело и мандарин."
268,Литература,"Книгу «Зелёные яйца и ветчина» доктор Сьюз написал, использовав всего 50 разных слов, — на спор с издателем.",факт,66,"Издатель Беннетт Серф поспорил, что написать книгу с таким словарём невозможно. Книга стала одной из самых продаваемых детских книг на английском языке."
269,Музыка,"Музыку гимна Российской империи «Боже, Царя храни!» написал Пётр Ильич Чайковский.",фейк,60,"Музыку в 1833 году сочинил Алексей Львов. Путаница возникает потому, что Чайковский процитировал мелодию гимна в увертюре «1812 год»."
270,Медицина,"Холодная погода сама по себе вызывает простуду, даже если рядом нет вирусов.",фейк,30,"Простуду вызывают вирусы, чаще всего риновирусы. Холодный сезон связан с ростом заболеваемости в основном потому, что люди больше времени проводят в закрытых помещениях."
271,Музыка,"Названия нот «до, ре, ми» произошли от латинских названий дней недели.",фейк,62,Слоги взяты из начала строк латинского гимна святому Иоанну. Их использовал средневековый теоретик Гвидо д’Ареццо; первый слог ut позже заменили на «до».
272,Повседневная жизнь,"Первым товаром, который отсканировали по штрих-коду в магазине, была пачка жевательной резинки.",факт,64,Это произошло в 1974 году в супермаркете в Огайо. Пачку жвачки Wrigley’s сегодня хранит Смитсоновский институт.
273,Экономика и деньги,Банкноты евро разных номиналов намеренно сделаны одного размера и почти неразличимы на ощупь.,фейк,44,"Размер банкнот евро растёт вместе с номиналом, а крупные цифры и рельефные элементы помогают людям с нарушениями зрения."
274,Сон,"В фазе быстрого сна, когда снятся самые яркие сны, большинство мышц тела временно парализовано.",факт,48,"Этот механизм не даёт нам разыгрывать сновидения наяву. Работать продолжают дыхательные мышцы и мышцы глаз, которые в этой фазе совершают быстрые движения, — отсюда второе название, БДГ-сон."
275,История медицины,"Лондонскую вспышку холеры 1854 года остановили, когда врач Джон Сноу доказал, что её разносят крысы.",фейк,54,"Сноу нанёс случаи болезни на карту и показал, что они сосредоточены вокруг водоразборной колонки на Брод-стрит. После того как с колонки сняли рукоятку, новых заражений в округе стало меньше."
276,Новое время,"Колумб доказал, что Земля круглая, вопреки мнению учёных своего времени.",фейк,64,"Шарообразность Земли была известна образованным европейцам со времён античности. Спор шёл о её размерах: Колумб сильно преуменьшал расстояние до Азии, и его критики были правы."
277,Эволюция,"Крокодилы приходятся птицам более близкой роднёй, чем ящерицам и змеям.",факт,70,"Крокодилы и птицы — единственные ныне живущие архозавры. У них похожее четырёхкамерное сердце, и крокодилы тоже строят гнёзда и заботятся о потомстве."
278,Психология,"Утверждение, которое человек слышал несколько раз, кажется ему правдоподобнее, даже если оно ложное.",факт,52,"Это «эффект иллюзии правды»: знакомый текст легче обрабатывается, и мозг принимает лёгкость за признак истинности. Эффект проявляется даже тогда, когда человек знает правильный ответ."
279,Повседневная жизнь,Проглоченная жвачка не переваривается и остаётся в желудке человека около семи лет.,фейк,22,"Жевательная основа не переваривается, но выходит из организма вместе с остальным содержимым кишечника за несколько дней."
280,Эволюция,"Человек произошёл от современных шимпанзе, часть которых со временем превратилась в людей.",фейк,30,"Люди и шимпанзе — ветви, разошедшиеся от общего предка примерно 6–7 миллионов лет назад. Шимпанзе всё это время тоже эволюционировали."
281,Морская жизнь,Морские звёзды могут выворачивать желудок наружу и переваривать добычу вне своего тела.,факт,48,"Так они поедают, например, мидий: раздвигают створки раковины и просовывают желудок в узкую щель. Переварив мягкие ткани, звезда втягивает желудок обратно."
282,Грибы и микробы,"По эволюционному родству грибы стоят ближе к животным, чем к растениям.",факт,58,"Грибы и животные принадлежат к общей группе опистоконтов. Как и животные, грибы питаются готовыми органическими веществами и запасают углеводы в виде гликогена, а их клеточные стенки содержат хитин."
283,Искусство,Знаменитую скульптуру «Мыслитель» Огюст Роден изначально задумывал как портрет Сократа.,фейк,74,"Фигура создавалась для композиции «Врата ада» по мотивам «Божественной комедии» и изначально изображала Данте, размышляющего над своей поэмой."
284,Генетика,"Около восьми процентов генома человека составляют остатки древних вирусов, встроившихся в ДНК наших предков.",факт,86,"Это эндогенные ретровирусы. Некоторые их гены пригодились: например, белок синцитин вирусного происхождения нужен для формирования плаценты."
285,Астрономия,"Средняя плотность Сатурна меньше плотности воды, хотя это вторая по величине планета Солнечной системы.",факт,35,"Сатурн состоит в основном из водорода и гелия, его средняя плотность около 0,69 г/см³. Образ «Сатурн поплыл бы в ванне» условен: твёрдой поверхности у планеты нет, а такой ванны не существует."
286,Кибербезопасность,"Второй фактор в виде одноразового кода из SMS мошенники не могут ни перехватить, ни выманить.",фейк,42,"Злоумышленники перехватывают SMS, например, выпустив дубликат SIM-карты на имя жертвы, а чаще просто выманивают код по телефону. Приложения-аутентификаторы и аппаратные ключи надёжнее."
287,Геология,"Континенты смещаются примерно с той же скоростью, с какой растут ногти.",факт,32,"Литосферные плиты движутся на несколько сантиметров в год. За миллионы лет этого хватает, чтобы открывать и закрывать целые океаны."
288,Вулканы,В 1943 году в Мексике новый вулкан начал расти прямо на кукурузном поле и за год поднялся на сотни метров.,факт,68,"Вулкан Парикутин появился на глазах у крестьянина, работавшего на поле. Извержение длилось девять лет, а лава похоронила две деревни."
289,Средневековье,Викинги побывали в Северной Америке за полтысячелетия до плавания Колумба.,факт,28,"Их поселение раскопали на Ньюфаундленде, в Л’Анс-о-Медоуз. Анализ срезов древесины показал, что в 1021 году там рубили деревья металлическими инструментами."
290,Авиация,"Подъёмная сила возникает потому, что воздух над крылом обязан встретиться у задней кромки с воздухом, прошедшим под крылом.",фейк,88,"Никакого «обязательного свидания» нет: в опытах воздух над крылом приходит к задней кромке заметно раньше. Подъёмную силу создаёт разница давлений из-за того, что крыло отклоняет поток вниз."
291,Сон,Без солнечного света и часов внутренний суточный ритм большинства людей длится чуть больше 24 часов.,факт,70,"Биологические часы не идеальны, и свет каждый день их «подводит». В лабораторных условиях средний период оказался около 24 часов 10 минут."
292,История медицины,"Задолго до вакцины Дженнера от оспы защищались, намеренно заражая здоровых людей материалом из оспин больного.",факт,64,"Этот метод — вариоляция — применяли в Китае, Индии, Африке и Османской империи. Болезнь обычно протекала легче природной, но иногда была смертельной, поэтому вакцинация коровьей оспой стала огромным шагом вперёд."
293,Растения,"Почти всю свою массу дерево получает из почвы, всасывая вещества корнями.",фейк,88,"Основная часть сухой массы растения — углерод, который поступает из углекислого газа воздуха. Ещё в XVII веке ван Гельмонт заметил, что выросшая ива весит на десятки килограммов больше, а масса почвы почти не изменилась."
294,Математика,"Сумма углов треугольника, нарисованного на поверхности глобуса, равна 180 градусам, как и на листе бумаги.",фейк,68,"На сфере сумма углов треугольника больше 180 градусов. Треугольник с вершинами на полюсе и в двух точках экватора, разнесённых на четверть окружности, имеет три прямых угла — всего 270."
295,Космонавтика,"Первыми живыми существами, облетевшими Луну и вернувшимися на Землю, стали две черепахи.",факт,88,В сентябре 1968 года советский «Зонд-5» с двумя среднеазиатскими черепахами облетел Луну и приводнился в Индийском океане. Это произошло за три месяца до облёта Луны экипажем «Аполлона-8».
296,Океанология,"Не менее половины кислорода, который производят фотосинтезирующие организмы Земли, дают микроскопические обитатели океана.",факт,62,"Фитопланктон — водоросли и цианобактерии — обеспечивает, по оценкам, от половины до четырёх пятых производства кислорода. Одна цианобактерия прохлорококк считается одним из самых многочисленных фотосинтезирующих организмов планеты."
297,Искусство,"Художники ещё в XIX веке пользовались коричневой краской, которую делали из растёртых египетских мумий.",факт,66,"Пигмент так и назывался — «мумия». Когда художники задумывались о его происхождении, некоторые отказывались от краски; её производство прекратилось в XX веке, когда мумии для этого кончились."
298,Средневековье,"Средняя продолжительность жизни около 30 лет означает, что большинство взрослых в Средние века умирали к тридцати годам.",фейк,72,"Низкое среднее значение объясняется огромной детской смертностью. Кто переживал детство, нередко доживал до 50–60 лет и дольше."
299,Архитектура,"Пизанская башня начала крениться ещё в XII веке, во время строительства.",факт,42,"Когда возвели три этажа, мягкий грунт под фундаментом осел. Стройка прерывалась почти на век, и верхние ярусы делали слегка изогнутыми, чтобы компенсировать наклон."
300,Растения,"Осенью листья желтеют потому, что их ткани обжигают первые ночные заморозки.",фейк,48,"Желтеют они и без заморозков: дерево разрушает хлорофилл и забирает ценные вещества. Жёлтые каротиноиды были в листе всё лето, их просто маскировал зелёный пигмент."
301,Экология,"Лемминги во время массовых миграций бросаются со скал в море, совершая коллективное самоубийство.",фейк,66,"Миф широко разошёлся благодаря документальному фильму Диснея 1958 года, где сцену инсценировали. Численность леммингов колеблется циклически, а при расселении часть зверьков может гибнуть случайно."
302,Музыка,"На терменвоксе играют, не прикасаясь к инструменту: звуком управляют движения рук в воздухе.",факт,30,"Музыкант двигает руками возле двух антенн: одна управляет высотой звука, другая громкостью. Инструмент изобрёл Лев Термен в 1920 году."
303,Новое время,Невыносимый запах Темзы летом 1858 года вынудил британский парламент срочно одобрить строительство современной канализации Лондона.,факт,66,Во время «Великого зловония» шторы в здании парламента пропитывали хлорной известью. Построенная затем система инженера Джозефа Базалгетта работает до сих пор.
304,Археология,"На стенах Помпей сохранились тысячи надписей-граффити, включая предвыборные лозунги, объявления и шутки.",факт,40,"Жители писали на стенах всё подряд: рекламу, признания в любви, оскорбления и ставки гладиаторов. Эти надписи — редкий источник живой разговорной латыни."
305,Письменность,"Большинство китайских иероглифов — это упрощённые рисунки тех предметов, которые они обозначают.",фейк,72,"Пиктограммы составляют лишь малую часть иероглифов. Большинство — фоносемантические знаки, где одна часть намекает на смысл, а другая на произношение."
306,Изобретения,"Сахарин открыли, когда химик сел ужинать, не вымыв руки после работы в лаборатории.",факт,64,"В 1879 году Константин Фальберг заметил сладкий вкус на хлебе и понял, что вещество осталось на пальцах после опытов с производными каменноугольной смолы."
307,Климат и погода,В сильный мороз выплеснутый в воздух кипяток мгновенно превращается в облако ледяных кристаллов.,факт,46,"Горячая вода разбивается на мелкие капли и быстро испаряется, а пар тут же замерзает. Опыт удаётся примерно при −30 °C и ниже, и обжечься кипятком при этом вполне можно."
308,Птицы,"Если прикоснуться к птенцу, родители почуют запах человека и бросят гнездо.",фейк,40,Большинство птиц плохо различают запахи и не покидают птенцов из-за прикосновения. Выпавшего оперившегося птенца лучше не трогать: родители обычно кормят его на земле.
309,Транспорт,"Трамвай появился как усовершенствованный троллейбус, которому добавили рельсы для большей устойчивости.",фейк,62,"Конка — трамвай на конной тяге — появилась ещё в начале XIX века, а электрический трамвай Сименс запустил в 1881 году. Свой первый троллейбус тот же Сименс показал лишь в 1882 году."
310,Средневековье,"В средневековой Европе проводились судебные процессы над животными, например над свиньями, убившими ребёнка.",факт,66,"Животным назначали защитников, а приговоры фиксировали в документах. Известны также церковные процессы против насекомых-вредителей."
311,Млекопитающие,"Кожа бегемота выделяет красноватую жидкость, которая защищает её от солнца и бактерий.",факт,66,"Этот секрет называют «кровавым потом», хотя к крови он отношения не имеет. Его пигменты поглощают ультрафиолет и подавляют рост некоторых бактерий."
312,Мозг и восприятие,"Мозг хранит воспоминания как точные записи, которые при каждом воспроизведении остаются неизменными.",фейк,45,"Воспоминание каждый раз реконструируется и может меняться: добавляются детали, смещаются акценты. Поэтому уверенные очевидцы нередко искренне ошибаются."
313,Анатомия,После смерти волосы и ногти ещё несколько дней продолжают расти.,фейк,62,"Для роста нужны деление клеток и приток глюкозы, которые вскоре после смерти прекращаются. Иллюзия возникает потому, что кожа высыхает и оттягивается."
314,Медицина,"Аспирин получают химической переделкой вещества, родственного соединению из коры ивы.",факт,30,"Отвары ивовой коры применяли от боли и жара ещё в древности. Ацетилсалициловую кислоту, более мягкую для желудка, стали выпускать как лекарство в конце XIX века."
315,Геология,"Самые древние известные минералы Земли — кристаллы циркона из Австралии возрастом около 4,4 миллиарда лет.",факт,78,"Их нашли в горах Джек-Хиллс. Состав этих цирконов намекает, что жидкая вода на поверхности Земли могла существовать уже вскоре после образования планеты."
316,Спорт и игры,"Прообраз «Монополии» придумала женщина, чтобы показать вред монополий и земельной ренты.",факт,72,"Элизабет Мэги запатентовала The Landlord’s Game в 1904 году. Позже игру переработали и выпустили как «Монополию», а её вклад долго оставался незамеченным."
317,Насекомые,"Кровь пьют комары обоих полов, и без неё не выживают ни самцы, ни самки.",фейк,36,Кровь пьют только самки — белок нужен им для созревания яиц. Основная пища комаров обоего пола — нектар и другие сахаристые соки.
318,Грибы и микробы,"Заплесневевший хлеб безопасно есть, если аккуратно срезать видимое пятно плесени с запасом.",фейк,45,Плесень пронизывает мягкий хлеб невидимыми нитями далеко за пределами пятна. Такой хлеб рекомендуют выбросить; срезать плесень допустимо лишь с твёрдых продуктов вроде твёрдого сыра.
319,Языки,Жители испанского острова Гомера умеют передавать фразы свистом на расстояние в несколько километров.,факт,64,"Свистовой язык сильбо передаёт испанскую речь изменением высоты и длительности свиста. Его преподают в местных школах, а ЮНЕСКО включила его в список нематериального наследия."
320,Птицы,«Птичье молоко» существует лишь как выражение: птицы не выкармливают птенцов выделениями собственного организма.,фейк,86,"Голуби, фламинго и императорские пингвины выкармливают птенцов особым секретом, который иногда называют зобным молоком. У голубей его вырабатывают и самцы, и самки."
321,Археология,"К моменту открытия гробницу Тутанхамона давно опустошили грабители, и сокровища пришлось разыскивать у коллекционеров.",фейк,40,"В 1922 году Говард Картер нашёл гробницу почти нетронутой: в ней было более пяти тысяч предметов. Грабители проникали туда в древности, но похитили немногое."
322,Искусственный интеллект,"Тест Тьюринга определяет, есть ли у машины сознание, путём измерения её вычислительной мощности.",фейк,40,"Тьюринг предложил «игру в имитацию»: судья переписывается с человеком и машиной и пытается их различить. Тест проверяет поведение в разговоре, а не сознание и не мощность."
323,Медицина,"Тоник светится голубым в ультрафиолете из-за хинина — вещества, веками применявшегося против малярии.",факт,58,"Хинин получают из коры хинного дерева, и он флуоресцирует. Британские колонисты добавляли горький хининовый тоник в джин, отчего и появился коктейль джин-тоник."
324,Генетика,"Если вытянуть в одну нить ДНК из одной клетки человека, её длина составит около двух метров.",факт,54,"В ядре диаметром в несколько микрометров ДНК плотно намотана на белки-гистоны. ДНК всех клеток одного человека хватило бы, чтобы многократно дотянуться до Солнца."
325,Растения,Возраст некоторых ныне живущих остистых сосен в горах Калифорнии превышает четыре тысячи лет.,факт,44,"Это одни из самых старых известных отдельных деревьев. Такие сосны растут в суровых условиях медленно, их плотная смолистая древесина хорошо сопротивляется гниению и вредителям."
326,Морская жизнь,"Акулы не болеют раком, и препараты из акульего хряща помогают бороться с опухолями.",фейк,64,"У акул находили опухоли, в том числе злокачественные. Клинические испытания препаратов из акульего хряща не показали пользы для онкологических больных."
327,Климат и погода,"Падающая крупная капля дождя похожа не на слезинку, а на булочку, потому что встречный воздух сплющивает её снизу.",факт,62,"Маленькие капли почти сферические, а крупные уплощаются сопротивлением воздуха. Самые большие капли сплющиваются настолько, что разрываются на мелкие."
328,Транспорт,"Первый уличный светофор, установленный в Лондоне в 1868 году, работал на газе и вскоре взорвался.",факт,66,"Семафор с газовыми фонарями переключал полицейский. Через несколько недель утечка газа привела к взрыву, и от проекта отказались на десятилетия."
329,Экономика и деньги,Знак доллара $ возник из наложенных друг на друга букв U и S.,фейк,86,"Знак появился раньше, чем Соединённые Штаты. Большинство историков выводит его из сокращения «ps» для испанского песо, которое было в ходу в колониальной Америке."
330,География,"Амазонка впадает в Тихий океан, прорезая Анды глубоким ущельем на пути к побережью.",фейк,26,"Амазонка впадает в Атлантику. Любопытно, что до поднятия Анд реки этого бассейна, по данным геологов, текли на запад."
331,Птицы,В летящем клине гусей или журавлей вожак остаётся одним и тем же на протяжении всего перелёта.,фейк,70,"Вожаку тяжелее всех, поэтому птицы меняются местами. Исследование лысых ибисов с GPS-датчиками показало, что птицы ведут клин по очереди, почти поровну."
332,Физика,"Если сжать всех людей Земли до плотности атомного ядра, их общий объём был бы сравним с кусочком сахара.",факт,72,"Почти весь объём атома — пустота вокруг крошечного ядра. Ядерное вещество имеет плотность около 2×10¹⁷ кг/м³, так что восемь миллиардов человек заняли бы лишь несколько кубических сантиметров."
333,Новое время,При переходе на григорианский календарь в Британии после 2 сентября 1752 года сразу наступило 14 сентября.,факт,62,"Чтобы исправить накопившееся расхождение юлианского календаря с солнечным годом, одиннадцать дней просто пропустили. Россия сделала подобный шаг только в 1918 году."
334,Искусственный интеллект,"Искусственные нейросети назвали так потому, что первые из них выращивали из культур живых нейронов.",фейк,58,"Название отражает лишь вдохновение биологией: в 1943 году Маккаллок и Питтс описали математическую модель нейрона. Искусственные нейросети — это вычисления, а не живая ткань."
335,Океанология,"Первое погружение людей на дно Марианской впадины состоялось раньше, чем высадка человека на Луну.",факт,70,В январе 1960 года Жак Пикар и Дон Уолш опустились на дно впадины Челленджер в батискафе «Триест». До высадки «Аполлона-11» оставалось девять лет.
336,Авиация,Содержимое туалетов авиалайнера сбрасывают наружу прямо во время полёта над малонаселёнными районами.,фейк,45,"Отходы собираются в герметичный бак и откачиваются на земле специальной машиной. Редкие случаи падения «голубого льда» связаны с протечками, а не со сбросом."
337,Птицы,"Фламинго розовые потому, что получают пигменты из пищи, а их птенцы вылупляются серыми.",факт,25,Розовый цвет дают каротиноиды из водорослей и мелких рачков. В неволе без подходящего корма перья фламинго со временем бледнеют.
338,Вулканы,"При большинстве извержений главную угрозу для людей несёт лава, от потоков которой трудно убежать.",фейк,58,"Большинство лавовых потоков движется со скоростью пешехода или медленнее. Гораздо опаснее пирокластические потоки, пепел, газы и грязевые потоки — лахары."
339,Инженерия,Строители египетских пирамид в Гизе обтёсывали каменные блоки железными зубилами.,фейк,52,"В Древнем царстве египтяне пользовались медными инструментами, каменными молотами и абразивным песком. Железо широко распространилось в Египте почти на две тысячи лет позже."
340,Климат и погода,Ураганы в Северном и Южном полушариях закручиваются в одну и ту же сторону.,фейк,34,"Из-за силы Кориолиса циклоны в Северном полушарии вращаются против часовой стрелки, а в Южном — по часовой. Вблизи экватора ураганы почти не зарождаются."
341,Интернет,Одна из систем «капчи» при вводе искажённых слов попутно помогала оцифровывать старые книги и газеты.,факт,64,"reCAPTCHA показывала слова, которые не смогли распознать программы, и пользователи расшифровывали их. Так были оцифрованы, например, архивы газеты New York Times."
342,Мозг и восприятие,"Левши лучше справляются с творческими задачами, потому что у них главенствует правое, «творческое» полушарие.",фейк,44,Деление полушарий на «логическое» и «творческое» — сильное упрощение: сложные задачи задействуют оба. Исследования не нашли у левшей устойчивого преимущества в креативности.
343,Археология,"На теле Эци — ледяного человека, умершего около 5300 лет назад в Альпах, — насчитали более шестидесяти татуировок.",факт,62,"Татуировки из линий и крестиков расположены в основном на суставах и пояснице. Возможно, их наносили с лечебной целью — там, где у Эци были признаки износа суставов."
344,XX век,"Во время Второй мировой войны британцы распространяли байку о том, что ночные лётчики хорошо видят благодаря моркови.",факт,56,"Так скрывали главное — бортовые радары. Байка прижилась, а морковь действительно содержит бета-каротин, из которого образуется витамин A, нужный для зрения, но ночного зрения сверх нормы она не даёт."
345,Космонавтика,"В условиях невесомости пламя обычной свечи становится почти шарообразным, тусклым и голубоватым.",факт,60,"На Земле нагретый газ поднимается вверх и вытягивает пламя в «язычок». Без конвекции кислород подходит к фитилю только за счёт диффузии, и пламя становится круглым и тусклым."
346,Геология,"Сталактит толщиной с руку может образоваться за одну-две зимы, если в пещеру просачивается талая вода.",фейк,55,"Натёчные образования растут очень медленно — обычно на доли миллиметра в год. Крупные сталактиты формируются тысячелетиями, поэтому их называют хрониками климата прошлого."
347,Языки,"Английское слово nice, означающее «милый», когда-то значило «глупый» или «невежественный».",факт,86,"Оно восходит к латинскому nescius — «незнающий». За столетия значение несколько раз менялось — «застенчивый», «привередливый», «точный» — пока не стало «приятным»."
348,Изобретения,Пузырчатую упаковочную плёнку изобретатели сначала пытались продавать как рельефные обои для стен.,факт,72,"В 1957 году два инженера склеили две пластиковые плёнки с воздушными пузырями, но обои не пошли. Позже плёнку предложили как упаковку — в том числе для первых компьютеров IBM."
349,Астрономия,"Энергия, рождённая в ядре Солнца, добирается до его поверхности намного дольше, чем свет летит от Солнца до Земли.",факт,68,"В плотных недрах фотоны постоянно поглощаются и переизлучаются, и путь энергии наружу занимает, по разным оценкам, десятки или сотни тысяч лет. До Земли же свет долетает примерно за 8 минут 20 секунд."
350,Вулканы,"Вулканы возникают на стыках литосферных плит, а вдали от их границ магме неоткуда подниматься к поверхности.",фейк,54,"Существуют горячие точки внутри плит — например, Гавайи, стоящие посреди Тихоокеанской плиты. Над неподвижным источником плита смещается, и острова выстраиваются цепочкой."
351,Архитектура,"Тадж-Махал сначала строили как дворец для правителя, а гробницей он стал позже.",фейк,45,"Тадж-Махал с самого начала задумывался как мавзолей. Император Шах-Джахан возвёл его в память о жене Мумтаз-Махал, умершей в 1631 году."
352,Химия,"Жидкий гелий, охлаждённый почти до абсолютного нуля, может сам подниматься по стенкам сосуда и перетекать через край.",факт,80,"Ниже примерно 2,17 К гелий-4 становится сверхтекучим и теряет вязкость. Тончайшая плёнка ползёт по стенкам, и открытый сосуд постепенно опустевает."
353,Психология,"Большинство людей — выраженные визуалы или аудиалы, и обучение в «своём» стиле заметно улучшает их результаты.",фейк,72,"Люди действительно заявляют о предпочтениях, но контролируемые исследования не нашли, что подгонка обучения под «стиль» улучшает усвоение. Эффективнее подбирать способ подачи под сам материал."
354,Еда и кулинария,"Ваниль, которой ароматизируют сладости, — это ферментированные стручки тропической орхидеи.",факт,30,"Цветки ванильной орхидеи на плантациях опыляют вручную. Стручки затем неделями выдерживают и сушат, поэтому натуральная ваниль — одна из самых дорогих пряностей."
355,Искусство,"Слово «импрессионисты» придумал восторженный критик, желавший похвалить выставку молодых художников.",фейк,58,"Критик Луи Леруа в 1874 году высмеял выставку, обыграв название картины Моне «Впечатление. Восходящее солнце». Художники подхватили насмешливое прозвище и сделали его своим знаменем."
356,Вулканы,При мощных извержениях внутри облака вулканического пепла часто сверкают молнии.,факт,30,"Частицы пепла и льда сталкиваются и электризуются, как в грозовой туче. Вулканические молнии фиксировали, например, при извержениях в Исландии, Чили и Японии."
357,XX век,"В 1940 году Исландию оккупировали германские войска, превратив остров в базу подводных лодок.",фейк,72,"В 1940 году Исландию заняли британцы, опасаясь немецкой высадки, а затем их сменили американцы. Страна стала важной базой для конвоев в Атлантике."
358,Языки,Русское слово «вокзал» связывают с названием лондонского увеселительного сада Воксхолл.,факт,66,"В XIX веке в Павловске рядом с железнодорожной станцией построили музыкальный зал, названный по образцу английского увеселительного сада. Позже слово перешло на здания вокзалов."
359,Древний мир,"Древние греки создали механическое устройство с бронзовыми шестернями для расчёта движения Солнца, Луны и предсказания затмений.",факт,70,"Антикитерский механизм нашли на затонувшем корабле в 1901 году. Томографические исследования показали десятки зубчатых колёс, и подобной сложности устройства не известны ещё более тысячи лет."
360,Физика,"Микроволновая печь прогревает еду от середины к краям, и центр блюда нагревается первым.",фейк,52,Микроволны проникают в пищу лишь на несколько сантиметров и греют прежде всего внешние слои. Середина толстого куска прогревается за счёт теплопроводности — отсюда холодный центр у разогретой запеканки.
361,Древний мир,"Пурпурную краску в Древнем Риме получали из цветков лаванды, и стоила она сравнительно дёшево.",фейк,44,"Пурпур добывали из морских моллюсков-иглянок, и для грамма краски требовались тысячи раковин. Поэтому пурпур был символом власти, а его ношение ограничивали законами."
362,Физика,"Коньки скользят по льду в первую очередь потому, что давление лезвия плавит лёд под ним.",фейк,88,"Давление лезвия снижает температуру плавления льда лишь незначительно, а кататься можно и при −20 °C. Скольжение обеспечивают тонкий квазижидкий слой на поверхности льда и нагрев от трения."
363,Астрономия,"Галактика Андромеды занимает на небе полосу в несколько раз шире полной Луны, но глазом заметно только её яркое ядро.",факт,73,"Видимый диск Андромеды простирается примерно на 3 градуса, а Луна — около половины градуса. Слабые внешние области проявляются лишь на снимках с длинной выдержкой."
364,Новое время,Осуждённых за колдовство в Салеме в 1692 году сжигали на кострах.,фейк,72,"В Салеме казнили через повешение девятнадцать человек, ещё одного мужчину раздавили камнями, пытаясь добиться признания. Сожжение применяли в Европе, но не в английских колониях."
365,Математика,"В группе всего из 23 человек вероятность того, что у кого-то совпадут дни рождения, больше половины.",факт,66,"Это «парадокс дней рождения»: сравнивается не один человек со всеми, а все возможные пары, а их в группе из 23 человек 253. Для 70 человек вероятность превышает 99,9 процента."
366,Генетика,"Родные братья и сёстры, если они не однояйцевые близнецы, делят между собой ровно половину унаследованных от родителей вариантов генов.",фейк,88,"50% — лишь среднее значение. Из-за случайного перераспределения участков хромосом при образовании половых клеток реальная доля общих вариантов у разных пар братьев и сестёр колеблется примерно от 37 до 62%, что показали прямые измерения ДНК."
367,Морская жизнь,"Удар рака-богомола так быстр, что в воде возникают пузырьки кавитации, которые при схлопывании дают слабую вспышку света.",факт,88,Ударные конечности разгоняются за доли миллисекунды. Схлопывающиеся пузырьки наносят добыче второй удар и светятся — это явление называют сонолюминесценцией.
368,Геология,"Природные алмазы образуются из каменного угля, спрессованного в глубоких угольных пластах.",фейк,74,"Большинство природных алмазов возникло в мантии на глубине более 150 км и намного древнее первых наземных растений, из которых образовался уголь. На поверхность их вынесли извержения особых вулканов."
369,Искусственный интеллект,Три закона робототехники Айзека Азимова закреплены в международном законодательстве об искусственном интеллекте.,фейк,28,"Законы робототехники — литературный приём, впервые целиком сформулированный в рассказе 1942 года. Правовые акты об ИИ опираются на совсем другие принципы, например оценку рисков."
370,Инженерия,"Чтобы гасить раскачивание от ветра и землетрясений, в небоскрёбе Тайбэй 101 подвесили стальной шар массой более 600 тонн.",факт,54,"Маятник висит между верхними этажами и раскачивается в противофазе к зданию, поглощая энергию колебаний. Его можно увидеть с обзорной площадки."
371,Космонавтика,Советский «Луноход-1» доставил на Землю несколько килограммов лунного грунта в возвращаемой капсуле.,фейк,72,"«Луноход-1» был самоходной лабораторией и остался на Луне. Грунт привезли другие аппараты — «Луна-16», «Луна-20» и «Луна-24», и в сумме это около 330 граммов."
372,Языки,"Эсперанто — родной язык примерно двух миллионов человек, выросших в семьях эсперантистов.",фейк,56,"Людей, для которых эсперанто родной с детства, по оценкам, лишь около тысячи или пары тысяч. Два миллиона — это одна из оценок числа всех, кто им владеет в той или иной мере."
373,Кино,Фильмы в кинотеатрах обычно показывают со скоростью около 60 кадров в секунду — при меньшей частоте глаз различил бы отдельные картинки.,фейк,50,"Стандарт кинопроката — 24 кадра в секунду, установившийся с приходом звукового кино. Плавность обеспечивают инерция зрения и затвор проектора, который показывает каждый кадр дважды или трижды."
374,Спорт и игры,У кубика Рубика есть предел: из любого перемешанного положения его можно собрать не более чем за 20 поворотов граней.,факт,88,"Это «число Бога», доказанное в 2010 году с помощью огромных компьютерных вычислений. Всего у кубика около 43 квинтиллионов состояний."
375,Древний мир,"В древнеримских общественных туалетах люди сидели рядом, без перегородок между местами.",факт,30,"Такие латрины были местом общения. Вместо туалетной бумаги использовали губку на палке, которую полоскали в канавке с водой."
376,Млекопитающие,Голый землекоп способен около 18 минут выжить совсем без кислорода.,факт,86,"В опытах 2017 года эти подземные грызуны переживали полную бескислородную среду, переходя на обмен фруктозы. Человек теряет сознание уже через несколько десятков секунд."
377,Кибербезопасность,"Слово «хакер» изначально обозначало преступника, который взламывает телефонные и компьютерные сети.",фейк,66,"В 1950–1960-х годах в Массачусетском технологическом институте хакерами называли изобретательных энтузиастов, находящих остроумные решения. Криминальный оттенок слово приобрело позже."
378,Музыка,В слепых тестах профессиональные скрипачи не смогли надёжно отличить скрипки Страдивари от хороших современных инструментов.,факт,86,"В экспериментах 2012 и 2014 годов солисты играли в затемнённых очках. Чаще они даже выбирали новые скрипки как лучшие, а угадывали старинные не чаще случайности."
379,Повседневная жизнь,"Маленький кармашек внутри правого кармана джинсов появился потому, что в нём носили карманные часы.",факт,28,"Он появился на рабочих брюках Levi Strauss в конце XIX века. Сегодня в нём носят монеты, ключи или ничего."
380,Сон,Сильно невыспавшийся человек может на несколько секунд уснуть с открытыми глазами и не заметить этого.,факт,62,"Такие эпизоды называют микросном: мозг ненадолго «отключается», хотя человек сидит и смотрит перед собой. Именно они особенно опасны за рулём."
381,Астрономия,"Лето в Северном полушарии наступает, когда Земля проходит ближайшую к Солнцу точку своей орбиты.",фейк,62,"Ближе всего к Солнцу Земля бывает в начале января, в разгар северной зимы. Времена года определяет наклон земной оси, от которого зависят высота Солнца и длина дня."
382,Грибы и микробы,"В теле человека бактериальных клеток примерно в десять раз больше, чем собственных.",фейк,88,"Это соотношение — грубая оценка 1970-х годов. Расчёт 2016 года показал, что бактерий и клеток человека примерно поровну: около 38 и 30 триллионов."
383,Космонавтика,Великую Китайскую стену легко разглядеть невооружённым глазом с поверхности Луны.,фейк,26,"С Луны неразличимы отдельные постройки — стена слишком узкая. Даже с низкой орбиты её трудно заметить без оптики, о чём рассказывали сами космонавты и астронавты."
384,Авиация,«Чёрный ящик» самолёта на самом деле окрашен в ярко-оранжевый цвет.,факт,28,"Так бортовые самописцы легче найти среди обломков. Их делают выдерживающими огромные перегрузки, пожар и долгое пребывание под водой."
385,XX век,В 1932 году австралийские военные с пулемётами провели операцию против эму и не смогли добиться поставленной цели.,факт,62,"Тысячи эму разоряли посевы фермеров, и правительство направило солдат. Птицы оказались быстрыми и рассеивались под огнём, а операцию вскоре свернули."
386,Физика,"Радужные разводы на мыльном пузыре появляются потому, что толщина его плёнки сравнима с длиной волны света.",факт,46,"Свет отражается от внешней и внутренней поверхности плёнки, и волны усиливают или гасят друг друга в зависимости от толщины. Перед тем как лопнуть, плёнка становится настолько тонкой, что выглядит чёрной."
387,Медицина,Привычка часто хрустеть суставами пальцев с годами заметно повышает риск артрита кистей.,фейк,62,"Исследования не нашли такой связи. Врач Дональд Унгер 60 лет хрустел пальцами только одной руки и не обнаружил разницы между руками, за что получил Шнобелевскую премию."
388,Млекопитающие,"У самок утконоса нет сосков: детёныши слизывают молоко, выступающее прямо на коже матери.",факт,55,"Молоко выделяется через поры на двух участках брюха. Это одна из черт, сближающих утконоса с древними предками млекопитающих, как и откладывание яиц."
389,Сон,Даже длинный по ощущениям сон на самом деле длится несколько секунд прямо перед пробуждением.,фейк,80,"В опытах, где людей будили через разное время после начала быстрого сна, продолжительность пересказанного сна соответствовала прошедшему времени. Сновидения длятся минутами."
390,Насекомые,По числу точек на спине божьей коровки можно узнать её возраст.,фейк,30,"Число пятен определяется видом, а не возрастом: у семиточечной их семь, у двухточечной — два. Взрослый жук после выхода из куколки новых пятен не приобретает."
391,Экология,Главная причина нынешнего глобального потепления — разрушение озонового слоя и озоновая дыра над Антарктидой.,фейк,52,"Это разные проблемы. Потепление вызывают в основном парниковые газы вроде CO₂, а озоновый слой разрушали фреоны, запрещённые Монреальским протоколом, и он постепенно восстанавливается."
392,Литература,"Французский писатель Жорж Перек написал роман длиной около трёхсот страниц, ни разу не употребив букву e.",факт,74,"Роман «Исчезание» 1969 года — липограмма, где отсутствие буквы обыграно в сюжете. Переводчики на другие языки тоже отказывались от самых частых букв; в русском переводе нет буквы «о»."
393,Психология,"Полиграф распознаёт ложь напрямую, улавливая особый физиологический сигнал, характерный для обмана.",фейк,40,"Полиграф регистрирует пульс, давление, дыхание и потоотделение — признаки волнения, а не лжи. Поэтому его точность спорна, и во многих странах его результаты не принимаются судом как доказательство."
394,Музыка,Частоту 440 Гц для ноты ля стандартизировали ещё во времена Баха.,фейк,72,"Во времена Баха строй сильно различался по городам, а высота ля нередко была заметно ниже. Международная договорённость о 440 Гц появилась в 1939 году."
395,Письменность,Египетские иероглифы расшифровал Наполеон во время своего похода в Египет.,фейк,30,"Во время похода французские солдаты нашли Розеттский камень, но расшифровал иероглифы Жан-Франсуа Шампольон в 1822 году."
396,Повседневная жизнь,"Отверстие в колпачке многих шариковых ручек нужно, чтобы через него можно было дышать, если колпачок проглотят.",факт,56,"Производители делают такие отверстия, чтобы снизить риск удушья у детей. Для колпачков, продаваемых в Европе, это закреплено в стандарте безопасности."
397,Экономика и деньги,"Бумага долларовых банкнот США состоит не из древесины, а из хлопка и льна.",факт,62,Смесь из трёх четвертей хлопка и четверти льна делает купюры прочными: они выдерживают стирку в кармане джинсов. Поэтому их и не называют бумажными в строгом смысле.
398,Вулканы,"Вулканы ежегодно выбрасывают в атмосферу примерно вдвое больше углекислого газа, чем промышленность и транспорт.",фейк,78,"Вулканы выбрасывают в среднем несколько сотен миллионов тонн CO₂ в год, а человечество — более 30 миллиардов тонн, то есть примерно в сто раз больше. Вулканические выбросы заметно влияют на климат в основном через аэрозоли серы, которые временно охлаждают планету."
399,Транспорт,"Электромобили появились лишь в XXI веке, когда изобрели литиевые аккумуляторы.",фейк,50,"Электромобили ездили ещё в XIX веке, а около 1900 года в США они составляли заметную долю автомобилей. Их вытеснили машины с бензиновым двигателем, у которых был больший запас хода."
400,Инженерия,"Мост Золотые Ворота в Сан-Франциско назвали так из-за золотистой краски, которой его покрыли при постройке.",фейк,62,"Название носит пролив, над которым стоит мост: Золотыми Воротами его назвали ещё в 1846 году, почти за столетие до строительства. Сам мост выкрашен в красно-оранжевый цвет, хорошо заметный в тумане."
